"Transaction Hash","Blockno","UnixTimestamp","DateTime (UTC+7)","From","To","TokenValue","USDValueDayOfTx","ContractAddress","TokenName","TokenSymbol"
"0xa1ee4109f8354cef23e81be68369693b2058929a5e3e9134c5362bb3a9ace8cc","15985072","1751305783","2025-07-01 00:49:43","0x0e15b938699c3c0dc1784313f3ecd1f3d290cd1a","0x2cfc85d8e48f8eab294be644d9e25c3030863003","0.010305","N/A","0xd469fda5d9522a093760902e9be51e0c5d822d26","ERC-20: Human Unique Bridge","HUB"
"0x48c4e870ee8796c78ad3e215623f3631d7bd6649b0cc14087514db5ebf2fe87a","15999505","1751334649","2025-07-01 08:50:49","0x6b19071dde5d06abbb9ea5b2ac59af822c503fb0","0x2cfc85d8e48f8eab294be644d9e25c3030863003","0.162306","$0.15","0x2cfc85d8e48f8eab294be644d9e25c3030863003","Worldcoin","WLD"
"0x8c1a231dead64e01c0607f4f52fc34f68bb82f633151d0bbe8d69b0db6af1093","16000808","1751337255","2025-07-01 09:34:15","0x4b9edc93437a82db88b3693af24b999397c27e9c","0x2cfc85d8e48f8eab294be644d9e25c3030863003","0","N/A","0xed614608d8239c8faeb869fa3e275498b302e58a","ERC-20: LuckyAxo","LAXO"
"0xa7fe0e16040a4f62ffff1ae4eae626b8c262fdf487e3fa62e3d175e4b261e690","16002097","1751339833","2025-07-01 10:17:13","0x7695b365463a08110ab19c4a7b095d94e79c89b4","0x2cfc85d8e48f8eab294be644d9e25c3030863003","2.7","$2.44","0x2cfc85d8e48f8eab294be644d9e25c3030863003","Worldcoin","WLD"
"0x752b8cec42b68ce9b68437a1c909692c7959f312866dbf53050a82d503826bd2","16003650","1751342939","2025-07-01 11:08:59","0xab1c2d4408cb0f7d2d9425440ce5021ac0136217","0x2cfc85d8e48f8eab294be644d9e25c3030863003","2.741285","$2.47","0x2cfc85d8e48f8eab294be644d9e25c3030863003","Worldcoin","WLD"
"0xca08e5274f062211f7e9746fef80fbcdabe2d80eba096dc8697c4f8e1383e682","16013879","1751363397","2025-07-01 16:49:57","0x43222f934ea5c593a060a6d46772fdbdc2e2cff0","0x2cfc85d8e48f8eab294be644d9e25c3030863003","4.77769","$4.78","0x79a02482a880bce3f13e09da970dc34db4cd24d1","USDC","USDC"
"0x932139ad38025afcf0c810c2c42a78821008240f95e6b7b1b39e876893b8476b","16021877","1751379393","2025-07-01 21:16:33","0xf70b2abe51978798831de1cc32f2891adf158094","0x2cfc85d8e48f8eab294be644d9e25c3030863003","11.803134","$10.65","0x2cfc85d8e48f8eab294be644d9e25c3030863003","Worldcoin","WLD"
"0xb15e65c598300f7fe1493361ea27752355b7dc782db209efa3da29aec6a04d19","16030555","1751396749","2025-07-02 02:05:49","0x10d8c3636117f7e55e8a368b6dbca4ecdeb55f43","0x2cfc85d8e48f8eab294be644d9e25c3030863003","0.000002656671383681","N/A","0xcd1e32b86953d79a6ac58e813d2ea7a1790cab63","ERC-20: ORO","ORO"
"0x2fb2a52a38886f1178f913a5b32cdfbcd645c900647f511b2785321ada165c90","16037596","1751410831","2025-07-02 06:00:31","0xa8385f4c2369a947c1d05b58e31a53d850c8869f","0x2cfc85d8e48f8eab294be644d9e25c3030863003","227.5207157097295521","N/A","0xed49fe44fd4249a09843c2ba4bba7e50beca7113","DNAToken","DNA"
"0x1292b099a955f087596d74599986283b8b898168a3c96758321441d55fe6b5f0","16047139","1751429917","2025-07-02 11:18:37","0x43222f934ea5c593a060a6d46772fdbdc2e2cff0","0x2cfc85d8e48f8eab294be644d9e25c3030863003","2.73269","$2.33","0x2cfc85d8e48f8eab294be644d9e25c3030863003","Worldcoin","WLD"
"0x882aa62eff01d21928694108cec9e3a44384f37b13a1634974676f3be34ebc6a","16061273","1751458185","2025-07-02 19:09:45","0x17d7ea5e3ba85e3f7bca3356ddfb3fc00505e0cc","0x2cfc85d8e48f8eab294be644d9e25c3030863003","0.00000017","$0.02","0x03c7054bcb39f7b2e5b2c7acb37583e32d70cfa3","Wrapped BTC","WBTC"
"0xe114875e0ac7747a00a03d7762fe018c2a3ed3dd13e668a03164b970958f1fb7","16061741","1751459121","2025-07-02 19:25:21","0xeedfc77e0fe015589765f21d2e7aa4bc59c76a33","0x2cfc85d8e48f8eab294be644d9e25c3030863003","5.54254","$4.72","0x2cfc85d8e48f8eab294be644d9e25c3030863003","Worldcoin","WLD"
"0xd31616aaeff168f654f678d653fd04772ad45138a0888bb23d4503e816bab9c8","16066881","1751469401","2025-07-02 22:16:41","0xffb265dd5c1c451a400efe4b7c0d441ba785c95d","0x2cfc85d8e48f8eab294be644d9e25c3030863003","240.170233735580732916","N/A","0xed49fe44fd4249a09843c2ba4bba7e50beca7113","DNAToken","DNA"
"0xa6f554fadebeb01470bb010d3ea1afdde2073cfc3f2643ee621d9a7ad2d6c82b","16067235","1751470109","2025-07-02 22:28:29","0x43222f934ea5c593a060a6d46772fdbdc2e2cff0","0x2cfc85d8e48f8eab294be644d9e25c3030863003","1","$0.85","0x2cfc85d8e48f8eab294be644d9e25c3030863003","Worldcoin","WLD"
"0x61d25e4feacfc48f8fb7221c333626fee70ec5218cee3abac991158edf997649","16067775","1751471189","2025-07-02 22:46:29","0x188ab1cd89ce7a2db0f58af081e4cfa6de3e4a6e","0x2cfc85d8e48f8eab294be644d9e25c3030863003","122.989529226897143447","N/A","0xed49fe44fd4249a09843c2ba4bba7e50beca7113","DNAToken","DNA"
"0xb4d3cc4795147d15000367ae03281253d6a42f61b0e46375c22de2bdb01c3123","16069815","1751475269","2025-07-02 23:54:29","0x50f6ae145925096d92bea97359b007ec1694c762","0x2cfc85d8e48f8eab294be644d9e25c3030863003","100,000","N/A","0xbe6867568e8e95b3eb5a8dcaa918d4504ce9c0d2","ERC-20: Pepe Coin","PEPE"
"0x034ebbaf464b20596ab5376cb416a6eca1d9128070ae92b08c6731afc58cfe4e","16071467","1751478573","2025-07-03 00:49:33","0x363b370d6de8905df56e2d0f3987ba4c31369791","0x2cfc85d8e48f8eab294be644d9e25c3030863003","2.875064","$2.45","0x2cfc85d8e48f8eab294be644d9e25c3030863003","Worldcoin","WLD"
"0x07aeb722b882cf41666f6b7796bd182a17058ffacff4a2fb9b7f7f20496ef524","16072321","1751480281","2025-07-03 01:18:01","0x7c44832808c8a7dfc24a526c106f19eecd13366f","0x2cfc85d8e48f8eab294be644d9e25c3030863003","8.42","$7.18","0x2cfc85d8e48f8eab294be644d9e25c3030863003","Worldcoin","WLD"
"0xb1078133d7e0fba3535c0a1dac6578e21831d45ecbf67fc39222bc7e96acc325","16072442","1751480523","2025-07-03 01:22:03","0xcb58ed66bc528c84cf267233973b08b1fd0ee129","0x2cfc85d8e48f8eab294be644d9e25c3030863003","0.000010064573123273","N/A","0x9b8df6e244526ab5f6e6400d331db28c8fdddb55","ERC-20: Solana (Universal)","uSOL"
"0x10ba3fa4e377500736f109de0d413a90d74cfdba8459460cb9dac2ce88854664","16075034","1751485707","2025-07-03 02:48:27","0xcb58ed66bc528c84cf267233973b08b1fd0ee129","0x2cfc85d8e48f8eab294be644d9e25c3030863003","0.160218272058790921","N/A","0xbd179ad384a11ac2162c0e808212ee3699d18447","ERC-20: Otterverse","OTTV"
"0x00ed3cae1053947fb7d31a935f83d908e5def746b5344cd609c02fa58525bf9f","16077895","1751491429","2025-07-03 04:23:49","0x6ef0b40ff9f18a01bb8c83cde9c71cbed17430b8","0x2cfc85d8e48f8eab294be644d9e25c3030863003","0.020795","$0.02","0x79a02482a880bce3f13e09da970dc34db4cd24d1","USDC","USDC"
"0x03273c98fc1e848248c0b2c441e50f229e794b12fd0b3f105626dfa2d4292179","16078008","1751491655","2025-07-03 04:27:35","0xbd7377b3a87d13db00ab6f1c656ee96b708afedb","0x2cfc85d8e48f8eab294be644d9e25c3030863003","38.906138015371196004","N/A","0xed49fe44fd4249a09843c2ba4bba7e50beca7113","DNAToken","DNA"
"0x3f3bd4b8fae6bb49e990a578244c3e46b4901ebdb3012e942c43d50d6b5da4f4","16078038","1751491715","2025-07-03 04:28:35","0xbd7377b3a87d13db00ab6f1c656ee96b708afedb","0x2cfc85d8e48f8eab294be644d9e25c3030863003","0.000403385492521103","N/A","0x12e96c2bfea6e835cf8dd38a5834fa61cf723736","ERC-20: Dogecoin (Universal)","uDOGE"
"0x307956c36edf5e2f99fb6e126829219ed9f810c59cb136fec2f44ca3c282f225","16088048","1751511735","2025-07-03 10:02:15","0xaa118379369feaa73dc680311063e28c532a404d","0x2cfc85d8e48f8eab294be644d9e25c3030863003","0.5","$0.48","0x2cfc85d8e48f8eab294be644d9e25c3030863003","Worldcoin","WLD"
"0xa94a378e3c78efa9ee893ad1fc9550ef1f59e5d589c0b5348dc14c47a1a121e0","16098850","1751533339","2025-07-03 16:02:19","0x7fa4c3388e99d8d5dc398794324ba7788f23ed41","0x2cfc85d8e48f8eab294be644d9e25c3030863003","2.7","$2.58","0x2cfc85d8e48f8eab294be644d9e25c3030863003","Worldcoin","WLD"
"0x3562cfe65740b17a4b555838f5d1c5675705b3f03ccbb60dc006a6aee7693f7b","16114267","1751564173","2025-07-04 00:36:13","0xa9c9305b8a85af39e7e198ccd868dffe92c60dfa","0x2cfc85d8e48f8eab294be644d9e25c3030863003","2.7","$2.58","0x2cfc85d8e48f8eab294be644d9e25c3030863003","Worldcoin","WLD"
"0xf15765bc0ff77fb15b32a62a5e058a28f3f7d51cd9ea9b3973d685c058fbba36","16114905","1751565449","2025-07-04 00:57:29","0x5f746d8b310764f50114faf87a88b29529d91f0e","0x2cfc85d8e48f8eab294be644d9e25c3030863003","1.66","N/A","0x0d07eae5672293430c3b335c2b2afe8f39be7bd7","ERC-20: GoldCoin","GOLD"
"0x175fc670428601aae485a296c72fc30b1ebb4a41f0745a64635f6b0c7caf80cc","16130853","1751597345","2025-07-04 09:49:05","0xcfe13abeac1e8331ea1c0bbc5aead857bd0d2b5e","0x2cfc85d8e48f8eab294be644d9e25c3030863003","0.568171","$0.54","0x2cfc85d8e48f8eab294be644d9e25c3030863003","Worldcoin","WLD"
"0x91aad0b874c1d9bc7013cf930fa6aec4cbc58df0f5a65eef7cd06244dcc4469b","16135542","1751606723","2025-07-04 12:25:23","0x7745748e050a38833d9cc3b1cc13fdc6e2055d7a","0x2cfc85d8e48f8eab294be644d9e25c3030863003","0","N/A","0x0d07eae5672293430c3b335c2b2afe8f39be7bd7","ERC-20: GoldCoin","GOLD"
"0x4c8095b49c7bec384101b2b2ecd5fae75e7bdffeb1f12766e76bdf8fbab258ed","16135555","1751606749","2025-07-04 12:25:49","0x7745748e050a38833d9cc3b1cc13fdc6e2055d7a","0x2cfc85d8e48f8eab294be644d9e25c3030863003","1.94","N/A","0x0d07eae5672293430c3b335c2b2afe8f39be7bd7","ERC-20: GoldCoin","GOLD"
"0x217fe0ed531e5721f1bff5259d456767aa1707621530fe4726859d18fbde7c49","16135604","1751606847","2025-07-04 12:27:27","0x7745748e050a38833d9cc3b1cc13fdc6e2055d7a","0x2cfc85d8e48f8eab294be644d9e25c3030863003","0","N/A","0xa29b7a179adc80d628cc5a7c7a181920c2325762","ERC-20: President Axo","POTAS"
"0xee928454cf285c4e7de4936d34ec20e025dda20c5bfae3269160671f659f1b87","16143739","1751623117","2025-07-04 16:58:37","0x99d3f4a8928a2559ad9f5e67d9836180a7e5e394","0x2cfc85d8e48f8eab294be644d9e25c3030863003","0.00000583717130367","$0.00","0x2cfc85d8e48f8eab294be644d9e25c3030863003","Worldcoin","WLD"
"0x7b270dd0e2f4f6ac863e213f038bc80858adc12edcbf04593a6abffc89166e9f","16146850","1751629339","2025-07-04 18:42:19","0x42e92ef0020712aea59ff2ebdce85155f682db9e","0x2cfc85d8e48f8eab294be644d9e25c3030863003","0.597689900469001577","N/A","0x0500b77f2aa3bbcc9144288690abd29b79338226","ERC-20: Eyes The Frog","FROG"
"0x797803e1b135f3668a224acb09090bcec017290375d6b236b4a773839ffec995","16146898","1751629435","2025-07-04 18:43:55","0x42e92ef0020712aea59ff2ebdce85155f682db9e","0x2cfc85d8e48f8eab294be644d9e25c3030863003","14.000000000000000001","N/A","0x6516160a8278420a9af7cb536279d4ef833c58ab","ERC-20: StinkyHedge","STH"
"0x71cdfc63615f989403dc0dd3237568f45d78c8c2320013bb1dfc06146c4269b6","16146918","1751629475","2025-07-04 18:44:35","0x42e92ef0020712aea59ff2ebdce85155f682db9e","0x2cfc85d8e48f8eab294be644d9e25c3030863003","1.147807584982242517","N/A","0x7ba389d2e9c948c4882e6f199f2a8d926371f29c","ERC-20: Vote Escrow JUZ","veJUZ"
"0x5a5cac2ef50d142925fde89951ce95b8273d17389b9f53cce50e3a56bca186fe","16146934","1751629507","2025-07-04 18:45:07","0x42e92ef0020712aea59ff2ebdce85155f682db9e","0x2cfc85d8e48f8eab294be644d9e25c3030863003","15.000000000000000001","N/A","0xd93f185c84e66771cafc885aaf43fa0d4ed27612","ERC-20: Ring","$RNG"
"0x069c5a8b34c762fcac0c4e3e3af1d7f21ba6230b50200d27851985cfab3fac41","16146954","1751629547","2025-07-04 18:45:47","0x42e92ef0020712aea59ff2ebdce85155f682db9e","0x2cfc85d8e48f8eab294be644d9e25c3030863003","14","N/A","0xed614608d8239c8faeb869fa3e275498b302e58a","ERC-20: LuckyAxo","LAXO"
"0x0b8e3aa8562f506642d5dc67ae57136fda33a8765e4b23a23c5b6fe50ed74777","16146973","1751629585","2025-07-04 18:46:25","0x42e92ef0020712aea59ff2ebdce85155f682db9e","0x2cfc85d8e48f8eab294be644d9e25c3030863003","14.000000000000000001","N/A","0x8092511af4ecd82461e3f214cfe07261c16a7979","ERC-20: DONT BUY","$DNTB"
"0x8d9308ba4c71ea556b597c5c9e025a2a22f6656adb0282b3a494338fdb14f6b3","16153578","1751642795","2025-07-04 22:26:35","0x7745748e050a38833d9cc3b1cc13fdc6e2055d7a","0x2cfc85d8e48f8eab294be644d9e25c3030863003","12.61701631821981776","N/A","0xed49fe44fd4249a09843c2ba4bba7e50beca7113","DNAToken","DNA"
"0x1cefbe540c136e1797b27ff70ad389dab2d4471ff822e16580c9ecb3576fc4cb","16160503","1751656645","2025-07-05 02:17:25","0xa81ac64c20e25e0b48fc9c885a36477c9a94ffb4","0x2cfc85d8e48f8eab294be644d9e25c3030863003","2.329616","$2.20","0x2cfc85d8e48f8eab294be644d9e25c3030863003","Worldcoin","WLD"
"0x9749ce3d89dd4a93dfffdc15c4c8d82913aeed2e3c50e59aa0efe862182d1344","16165904","1751667447","2025-07-05 05:17:27","0x7745748e050a38833d9cc3b1cc13fdc6e2055d7a","0x2cfc85d8e48f8eab294be644d9e25c3030863003","0","N/A","0x249820c0479d0a7fee6a2a3a14583267550f3caf","ERC-20: AXOLOCOIN","$AXO"
"0x6575da1aeb84939faf94b42d2ebd34ca5147c47965a06aa864fd03cf0a5dd873","16178458","1751692555","2025-07-05 12:15:55","0xcd28b5ecbf7e08ba6036bd8945b9b089377c634f","0x2cfc85d8e48f8eab294be644d9e25c3030863003","250","N/A","0x1449f562fd186fc2ea1014055ebc1f17da22a198","ERC-20: Gems","GEMS"
"0xa5de98c6b15756edf196f3ea36ce822a629019e375c01a3230a6099ed6d66382","16223829","1751783297","2025-07-06 13:28:17","0x9f8d68ba3c968d715830a19983c288157d53556e","0x2cfc85d8e48f8eab294be644d9e25c3030863003","5","N/A","0xb05e620f105262ac5ec160313c61f481fdbb81fe","ERC-20: Lulu Token","LULU"
"0x406902d96722127bd10a46c3942b2c76ba6c24c664a135cf9915a2b276fbd892","16228345","1751792329","2025-07-06 15:58:49","0xad58646ccd96be2c8419e7357471059ecaec3176","0x2cfc85d8e48f8eab294be644d9e25c3030863003","1.426809","$1.24","0x2cfc85d8e48f8eab294be644d9e25c3030863003","Worldcoin","WLD"
"0x8ca7652f2e933686d580dd71918ad8f1a36161338117cfb89f275554967e5dd6","16231590","1751798819","2025-07-06 17:46:59","0xdffb9fffa24e4d34a25eb896be3e63a8dde09ebe","0x2cfc85d8e48f8eab294be644d9e25c3030863003","12.44","$12.44","0x79a02482a880bce3f13e09da970dc34db4cd24d1","USDC","USDC"
"0x9d098c37296445b90ae91d7322f35c27bbc94785eac5d8c413f8ea62e758eb96","16240415","1751816469","2025-07-06 22:41:09","0xdcb9665ee7f3c7845857f215e09cf20e654663d1","0x2cfc85d8e48f8eab294be644d9e25c3030863003","2,662.310181999803053556","N/A","0xed49fe44fd4249a09843c2ba4bba7e50beca7113","DNAToken","DNA"
"0x6f50a20a1f35145276903850fb155ef32157d587e4113185bede4c83ebf86932","16241026","1751817691","2025-07-06 23:01:31","0x75b42e897a1710a44fc9f8be010d1b6813e2d819","0x2cfc85d8e48f8eab294be644d9e25c3030863003","99,600,000,000","N/A","0x75b42e897a1710a44fc9f8be010d1b6813e2d819","ERC-20: Bitcoin","BTC"
"0xf052fdbc1e2fa71fc624e4ae84e7634497f874361cbf15da008dabbf15262ad2","16242431","1751820501","2025-07-06 23:48:21","0x2d5f797bfbff55aae544564ede3fac9784c38318","0x2cfc85d8e48f8eab294be644d9e25c3030863003","99,600,000,000","N/A","0x2d5f797bfbff55aae544564ede3fac9784c38318","ERC-20: LITECOIN","LTC"
"0x8dcd78d4f13c0dabeb1256d037925bac8bdd5dbd9c0ad80efb0c6aaa655e75c4","16242778","1751821195","2025-07-06 23:59:55","0x14c7bc6c26167cf034b6ed973a7d2ac193a32974","0x2cfc85d8e48f8eab294be644d9e25c3030863003","99,600,000,000","N/A","0x14c7bc6c26167cf034b6ed973a7d2ac193a32974","ERC-20: BASE","BASE"
"0xde928b7fc335789774ab59f9f391e66b0bcc2d0583f01a7fae79be9a1efe4fe4","16242878","1751821395","2025-07-07 00:03:15","0x347fb5aa5349cbc24de775555f10c76da34db422","0x2cfc85d8e48f8eab294be644d9e25c3030863003","99,600,000,000","N/A","0x347fb5aa5349cbc24de775555f10c76da34db422","ERC-20: Bitcoin","BTC"
"0x5f4f980fbbdddfa649acc358f865bb668ea610864301cf2134c4b6fb774440e8","16242881","1751821401","2025-07-07 00:03:21","0xe543343fdeb4b1bbedca3195ad9a67346fcb4df5","0x2cfc85d8e48f8eab294be644d9e25c3030863003","99,600,000,000","N/A","0xe543343fdeb4b1bbedca3195ad9a67346fcb4df5","ERC-20: Litecoin","LTC"
"0xa881868f965b4107396eeed161b90cf8d766322054c218c7aaf110aa1cd5e279","16242883","1751821405","2025-07-07 00:03:25","0xdcb040c8cb6e4d964cde59ee0ae40762ebd581af","0x2cfc85d8e48f8eab294be644d9e25c3030863003","99,600,000,000","N/A","0xdcb040c8cb6e4d964cde59ee0ae40762ebd581af","ERC-20: Namecoin","NMC"
"0xcf8d203e21f02d456405c8fd15675078b8cf07d1358cae7c4c8cc9309a563160","16242886","1751821411","2025-07-07 00:03:31","0x8bb9dab533ec639aa59e365c51967510000ad7e7","0x2cfc85d8e48f8eab294be644d9e25c3030863003","99,600,000,000","N/A","0x8bb9dab533ec639aa59e365c51967510000ad7e7","ERC-20: Terracoin","TRC"
"0x96008e73d73c3cb50b345168c4331ed8f091259cf1cffb819fb2e9e931c8ceea","16242888","1751821415","2025-07-07 00:03:35","0xe197bdd315aacc78443a46a6ae9a74d568ce16b8","0x2cfc85d8e48f8eab294be644d9e25c3030863003","99,600,000,000","N/A","0xe197bdd315aacc78443a46a6ae9a74d568ce16b8","ERC-20: Peercoin","PPC"
"0x0783810d1136be8e6818429eacd8856c4e86ba258925ca3c17e8c42e70fcb1e4","16242889","1751821417","2025-07-07 00:03:37","0x25756886939ba55879701992aa696b46e5e3bdb0","0x2cfc85d8e48f8eab294be644d9e25c3030863003","99,600,000,000","N/A","0x25756886939ba55879701992aa696b46e5e3bdb0","ERC-20: Novacoin","NVC"
"0x537dae430e3d67c23a4825213b7871c72a4b7ee607fbff4eca62eb347cd4f52f","16242891","1751821421","2025-07-07 00:03:41","0x4256e6a2d93eccc421fa9a514d7d3b407ebc6b31","0x2cfc85d8e48f8eab294be644d9e25c3030863003","99,600,000,000","N/A","0x4256e6a2d93eccc421fa9a514d7d3b407ebc6b31","ERC-20: Feathercoin","FTC"
"0xcb1675e37179bb7e24b1758d08cb9a39a6cf980351d960ecc2cd735984e0633c","16242893","1751821425","2025-07-07 00:03:45","0xf3219ab6db34909331f71069aea5932a2119b87b","0x2cfc85d8e48f8eab294be644d9e25c3030863003","99,600,000,000","N/A","0xf3219ab6db34909331f71069aea5932a2119b87b","ERC-20: Freicoin","FRC"
"0x2d3b85b7b1b0536040c62aed0a44e376eb28b7daa8824b1cbd95871e2e227065","16242895","1751821429","2025-07-07 00:03:49","0x8ee95881d7df626102057b644bd7cb190a14230b","0x2cfc85d8e48f8eab294be644d9e25c3030863003","99,600,000,000","N/A","0x8ee95881d7df626102057b644bd7cb190a14230b","ERC-20: Ixcoin","IXC"
"0x4d69bc7d66e2386a6bf480bf35a9fe9e39fbad0bc2aea1731b3a81d8becbf2d8","16242897","1751821433","2025-07-07 00:03:53","0x8f44adb5774d607f7a990181ba6563e407e9ab79","0x2cfc85d8e48f8eab294be644d9e25c3030863003","99,600,000,000","N/A","0x8f44adb5774d607f7a990181ba6563e407e9ab79","ERC-20: WorldCoin WDC","WDC"
"0xde35ccd74060ff5ff30ed31ea6f10b4c49ef53be79df50764405636671b7c09b","16242934","1751821507","2025-07-07 00:05:07","0x926b465a8650e3f932b1819a2376d8d7a40735a6","0x2cfc85d8e48f8eab294be644d9e25c3030863003","99,600,000,000","N/A","0x926b465a8650e3f932b1819a2376d8d7a40735a6","ERC-20: Digitalcoin","DGC"
"0x2189c66f671fc2fc13b221f024e72ddf609dcda27be49ffac70e1d33056d211e","16242937","1751821513","2025-07-07 00:05:13","0xf0fc802f1e6480fc40660f357c9f05ead9675b9a","0x2cfc85d8e48f8eab294be644d9e25c3030863003","99,600,000,000","N/A","0xf0fc802f1e6480fc40660f357c9f05ead9675b9a","ERC-20: Luckycoin","LKY"
"0xe81d6128553388be8bea2f30c52df7d27e45064f16bbaade3bab27c8824484fe","16242939","1751821517","2025-07-07 00:05:17","0x169b446dacad0adf7fe5cae9d423fa29b6662aff","0x2cfc85d8e48f8eab294be644d9e25c3030863003","99,600,000,000","N/A","0x169b446dacad0adf7fe5cae9d423fa29b6662aff","ERC-20: Goldcoin","GLC"
"0xf9a347db81d5e6548a660b3e1690051d3f4679dd4f8dbcb45954dc3fb9f1bcaf","16242941","1751821521","2025-07-07 00:05:21","0xc574ea155f5ce90ae1eadd9105d05cd4fb9db157","0x2cfc85d8e48f8eab294be644d9e25c3030863003","99,600,000,000","N/A","0xc574ea155f5ce90ae1eadd9105d05cd4fb9db157","ERC-20: Junkcoin","JKC"
"0x526d1a9e77d05108c90242b33f0e48c095d798be5ee036c71daab4cfa45a9332","16242944","1751821527","2025-07-07 00:05:27","0x5e427561d9f43ade7cd6557040b5d024bde565b1","0x2cfc85d8e48f8eab294be644d9e25c3030863003","99,600,000,000","N/A","0x5e427561d9f43ade7cd6557040b5d024bde565b1","ERC-20: Phoenixcoin","PXC"
"0x620d0b5d20e2470f346e6d7c2d2560583b4a808b89d71fe1163bdd3519a830f0","16242947","1751821533","2025-07-07 00:05:33","0x89d99e4b03781aaa570e6db84b6d516a92c99274","0x2cfc85d8e48f8eab294be644d9e25c3030863003","99,600,000,000","N/A","0x89d99e4b03781aaa570e6db84b6d516a92c99274","ERC-20: Infinitecoin","IFC"
"0xf77ec0c69ed84e81d532b1e020e5c0a9d725ff3c63e17a0771c1ca49bb6983a8","16242949","1751821537","2025-07-07 00:05:37","0x6bc6aa797dc73e74760f9c6e88f551097f041f22","0x2cfc85d8e48f8eab294be644d9e25c3030863003","99,600,000,000","N/A","0x6bc6aa797dc73e74760f9c6e88f551097f041f22","ERC-20: Primecoin","XPM"
"0x0a499fcbe693fe5390d713a37c911ae9d146b851e8fbddb70230690a60b39914","16242951","1751821541","2025-07-07 00:05:41","0x8af4a914c1c2521abc7244d265b00f1ba1066316","0x2cfc85d8e48f8eab294be644d9e25c3030863003","99,600,000,000","N/A","0x8af4a914c1c2521abc7244d265b00f1ba1066316","ERC-20: CasinoCoin","CSC"
"0xa30fb1d8d7bbab0310fe8778c0f800ab274bf72fc931edc5351a1651f2197d1a","16242953","1751821545","2025-07-07 00:05:45","0x0c61ef5791bbc6b2c1653b43ac4e6389273157c8","0x2cfc85d8e48f8eab294be644d9e25c3030863003","99,600,000,000","N/A","0x0c61ef5791bbc6b2c1653b43ac4e6389273157c8","ERC-20: XRP","XRP"
"0x01b460b7e0e594b8e19ddc98b8cc34f58ba8d204b2059cb75ecaef3f04d477f5","16242955","1751821549","2025-07-07 00:05:49","0x41d13af2600b2665479f9c5c6c19b6ed6756ef85","0x2cfc85d8e48f8eab294be644d9e25c3030863003","99,600,000,000","N/A","0x41d13af2600b2665479f9c5c6c19b6ed6756ef85","ERC-20: Zetacoin","ZET"
"0xb1479ab813122bf80164d9c2119996370df352ccee38fa067fd9d65d04a67064","16242987","1751821613","2025-07-07 00:06:53","0xadd906fb2c3c16a7f3a75f9872e6f8f08422f925","0x2cfc85d8e48f8eab294be644d9e25c3030863003","99,600,000,000","N/A","0xadd906fb2c3c16a7f3a75f9872e6f8f08422f925","ERC-20: TagCoin","TAG"
"0x2e195e57816bd34fa8b31b34bf990fa0ac80ff7c0146287baf7afee40a127663","16242989","1751821617","2025-07-07 00:06:57","0x69ef1ff3eaf72cc603ec03859ce13a7298da2c4e","0x2cfc85d8e48f8eab294be644d9e25c3030863003","99,600,000,000","N/A","0x69ef1ff3eaf72cc603ec03859ce13a7298da2c4e","ERC-20: Unobtanium","UNO"
"0x2888e6d3c8579ba820fe7a0463a03118c94aa0cc4208fcd8a512fcb3c2f31ac7","16242991","1751821621","2025-07-07 00:07:01","0x5338e156de9ff2a3ad40f34b84509354ec8e5c2d","0x2cfc85d8e48f8eab294be644d9e25c3030863003","99,600,000,000","N/A","0x5338e156de9ff2a3ad40f34b84509354ec8e5c2d","ERC-20: Deutsche eMark","DEM"
"0xb51426b52df440ea954aee6de22b7be40d571cdf1f8c19c0ca85b5e25fa023f5","16242994","1751821627","2025-07-07 00:07:07","0x04401921e7cc15130d4ba4b2a759b1a3e6d87bd6","0x2cfc85d8e48f8eab294be644d9e25c3030863003","99,600,000,000","N/A","0x04401921e7cc15130d4ba4b2a759b1a3e6d87bd6","ERC-20: Dogecoin","DOGE"
"0xadcb8895bc1110257b3f7a0d115abae3421bbf7886a5d06baf3f008df5c7aa36","16242996","1751821631","2025-07-07 00:07:11","0x774dd434d6803eb70272008cf09b07936e35b2ac","0x2cfc85d8e48f8eab294be644d9e25c3030863003","99,600,000,000","N/A","0x774dd434d6803eb70272008cf09b07936e35b2ac","ERC-20: Diamond","DMD"
"0xac8846d3975d1693628b729094d11e4aed0ffb8a4862e28328bea185e74ddbe4","16242998","1751821635","2025-07-07 00:07:15","0x5fa6f9b3ded2d47058102e8c7efdde707c4607b7","0x2cfc85d8e48f8eab294be644d9e25c3030863003","99,600,000,000","N/A","0x5fa6f9b3ded2d47058102e8c7efdde707c4607b7","ERC-20: HoboNickels","HBN"
"0xed71594364f5161fef8fe7a97086127fe7420797a57a694e630812ed371169be","16243000","1751821639","2025-07-07 00:07:19","0xc9e8ff7c19074d2858d70cbbbe0e23b42ff1a250","0x2cfc85d8e48f8eab294be644d9e25c3030863003","99,600,000,000","N/A","0xc9e8ff7c19074d2858d70cbbbe0e23b42ff1a250","ERC-20: Omni","OMNI"
"0xe32aba221806639702ed7814462b96c86cdde541753efe86254ab551790c026f","16243002","1751821643","2025-07-07 00:07:23","0xaed11b9e87ac48e2009cc4b088190388424a7edb","0x2cfc85d8e48f8eab294be644d9e25c3030863003","99,600,000,000","N/A","0xaed11b9e87ac48e2009cc4b088190388424a7edb","ERC-20: Dimecoin","DIME"
"0xf814cccb4aaaa3a435460d4e9ae0fddd13e1beadcb8007c4b53fc2217175c82d","16243004","1751821647","2025-07-07 00:07:27","0x9bdee6fd05f557f89384b5c1cb168b40289d8208","0x2cfc85d8e48f8eab294be644d9e25c3030863003","99,600,000,000","N/A","0x9bdee6fd05f557f89384b5c1cb168b40289d8208","ERC-20: 42-coin","42"
"0xc4db53e4ccd6fef963f99f3b11e200986e0e9e11c6eefe34243b75812576a6ad","16243007","1751821653","2025-07-07 00:07:33","0x6ec931173690cac7b77da2d3d396f9965197c4b5","0x2cfc85d8e48f8eab294be644d9e25c3030863003","99,600,000,000","N/A","0x6ec931173690cac7b77da2d3d396f9965197c4b5","ERC-20: Vertcoin","VTC"
"0xf5a052348a3906e0c85e0db9dda1b6adbbcb7392cec04bf9afc28c4f23094531","16243039","1751821717","2025-07-07 00:08:37","0x43892f129d8ec32e3dc74b719efcdb007a4fec19","0x2cfc85d8e48f8eab294be644d9e25c3030863003","99,600,000,000","N/A","0x43892f129d8ec32e3dc74b719efcdb007a4fec19","ERC-20: DigiByte","DGB"
"0x3010d208327b5e81dc7ed932b3b83fa0817811baab5400a8c9c0d954756ee9dc","16243043","1751821725","2025-07-07 00:08:45","0xa889ea7e19d054cf4ad59a156d24e4619952a95e","0x2cfc85d8e48f8eab294be644d9e25c3030863003","99,600,000,000","N/A","0xa889ea7e19d054cf4ad59a156d24e4619952a95e","ERC-20: ReddCoin","RDD"
"0xc444e5d4b939a5be4ffdac56854319be8df23f4ed5dc582c6cac8d2f507248e3","16243046","1751821731","2025-07-07 00:08:51","0x3f3945471d942b6231221f04dde50cc2300776e2","0x2cfc85d8e48f8eab294be644d9e25c3030863003","99,600,000,000","N/A","0x3f3945471d942b6231221f04dde50cc2300776e2","ERC-20: PotCoin","POT"
"0xc27268cc4e69762b13ff2f5215e04a1622799f74f9436d7df90a0a2775b49ac7","16243048","1751821735","2025-07-07 00:08:55","0x05556147673b873de77cce454d741765e1e44587","0x2cfc85d8e48f8eab294be644d9e25c3030863003","99,600,000,000","N/A","0x05556147673b873de77cce454d741765e1e44587","ERC-20: Maxcoin","MAX"
"0x4d8b94baacb750c59256f2a8f2c7d5e1ad833f96f07b4825556b02ad567742b2","16243051","1751821741","2025-07-07 00:09:01","0xf03cda5e5572b81f3becc3516472a4d74d38414f","0x2cfc85d8e48f8eab294be644d9e25c3030863003","99,600,000,000","N/A","0xf03cda5e5572b81f3becc3516472a4d74d38414f","ERC-20: Dash","DASH"
"0x1fe380a9c09b246f2443dbe69557508fea3d3a6e43836f14980b13f182c05081","16243054","1751821747","2025-07-07 00:09:07","0xeb66b15d0572f3bc08405508c2864025d909cdb8","0x2cfc85d8e48f8eab294be644d9e25c3030863003","99,600,000,000","N/A","0xeb66b15d0572f3bc08405508c2864025d909cdb8","ERC-20: Counterparty","XCP"
"0x98a7096a5c957e0495cd2fdd117a2423e07e87fa0a5f5ce55c1813c523e77381","16243057","1751821753","2025-07-07 00:09:13","0xd3fc571b751c015b7cc1352c8ad16cd6212dfa5d","0x2cfc85d8e48f8eab294be644d9e25c3030863003","99,600,000,000","N/A","0xd3fc571b751c015b7cc1352c8ad16cd6212dfa5d","ERC-20: Auroracoin","AUR"
"0x9fd7fa4371392615c3ebb022a25cea8db781d6171ebab7dd1d05b1b548e5cc31","16243064","1751821767","2025-07-07 00:09:27","0x2c1a20f8fb6c6de4016d23b9c678ececa9805349","0x2cfc85d8e48f8eab294be644d9e25c3030863003","99,600,000,000","N/A","0x2c1a20f8fb6c6de4016d23b9c678ececa9805349","ERC-20: Marscoin","MARS"
"0x09412a9bfeb125bec4a6fac0559986b4e442d72c0ac740b8f48f6e8344818e6f","16243067","1751821773","2025-07-07 00:09:33","0x03b3332e965fa9f2674b60a9ad30f1abd95ef4b4","0x2cfc85d8e48f8eab294be644d9e25c3030863003","99,600,000,000","N/A","0x03b3332e965fa9f2674b60a9ad30f1abd95ef4b4","ERC-20: Magic Internet Money","MIM"
"0xdc0b2d48fb8858151798a2f87f70d93a237248d18601d404ef743c98238d6bb5","16243069","1751821777","2025-07-07 00:09:37","0xe6ff62e48340096d840d7a7f00a695a6aee649b0","0x2cfc85d8e48f8eab294be644d9e25c3030863003","99,600,000,000","N/A","0xe6ff62e48340096d840d7a7f00a695a6aee649b0","ERC-20: BlackCoin","BLK"
"0x3974bbd9b34216c6b5073b9b5b40c92691c8419701f01531cdac923d1c60af74","16243099","1751821837","2025-07-07 00:10:37","0xc4106090b7a800ddf25853fd3ab9b76bf13f5327","0x2cfc85d8e48f8eab294be644d9e25c3030863003","99,600,000,000","N/A","0xc4106090b7a800ddf25853fd3ab9b76bf13f5327","ERC-20: MonaCoin","MONA"
"0x6cd8bdc0fbb5c3cf31c4af1c0590db145f544ab2c8816c61a6189a6f0f4e9a6f","16243100","1751821839","2025-07-07 00:10:39","0xd8f0270cc3abd9a7299ab3d5cb5c67ff6847f12e","0x2cfc85d8e48f8eab294be644d9e25c3030863003","99,600,000,000","N/A","0xd8f0270cc3abd9a7299ab3d5cb5c67ff6847f12e","ERC-20: Rubycoin","RBY"
"0x68e74cf85df389b3dc4a2f3cfbd3340eaef9924229e5aee52fef504bd2633a21","16243102","1751821843","2025-07-07 00:10:43","0x538904919e3a7265103aa75d49f96614fa2bf345","0x2cfc85d8e48f8eab294be644d9e25c3030863003","99,600,000,000","N/A","0x538904919e3a7265103aa75d49f96614fa2bf345","ERC-20: e-Gulden","EFL"
"0xbde65d7b3732abadd41836695c95c0986f5cfdbd36faacd251f7e44cd2fc0c37","16243104","1751821847","2025-07-07 00:10:47","0x353e849c34ad57d16602245380d125e47d24a53c","0x2cfc85d8e48f8eab294be644d9e25c3030863003","99,600,000,000","N/A","0x353e849c34ad57d16602245380d125e47d24a53c","ERC-20: Groestlcoin","GRS"
"0x198bf3809eb4062e8ed0fe0be04d28448acb69450c15c659f9fb4bb58aaef887","16243105","1751821849","2025-07-07 00:10:49","0x74ffe7a221cff181acacd0669e4e76c6cecabb8d","0x2cfc85d8e48f8eab294be644d9e25c3030863003","99,600,000,000","N/A","0x74ffe7a221cff181acacd0669e4e76c6cecabb8d","ERC-20: PetroDollar","XPD"
"0x1955edfc2205ad3d241fbb2fef8ce53a5853ddcf4c4d826e8a9a3b3426a2b5ed","16243107","1751821853","2025-07-07 00:10:53","0x6446179d99fa8dd5055e16ec85f58c9b71d69bc4","0x2cfc85d8e48f8eab294be644d9e25c3030863003","99,600,000,000","N/A","0x6446179d99fa8dd5055e16ec85f58c9b71d69bc4","ERC-20: PLNcoin","PLNC"
"0x733faff50f1167317cc8d64321bf1a8dc3df682c220d3bcf2b96920d43bec283","16243109","1751821857","2025-07-07 00:10:57","0x417f5ef8a78f3f046351345b3a4f56fcba74ef39","0x2cfc85d8e48f8eab294be644d9e25c3030863003","99,600,000,000","N/A","0x417f5ef8a78f3f046351345b3a4f56fcba74ef39","ERC-20: WhiteCoin","XWC"
"0x9c760fc1e6e3d3efc90347faced0dd27a9d123e6cf5064c3fd4e97ab12022182","16243111","1751821861","2025-07-07 00:11:01","0xef8c77d6b2fd56c17531f615361e7f14dc29c885","0x2cfc85d8e48f8eab294be644d9e25c3030863003","99,600,000,000","N/A","0xef8c77d6b2fd56c17531f615361e7f14dc29c885","ERC-20: Bitstar","BITS"
"0x8df4845f38fc674a7b4d8c1cddf4967e59854784c1b19a0b5d62ecbe2d800943","16243114","1751821867","2025-07-07 00:11:07","0xff8f48e92b0fb7d53ec8909563e31f3b2c0378e3","0x2cfc85d8e48f8eab294be644d9e25c3030863003","99,600,000,000","N/A","0xff8f48e92b0fb7d53ec8909563e31f3b2c0378e3","ERC-20: Quebecoin","QBC"
"0x2277fe0824d22249804b87e190b08bd5a677cf290621a91073b996cffb743831","16243116","1751821871","2025-07-07 00:11:11","0xdbab7fff58b7afede0a81d7607ff33dce4cf4435","0x2cfc85d8e48f8eab294be644d9e25c3030863003","99,600,000,000","N/A","0xdbab7fff58b7afede0a81d7607ff33dce4cf4435","ERC-20: BlueCoin","BLU"
"0x23ef952b76b30ac54e44a0b13b5b084a95e7dfa641428f503956418897eca229","16243145","1751821929","2025-07-07 00:12:09","0x153b25adc1560b4d2031603e1819beb941b443ad","0x2cfc85d8e48f8eab294be644d9e25c3030863003","99,600,000,000","N/A","0x153b25adc1560b4d2031603e1819beb941b443ad","ERC-20: Bitcoin Plus","XBC"
"0x8cb8c5b5633c8af6a524b6eef01ec6aa04d212c2775113d904d4480ad1edbc1c","16243147","1751821933","2025-07-07 00:12:13","0xf36f83c110a208e998a3850499f741ea4ce6668d","0x2cfc85d8e48f8eab294be644d9e25c3030863003","99,600,000,000","N/A","0xf36f83c110a208e998a3850499f741ea4ce6668d","ERC-20: NewYorkCoin","NYC"
"0x642a9a8813e922a7db4b433db39b8c7c7e4c8cb76d4bf38518770e32757d4ef7","16243149","1751821937","2025-07-07 00:12:17","0x691ef4165e5c86fec00b512c215754820b493124","0x2cfc85d8e48f8eab294be644d9e25c3030863003","99,600,000,000","N/A","0x691ef4165e5c86fec00b512c215754820b493124","ERC-20: Dreamcoin","DRM"
"0x34fd89cc6a2b31c55a633e0fa42b6f6f8368000392461ccdeb958cfe448301de","16243152","1751821943","2025-07-07 00:12:23","0x9a04262bb9e0ffaec55108758921dc0736d82ef6","0x2cfc85d8e48f8eab294be644d9e25c3030863003","99,600,000,000","N/A","0x9a04262bb9e0ffaec55108758921dc0736d82ef6","ERC-20: Monero","XMR"
"0x13f0f66241ec2ff13892cdc964ea14d05003f0fa9612e1672a0785a0908f8f4d","16243154","1751821947","2025-07-07 00:12:27","0x3a9c900c39f4a6ba408a4da5663ac66b5d8b81fa","0x2cfc85d8e48f8eab294be644d9e25c3030863003","99,600,000,000","N/A","0x3a9c900c39f4a6ba408a4da5663ac66b5d8b81fa","ERC-20: Motocoin","MOTO"
"0x95143dcb75fccbcac33342c909dc0cde1c1dacbf4bcb0a392231b7b93b8a8513","16243156","1751821951","2025-07-07 00:12:31","0x778475396ffa2b35311756c5ba90e5966d07f2a6","0x2cfc85d8e48f8eab294be644d9e25c3030863003","99,600,000,000","N/A","0x778475396ffa2b35311756c5ba90e5966d07f2a6","ERC-20: CloakCoin","CLOAK"
"0x6cb725061382f99b64d7afa3d9746908aafbb300173e2276b47371f7c9791c38","16243158","1751821955","2025-07-07 00:12:35","0xbe93f39e5f4944c266dd980c5b36f4f61d0aa38c","0x2cfc85d8e48f8eab294be644d9e25c3030863003","99,600,000,000","N/A","0xbe93f39e5f4944c266dd980c5b36f4f61d0aa38c","ERC-20: Bytecoin","BCN"
"0xcdff45c7ef355474f269013bb1d51c2fa2baf9b698fcdac944da3adf4dfa3eb0","16243159","1751821957","2025-07-07 00:12:37","0x6845896a69ed1ec16a5c6da389d41a9232432c9d","0x2cfc85d8e48f8eab294be644d9e25c3030863003","99,600,000,000","N/A","0x6845896a69ed1ec16a5c6da389d41a9232432c9d","ERC-20: Navio","NAV"
"0xa0c3382ecd097328534a1f9669a002e92863797b0f6dbfe7a9c7a9ee291b2e4f","16243161","1751821961","2025-07-07 00:12:41","0xdf364939b788c0426a2edcaa09d455b2ed8be46f","0x2cfc85d8e48f8eab294be644d9e25c3030863003","99,600,000,000","N/A","0xdf364939b788c0426a2edcaa09d455b2ed8be46f","ERC-20: Startcoin","START"
"0x0b175b39d786ae47bbe37484dfd66f04018f9efc8b318028260e58ffbdf6618e","16243163","1751821965","2025-07-07 00:12:45","0x2eb21d89931bc32f8180687c77cbe535075cc548","0x2cfc85d8e48f8eab294be644d9e25c3030863003","99,600,000,000","N/A","0x2eb21d89931bc32f8180687c77cbe535075cc548","ERC-20: DigitalNote","XDN"
"0x5c66812ccc2ff9198b077a61043748684faa9962640cadf63f6bd189fe209b05","16243192","1751822023","2025-07-07 00:13:43","0xd54c0d9cf2ca82b3bae0911013a2cb449bdde8c8","0x2cfc85d8e48f8eab294be644d9e25c3030863003","99,600,000,000","N/A","0xd54c0d9cf2ca82b3bae0911013a2cb449bdde8c8","ERC-20: Stealth","XST"
"0xd9327c9dd8f6856b7c370e6160ed48e199fe963acb73f9de8feb50f117102515","16243194","1751822027","2025-07-07 00:13:47","0x0141bb00ce608e8777cda74b57290fa934a7df50","0x2cfc85d8e48f8eab294be644d9e25c3030863003","99,600,000,000","N/A","0x0141bb00ce608e8777cda74b57290fa934a7df50","ERC-20: Clams","CLAM"
"0x376d70624e0fbd447cfb7e48a22085eb4af72829d0b5565fc7e2b01d578daa3a","16243196","1751822031","2025-07-07 00:13:51","0x1622c34a4309ea3c2ba98a129f13ef9e0386aba0","0x2cfc85d8e48f8eab294be644d9e25c3030863003","99,600,000,000","N/A","0x1622c34a4309ea3c2ba98a129f13ef9e0386aba0","ERC-20: BitShares","BTS"
"0x36c4dd941cc010a5e462a00c5ff2a8ee0953a1b90980afd61f9785b8e40d5653","16243198","1751822035","2025-07-07 00:13:55","0xfa11706f05e691dd33f598b434bd7c2b9b368bec","0x2cfc85d8e48f8eab294be644d9e25c3030863003","99,600,000,000","N/A","0xfa11706f05e691dd33f598b434bd7c2b9b368bec","ERC-20: Viacoin","VIA"
"0x9b3566ca871093f48b0da8b7c550ac7aa52b46498c257eb008261c3035391802","16243200","1751822039","2025-07-07 00:13:59","0xa375e64bf03b7b27179ca1b4ecf820b2e3a6de2b","0x2cfc85d8e48f8eab294be644d9e25c3030863003","99,600,000,000","N/A","0xa375e64bf03b7b27179ca1b4ecf820b2e3a6de2b","ERC-20: Cryptonite","XCN"
"0xbba6a6b4c9d2abe4ba045fe60a862f11a78f06039b85c80c330bdcf187e6b6e3","16243203","1751822045","2025-07-07 00:14:05","0x9565782deeeb7b341b4d931d4d6e729349b20398","0x2cfc85d8e48f8eab294be644d9e25c3030863003","99,600,000,000","N/A","0x9565782deeeb7b341b4d931d4d6e729349b20398","ERC-20: Carboncoin","CARBON"
"0x00092147545f0c017c8f8782d1de52e7f059fc1e1401a6dc771a8713ed769e89","16243205","1751822049","2025-07-07 00:14:09","0xc230b5ac4fe403e9c8d49f436dd33c6a2c8c2d34","0x2cfc85d8e48f8eab294be644d9e25c3030863003","99,600,000,000","N/A","0xc230b5ac4fe403e9c8d49f436dd33c6a2c8c2d34","ERC-20: CannabisCoin","CANN"
"0x039181b45454a1ea9e6b8782941d571218c18df7ab808d72ad297b91d5421f2f","16243207","1751822053","2025-07-07 00:14:13","0xdac2ef79e041238a8dd510bc492a91816dbe41ae","0x2cfc85d8e48f8eab294be644d9e25c3030863003","99,600,000,000","N/A","0xdac2ef79e041238a8dd510bc492a91816dbe41ae","ERC-20: Stellar","XLM"
"0xb2ff59fbf2f218454b8f6f4abc645528e36fdb8495dc882631ccab6c08350222","16243209","1751822057","2025-07-07 00:14:17","0x902b8703bcf9e327c4025b434cd6b54cbc7e4ca3","0x2cfc85d8e48f8eab294be644d9e25c3030863003","99,600,000,000","N/A","0x902b8703bcf9e327c4025b434cd6b54cbc7e4ca3","ERC-20: Syscoin","SYS"
"0xaab3a0ca033d1469058c2722139f411c6e676802fb0fe559cc57eb7b5d6249b2","16243211","1751822061","2025-07-07 00:14:21","0x98b7908c4cf3db378f686b38f0ed53ea0d549b63","0x2cfc85d8e48f8eab294be644d9e25c3030863003","99,600,000,000","N/A","0x98b7908c4cf3db378f686b38f0ed53ea0d549b63","ERC-20: Emercoin","EMC"
"0x47637f6136d987d0c6d16e223e5c50a4f3b42213efafdfaa353c79e26912c7c2","16243240","1751822119","2025-07-07 00:15:19","0x3fdf2854d0c7f0b69829d0854f83885c1c12f56d","0x2cfc85d8e48f8eab294be644d9e25c3030863003","99,600,000,000","N/A","0x3fdf2854d0c7f0b69829d0854f83885c1c12f56d","ERC-20: RabbitCoin","RBBT"
"0x063378ff71cac617624df8ca90773d774e32ded464e24cb26e89e59b886948b9","16243242","1751822123","2025-07-07 00:15:23","0xc27ee5c13bf31800af94c70d29f1bdb38af4e9ef","0x2cfc85d8e48f8eab294be644d9e25c3030863003","99,600,000,000","N/A","0xc27ee5c13bf31800af94c70d29f1bdb38af4e9ef","ERC-20: GameCredits","GAME"
"0x92143d7975da263db01394a0ecc4cc73f430668dd6a8bf75e5e5912f565919e0","16243244","1751822127","2025-07-07 00:15:27","0x797c7e10490bea60fb9b008b000ac3405a9cdc54","0x2cfc85d8e48f8eab294be644d9e25c3030863003","99,600,000,000","N/A","0x797c7e10490bea60fb9b008b000ac3405a9cdc54","ERC-20: Opal","OPAL"
"0xa2d345bbf8ea1fab68edcbc76d64348f7e0125491fc4896c9f159f3711990e67","16243246","1751822131","2025-07-07 00:15:31","0x717b0fb302fea4f5d0864f6ef33aa4923e46389b","0x2cfc85d8e48f8eab294be644d9e25c3030863003","99,600,000,000","N/A","0x717b0fb302fea4f5d0864f6ef33aa4923e46389b","ERC-20: Acoin","ACOIN"
"0xea053053db7a6e1b18dbb86a8117a30eccea2327ddfeb99661dc09d1ffc67c23","16243249","1751822137","2025-07-07 00:15:37","0x9470a6d2a6e6c3cca309dba49d2230bcb6e546bd","0x2cfc85d8e48f8eab294be644d9e25c3030863003","99,600,000,000","N/A","0x9470a6d2a6e6c3cca309dba49d2230bcb6e546bd","ERC-20: Trollcoin","TROLL"
"0x90241ce25fe725e549b75f974a7a4954db168d996a16e71e1f58d7370873b307","16243251","1751822141","2025-07-07 00:15:41","0x6b9f10ec66d021bad38c1dc93156542c4b86dfd4","0x2cfc85d8e48f8eab294be644d9e25c3030863003","99,600,000,000","N/A","0x6b9f10ec66d021bad38c1dc93156542c4b86dfd4","ERC-20: GlobalBoost","BSTY"
"0xdce1099098dbf28ab8e4aca7510c4fffd0bc05de4b7c649a95b2317fa1372e57","16243254","1751822147","2025-07-07 00:15:47","0x4b012c9396055d259d66581039d1da0a91241062","0x2cfc85d8e48f8eab294be644d9e25c3030863003","99,600,000,000","N/A","0x4b012c9396055d259d66581039d1da0a91241062","ERC-20: Prime-XI","PXI"
"0xc95431a7561642efabd9d5d9f4e64efb7d3f00737ac131aa66d0add52f325453","16243255","1751822149","2025-07-07 00:15:49","0xb58a328f0070314ee7615c8466d3bee27d91b17a","0x2cfc85d8e48f8eab294be644d9e25c3030863003","99,600,000,000","N/A","0xb58a328f0070314ee7615c8466d3bee27d91b17a","ERC-20: Verge","XVG"
"0x927df2eb0b5bbc4cfa7637d5d36466d1f0812085a33a3fe043adbd53155df7cc","16243258","1751822155","2025-07-07 00:15:55","0x3a5e8eb78ec14d0c12521297d63e1a06d33efefd","0x2cfc85d8e48f8eab294be644d9e25c3030863003","99,600,000,000","N/A","0x3a5e8eb78ec14d0c12521297d63e1a06d33efefd","ERC-20: SpreadCoin","SPR"
"0x57a8aae2bbf7582ed08552e83f52fe3119556461e7030c4cee9acdb330536996","16243260","1751822159","2025-07-07 00:15:59","0x461c2d3157a91ef480a3d7c71c74b3e280f15f35","0x2cfc85d8e48f8eab294be644d9e25c3030863003","99,600,000,000","N/A","0x461c2d3157a91ef480a3d7c71c74b3e280f15f35","ERC-20: Rimbit","RBT"
"0x9807b854af029e4bada8b5692a9fdbff5789bed60fe2574afcadc52f64f18d77","16243291","1751822221","2025-07-07 00:17:01","0x3a2b000161e6d77addbbcee59dbc9c412f592538","0x2cfc85d8e48f8eab294be644d9e25c3030863003","99,600,000,000","N/A","0x3a2b000161e6d77addbbcee59dbc9c412f592538","ERC-20: Blocknet","BLOCK"
"0x0eebba77d0e190aecabc9dce0f39f922fc00ba79fb154fda686f26a48e9cad07","16243293","1751822225","2025-07-07 00:17:05","0x7b294e8a3831440f65cd6a796f77466d1565d454","0x2cfc85d8e48f8eab294be644d9e25c3030863003","99,600,000,000","N/A","0x7b294e8a3831440f65cd6a796f77466d1565d454","ERC-20: Crown","CRW"
"0x1227a9a1c83c856439aa0c5cb98a9c01af42ad220d41fcb0c53634618c54349e","16243296","1751822231","2025-07-07 00:17:11","0xfc6f10a4ac061649f3e498336150e3ac0ecfbda7","0x2cfc85d8e48f8eab294be644d9e25c3030863003","99,600,000,000","N/A","0xfc6f10a4ac061649f3e498336150e3ac0ecfbda7","ERC-20: Quotient","XQN"
"0x85d8badfade9f76ba986098ce916504f206416707036ae6fa9ae40617df87e1d","16243298","1751822235","2025-07-07 00:17:15","0x29a2b6ef62f3e64e9a63c7e6f9a57f4de1964988","0x2cfc85d8e48f8eab294be644d9e25c3030863003","99,600,000,000","N/A","0x29a2b6ef62f3e64e9a63c7e6f9a57f4de1964988","ERC-20: Okcash","OK"
"0x61ea72dad346a3fb9013e3ce8f821d6a6eb237659c7ff400d47ec083f7c84bc9","16243300","1751822239","2025-07-07 00:17:19","0xda1244aab084a3a66d6977f50bc1982a45d72fcd","0x2cfc85d8e48f8eab294be644d9e25c3030863003","99,600,000,000","N/A","0xda1244aab084a3a66d6977f50bc1982a45d72fcd","ERC-20: PayCoin","XPY"
"0x90fd3bd253360dbb67e0c136fdf90436dfc2e8c6d6574d10f711a8d3a9a91f5d","16243303","1751822245","2025-07-07 00:17:25","0x20315e2b3d0e5ea4081f8b74163be367584252b0","0x2cfc85d8e48f8eab294be644d9e25c3030863003","99,600,000,000","N/A","0x20315e2b3d0e5ea4081f8b74163be367584252b0","ERC-20: Circuits of Value","COVAL"
"0x0f7642c2dcdcdc1e66e3dbef9f25953aba136b2f6bd9505c43317ff50f613c95","16243305","1751822249","2025-07-07 00:17:29","0xea9d3f6c4e761a98661d24ec86fc0328ec28766f","0x2cfc85d8e48f8eab294be644d9e25c3030863003","99,600,000,000","N/A","0xea9d3f6c4e761a98661d24ec86fc0328ec28766f","ERC-20: Nexus","NXS"
"0x11a80b3f48c8de0dc1cbdcbeec3a45a803150bb5f5dd5a7318f598895fb11ef5","16243307","1751822253","2025-07-07 00:17:33","0xdebe52020fa548b8327a922db34a46e8ce0d0743","0x2cfc85d8e48f8eab294be644d9e25c3030863003","99,600,000,000","N/A","0xdebe52020fa548b8327a922db34a46e8ce0d0743","ERC-20: Kobocoin","KOBO"
"0x5cc4cc4484ece1737a2c2d63fecb8baeb0e84664998e8175cdaddabbee23e49b","16243308","1751822255","2025-07-07 00:17:35","0x3070865fa743059845b392ab0f5ebb70f5462acb","0x2cfc85d8e48f8eab294be644d9e25c3030863003","99,600,000,000","N/A","0x3070865fa743059845b392ab0f5ebb70f5462acb","ERC-20: Bean Cash","BITB"
"0x1356714f61851fb16137a51b63951f8879a67a4d6f79ebf8142d11c342112886","16243309","1751822257","2025-07-07 00:17:37","0x5c4e1266852b17c24bf7431e7adbed44b8a456a7","0x2cfc85d8e48f8eab294be644d9e25c3030863003","99,600,000,000","N/A","0x5c4e1266852b17c24bf7431e7adbed44b8a456a7","ERC-20: Tether USDt","USDT"
"0x972f7af21f482d971235856a2882c579e39b054b445a797f168679a0469fa07a","16243339","1751822317","2025-07-07 00:18:37","0x8b8db583a00004af6e37ae28815def865f656b68","0x2cfc85d8e48f8eab294be644d9e25c3030863003","99,600,000,000","N/A","0x8b8db583a00004af6e37ae28815def865f656b68","ERC-20: Wild Beast Block","WBB"
"0x9ec0830311a04ba047d392b78a1ee061e3082fd1e7b30ddaf77731cc5086f04b","16243342","1751822323","2025-07-07 00:18:43","0x994151b9bc0b7e0afa3fbf641f41bfc6fc04b96f","0x2cfc85d8e48f8eab294be644d9e25c3030863003","99,600,000,000","N/A","0x994151b9bc0b7e0afa3fbf641f41bfc6fc04b96f","ERC-20: LiteDoge","LDOGE"
"0xc3a8abf7f2f23105357b49bca8199d11f2dab25cee4a8d1a580ecd1c1cf30a11","16243344","1751822327","2025-07-07 00:18:47","0xc1f657399cb88028f351d00a34a8d4eedcda2e0f","0x2cfc85d8e48f8eab294be644d9e25c3030863003","99,600,000,000","N/A","0xc1f657399cb88028f351d00a34a8d4eedcda2e0f","ERC-20: SongCoin","SONG"
"0x41d32eca7274f8ee2b374df058270f8113e3214e52378d867adbded544013ac7","16243347","1751822333","2025-07-07 00:18:53","0x9ac7ec5b72410d8ed747512468b57eb69a0c5edf","0x2cfc85d8e48f8eab294be644d9e25c3030863003","99,600,000,000","N/A","0x9ac7ec5b72410d8ed747512468b57eb69a0c5edf","ERC-20: Woodcoin","LOG"
"0x0711efdfb469214bd15b53a6aaad325dfa3d0a1b71a6a50c026104336478f377","16243349","1751822337","2025-07-07 00:18:57","0x98818b4ba18b8c95d9e5ada71a3669455c749f3c","0x2cfc85d8e48f8eab294be644d9e25c3030863003","99,600,000,000","N/A","0x98818b4ba18b8c95d9e5ada71a3669455c749f3c","ERC-20: NEM","XEM"
"0x2cc44e91a23815139997f50f884177ccb9b0f1d14d5b252c03c606af6b3aa17d","16243351","1751822341","2025-07-07 00:19:01","0x0198c144dfde5a7556c384521a54285ea6c81836","0x2cfc85d8e48f8eab294be644d9e25c3030863003","99,600,000,000","N/A","0x0198c144dfde5a7556c384521a54285ea6c81836","ERC-20: Californium","CF"
"0x4d9760c23b2fdb83fdb19dc79dbcda4252f27101ea1d1a1700aec71df4660515","16243353","1751822345","2025-07-07 00:19:05","0xa2d3307ec6544658d86d546e8f5e0e5dcca0adeb","0x2cfc85d8e48f8eab294be644d9e25c3030863003","99,600,000,000","N/A","0xa2d3307ec6544658d86d546e8f5e0e5dcca0adeb","ERC-20: Bubble","BUB"
"0x35700c0e9629964a0b98de8af931b95648e8641c2b2ce2de945ef24013426d48","16243354","1751822347","2025-07-07 00:19:07","0x8538eac1f44975267a7f9c66feb5e63ccd8b2125","0x2cfc85d8e48f8eab294be644d9e25c3030863003","99,600,000,000","N/A","0x8538eac1f44975267a7f9c66feb5e63ccd8b2125","ERC-20: Universal Currency","UNIT"
"0x730701a88be10b31d1b4feb1e781b1f333a373b09e7ebb483c870dc3d72b1bd6","16243356","1751822351","2025-07-07 00:19:11","0x26aa8b295303d3800b5e616aa829e5b2a1ce2326","0x2cfc85d8e48f8eab294be644d9e25c3030863003","99,600,000,000","N/A","0x26aa8b295303d3800b5e616aa829e5b2a1ce2326","ERC-20: ParkByte","PKB"
"0xf8a37729b3819fc62662fe0f92e53a39f0c558b4cb4350b8e317b98b99a607e3","16243358","1751822355","2025-07-07 00:19:15","0xbb29dcf2bdf65ef1ca91e85563c764bd146727c6","0x2cfc85d8e48f8eab294be644d9e25c3030863003","99,600,000,000","N/A","0xbb29dcf2bdf65ef1ca91e85563c764bd146727c6","ERC-20: ARbit","ARB"
"0xd5f98c71ee1d53f98872a426dea2ac23d4e68f263223b0eb83a7e457ad1712df","16243388","1751822415","2025-07-07 00:20:15","0x6883297100abc3147637a95f1f64c6bbdc68af58","0x2cfc85d8e48f8eab294be644d9e25c3030863003","99,600,000,000","N/A","0x6883297100abc3147637a95f1f64c6bbdc68af58","ERC-20: Bata","BTA"
"0x54366fc782d529dfd3a859db25831bf796ad9192acdd40606cbb8ad4977f8fa2","16243390","1751822419","2025-07-07 00:20:19","0xc0736b6538c4f80c8a36a474ebdc1c01f9e0842f","0x2cfc85d8e48f8eab294be644d9e25c3030863003","99,600,000,000","N/A","0xc0736b6538c4f80c8a36a474ebdc1c01f9e0842f","ERC-20: AudioCoin","ADC"
"0x3d5b94d01329924f17debcdc36d830e3ecdb8cff55c6623f0a57fdc51529ac49","16243392","1751822423","2025-07-07 00:20:23","0x0768d4ac0cadefa2af7baae834a91e816ffd5e60","0x2cfc85d8e48f8eab294be644d9e25c3030863003","99,600,000,000","N/A","0x0768d4ac0cadefa2af7baae834a91e816ffd5e60","ERC-20: Synergy","SNRG"
"0xd094093e6a3d52e1a9f64d38fc1e9e07d3c6d760e3980678e51363dfb26d73d4","16243394","1751822427","2025-07-07 00:20:27","0xb686f2b7b3eb178a7b6da1020021ff5677dfa404","0x2cfc85d8e48f8eab294be644d9e25c3030863003","99,600,000,000","N/A","0xb686f2b7b3eb178a7b6da1020021ff5677dfa404","ERC-20: Ratecoin","XRA"
"0xc3091eeaa63ecf2cf4a21cf4613f760811ab19b061570db8d7a7d9f759b389cd","16243396","1751822431","2025-07-07 00:20:31","0x7f2ebcc2d68bdd5b300e79abea0b3d51b46fa8d4","0x2cfc85d8e48f8eab294be644d9e25c3030863003","99,600,000,000","N/A","0x7f2ebcc2d68bdd5b300e79abea0b3d51b46fa8d4","ERC-20: CrevaCoin","CREVA"
"0xc99b130a22c32319c0d782ad045a3cef26e1e06f286622675f80ff940b75e1e0","16243397","1751822433","2025-07-07 00:20:33","0x6813e69aeb90b36269decd7e9f7f8298317d7760","0x2cfc85d8e48f8eab294be644d9e25c3030863003","99,600,000,000","N/A","0x6813e69aeb90b36269decd7e9f7f8298317d7760","ERC-20: BowsCoin","BSC"
"0x894bee4da014cb9fd43d23da95485333c0db7493f4e4c35d8b0dbcf0dd9c2851","16243399","1751822437","2025-07-07 00:20:37","0xed24c83ac7e33ce98400c3e3f14b66f8d924b3b2","0x2cfc85d8e48f8eab294be644d9e25c3030863003","99,600,000,000","N/A","0xed24c83ac7e33ce98400c3e3f14b66f8d924b3b2","ERC-20: HNC COIN","HNC"
"0x5035e8c1b451104dc25bd9c5cb5970029975dd23b56d6a51fb1059bfa7206f9c","16243401","1751822441","2025-07-07 00:20:41","0x7a268c8e3e53dfc1154dfbab87994ab04147f6a2","0x2cfc85d8e48f8eab294be644d9e25c3030863003","99,600,000,000","N/A","0x7a268c8e3e53dfc1154dfbab87994ab04147f6a2","ERC-20: Manna","MANNA"
"0x4690767608e7aab43692d93e46b6c95a5f256e9158ce144664d056403ca24196","16243404","1751822447","2025-07-07 00:20:47","0x0f860b9a04441d68150306328dea56de16f071db","0x2cfc85d8e48f8eab294be644d9e25c3030863003","99,600,000,000","N/A","0x0f860b9a04441d68150306328dea56de16f071db","ERC-20: Axiom","AXIOM"
"0x1b62b64119e1a778926ca671b993fb2dc3c5a052ed4503edffe0e2fe28583839","16243406","1751822451","2025-07-07 00:20:51","0x2f457bf189bd150a976236a3039a1d30a4445210","0x2cfc85d8e48f8eab294be644d9e25c3030863003","99,600,000,000","N/A","0x2f457bf189bd150a976236a3039a1d30a4445210","ERC-20: Ethereum","ETH"
"0xedc69a16f9c7c78e3f96bcbd60c19a349bb002653e579945953fe635104e4351","16243453","1751822545","2025-07-07 00:22:25","0x38ff84333c0104263303d2dfa0ac9dcd19a54972","0x2cfc85d8e48f8eab294be644d9e25c3030863003","99,600,000,000","N/A","0x38ff84333c0104263303d2dfa0ac9dcd19a54972","ERC-20: TransferCoin","TX"
"0xc229899c1783a84a3eb5d3b1f58ade71227b8df24b7340c648282850d2af3cab","16243455","1751822549","2025-07-07 00:22:29","0xbef7a1a2d5870512b3c5752b5aa978a2dec101df","0x2cfc85d8e48f8eab294be644d9e25c3030863003","99,600,000,000","N/A","0xbef7a1a2d5870512b3c5752b5aa978a2dec101df","ERC-20: GuccioneCoin","GCC"
"0xf0f1d28e69615a1c26f022f97c8c6cf0eb93febd604c79e6d66a7978d11a75dd","16243457","1751822553","2025-07-07 00:22:33","0x5dfed4343561863c5d966b0241865c3003e6d8d3","0x2cfc85d8e48f8eab294be644d9e25c3030863003","99,600,000,000","N/A","0x5dfed4343561863c5d966b0241865c3003e6d8d3","ERC-20: AmsterdamCoin","AMS"
"0xe48738ae91cce380428300c127af3a8c64e05768a8d03eb0c16f5fbbaad62fc5","16243458","1751822555","2025-07-07 00:22:35","0xe88605bf82fc0cc96d0e972b78bd917c48d92fe0","0x2cfc85d8e48f8eab294be644d9e25c3030863003","99,600,000,000","N/A","0xe88605bf82fc0cc96d0e972b78bd917c48d92fe0","ERC-20: Agoras: Tau Net","AGRS"
"0x08fc588eac1fb1ceca6c0b7ff112f3239e889687c1f2eb0def7d29e04d4036ad","16243461","1751822561","2025-07-07 00:22:41","0xe7391c28194ca0c9ff68adb14b49bbc82cea3180","0x2cfc85d8e48f8eab294be644d9e25c3030863003","99,600,000,000","N/A","0xe7391c28194ca0c9ff68adb14b49bbc82cea3180","ERC-20: Eurocoin","EUC"
"0x1549e2280655830c4378cea424d2befc951d1832ce743f1ea7f9733b150b8bae","16243463","1751822565","2025-07-07 00:22:45","0x5215360973b3cbe3010cd6e0dc20a963d3bce358","0x2cfc85d8e48f8eab294be644d9e25c3030863003","99,600,000,000","N/A","0x5215360973b3cbe3010cd6e0dc20a963d3bce358","ERC-20: Siacoin","SC"
"0xf2407306aa2641efd14cc6648e904eae788a0c5c1cc3945ea8866b8e071a7d97","16243466","1751822571","2025-07-07 00:22:51","0x2506731796d5901c466d41f7f1cfa77e08878bd0","0x2cfc85d8e48f8eab294be644d9e25c3030863003","99,600,000,000","N/A","0x2506731796d5901c466d41f7f1cfa77e08878bd0","ERC-20: VectorAI","VEC2"
"0x61f98a439353d244f68f25a8fb654e239f778cd9ab75afc3d5580255b9320998","16243468","1751822575","2025-07-07 00:22:55","0xdcf8f0dc6c8abb51b4ba6d83301c692571d17711","0x2cfc85d8e48f8eab294be644d9e25c3030863003","99,600,000,000","N/A","0xdcf8f0dc6c8abb51b4ba6d83301c692571d17711","ERC-20: Bolivarcoin","BOLI"
"0x0a37406a29e3483bd0b41914025d7f062b0f80dec23c4c9e8152f3964f469153","16243470","1751822579","2025-07-07 00:22:59","0x123a5d402d598a9027bc41e94e39e979bfedd2e7","0x2cfc85d8e48f8eab294be644d9e25c3030863003","99,600,000,000","N/A","0x123a5d402d598a9027bc41e94e39e979bfedd2e7","ERC-20: Pakcoin","PAK"
"0xc989b7749865a7fc6d5340a367c65e55818537ad95b5ffb49f58d18581d131c8","16243472","1751822583","2025-07-07 00:23:03","0x1596fa4b53e41f0eab74c513a187fa8da85af31c","0x2cfc85d8e48f8eab294be644d9e25c3030863003","99,600,000,000","N/A","0x1596fa4b53e41f0eab74c513a187fa8da85af31c","ERC-20: SIBCoin","SIB"
"0x96776cc8dfb6cf830fd38a6c50418c51d8ae8eddbc366bc6f8f34e1f4cb61f33","16243500","1751822639","2025-07-07 00:23:59","0x04ce4e719e416b7a120b44d92cc96961a1e9fb26","0x2cfc85d8e48f8eab294be644d9e25c3030863003","99,600,000,000","N/A","0x04ce4e719e416b7a120b44d92cc96961a1e9fb26","ERC-20: Swing","SWING"
"0xfb9c56920ec2be88d8bacc88df2ae0f82ab6b602dd94921208d25d842341590b","16243502","1751822643","2025-07-07 00:24:03","0xc8cb82e147b4d2f494c94cbe949ab07354e7f00c","0x2cfc85d8e48f8eab294be644d9e25c3030863003","99,600,000,000","N/A","0xc8cb82e147b4d2f494c94cbe949ab07354e7f00c","ERC-20: Save and Gain","SANDG"
"0x2458c878613d6c1686a0e67077abb08ab51bb983652ee2533507f7b670f604b7","16243503","1751822645","2025-07-07 00:24:05","0x5d595912a476411790635f4fc51a876113257b50","0x2cfc85d8e48f8eab294be644d9e25c3030863003","99,600,000,000","N/A","0x5d595912a476411790635f4fc51a876113257b50","ERC-20: Augur","REP"
"0xe456b4bdd2247fe35df42010b0253e6ceabbdabd2e5771b6ebff8d7acff6cec9","16243504","1751822647","2025-07-07 00:24:07","0x6157b02aff950e1a313abda3fc1b6ae9d21334e0","0x2cfc85d8e48f8eab294be644d9e25c3030863003","99,600,000,000","N/A","0x6157b02aff950e1a313abda3fc1b6ae9d21334e0","ERC-20: StrongHands","SHND"
"0x37ac2d8d1c9442ded624d6ca4112d5b192f856be2874c5c043110272bb6fda8f","16243506","1751822651","2025-07-07 00:24:11","0xdbf204a6a04aded6f4664917278a9e62d1e89713","0x2cfc85d8e48f8eab294be644d9e25c3030863003","99,600,000,000","N/A","0xdbf204a6a04aded6f4664917278a9e62d1e89713","ERC-20: PAC Protocol","PAC"
"0xf75e1f429b74e8970523a1f0e991acfe7efd3edf59963876787d4b52a032ee3f","16243508","1751822655","2025-07-07 00:24:15","0xf4f3773064b5fc476b4058865f495ac223fd16bb","0x2cfc85d8e48f8eab294be644d9e25c3030863003","99,600,000,000","N/A","0xf4f3773064b5fc476b4058865f495ac223fd16bb","ERC-20: DraftCoin","DFT"
"0xb9db676aa4c09df5a224706724b178ca18f39d274505bf18c72f98a8bc10bd3b","16243511","1751822661","2025-07-07 00:24:21","0x634c0a14372ac670de280f743de78f41569f0570","0x2cfc85d8e48f8eab294be644d9e25c3030863003","99,600,000,000","N/A","0x634c0a14372ac670de280f743de78f41569f0570","ERC-20: ClubCoin","CLUB"
"0xf8c6f0bd9a4e91bb5bbba7a09f34ad3327815f95f0633c5cd204f33eba83e8a0","16243513","1751822665","2025-07-07 00:24:25","0x07979b6f39791b5f4696a9849094c64228115e08","0x2cfc85d8e48f8eab294be644d9e25c3030863003","99,600,000,000","N/A","0x07979b6f39791b5f4696a9849094c64228115e08","ERC-20: Adzcoin","ADZ"
"0xb959c3166be4a8367c9d997b1781c6bbde1b6b80374c4220ef6cbe6a055b221c","16243515","1751822669","2025-07-07 00:24:29","0x36e0ba438dc8e0a9aaa5bc9f039ed909bd8ce4d2","0x2cfc85d8e48f8eab294be644d9e25c3030863003","99,600,000,000","N/A","0x36e0ba438dc8e0a9aaa5bc9f039ed909bd8ce4d2","ERC-20: AvatarCoin","AV"
"0xde18fbbc96370a45af788823bad45f01be217e5b45935792b1b5e8e40a9efb27","16243517","1751822673","2025-07-07 00:24:33","0x37e40f94bdfb3c911438878387a0a829201cc41e","0x2cfc85d8e48f8eab294be644d9e25c3030863003","99,600,000,000","N/A","0x37e40f94bdfb3c911438878387a0a829201cc41e","ERC-20: Validity","VAL"
"0x15c8b55a9e86ac244a449add350d8b626e6c3b2a8cd68069217f36fd3d2fdeca","16243544","1751822727","2025-07-07 00:25:27","0x0bfa58a2ec707496828d24681685b5e25e6cf5fd","0x2cfc85d8e48f8eab294be644d9e25c3030863003","99,600,000,000","N/A","0x0bfa58a2ec707496828d24681685b5e25e6cf5fd","ERC-20: Litecred","LTCR"
"0xc9b0062d3ad51c51a562574c618633d65da9fa4d61da1339d78b25a366caf827","16243547","1751822733","2025-07-07 00:25:33","0xdd6e3172a110b03cc092b3d62d49de36c7bd4a03","0x2cfc85d8e48f8eab294be644d9e25c3030863003","99,600,000,000","N/A","0xdd6e3172a110b03cc092b3d62d49de36c7bd4a03","ERC-20: SaluS","SLS"
"0xc27e4789904e79fb2962b09efe31dca310ae42696c410b10671a1e79e327cef9","16243549","1751822737","2025-07-07 00:25:37","0x298330703f82ffe6b7b3e92fff0c8b0b43d81f11","0x2cfc85d8e48f8eab294be644d9e25c3030863003","99,600,000,000","N/A","0x298330703f82ffe6b7b3e92fff0c8b0b43d81f11","ERC-20: Francs","FRN"
"0x746d96e2ce0255aed6680edf21dfd94d8cb73ced0f6dda3cd9602711a3ab8c82","16243551","1751822741","2025-07-07 00:25:41","0x222af192a9052cc4c375630429aea6cb592bb367","0x2cfc85d8e48f8eab294be644d9e25c3030863003","99,600,000,000","N/A","0x222af192a9052cc4c375630429aea6cb592bb367","ERC-20: Evil Coin","EVIL"
"0x07c3d210b9725b14e355a4fbc90da99a9f4142b5c7fcd3e7379fe241ce21b573","16243553","1751822745","2025-07-07 00:25:45","0x50b4ef5400411d13e5c36a4a6509f03bfef9dc5d","0x2cfc85d8e48f8eab294be644d9e25c3030863003","99,600,000,000","N/A","0x50b4ef5400411d13e5c36a4a6509f03bfef9dc5d","ERC-20: Decred","DCR"
"0x6a3eab1fbdc6f0b1f3c3335391cd9c9c71e93365284594524288bc0c3e1ad8b1","16243555","1751822749","2025-07-07 00:25:49","0xbf9f7ba4a9b210098c96f3701f20d1bcd66954b3","0x2cfc85d8e48f8eab294be644d9e25c3030863003","99,600,000,000","N/A","0xbf9f7ba4a9b210098c96f3701f20d1bcd66954b3","ERC-20: PIVX","PIVX"
"0x2fced2f0092fc1b09636fcf0fc1e037356974506e831a076a3f73a840ff2fa0d","16243557","1751822753","2025-07-07 00:25:53","0x8efafcd07f9e164256a800afe116a8a9bcc95912","0x2cfc85d8e48f8eab294be644d9e25c3030863003","99,600,000,000","N/A","0x8efafcd07f9e164256a800afe116a8a9bcc95912","ERC-20: Rubies","RBIES"
"0x9a40e69415a46725dbe62f7ae0efda1805d3243e04ebc6793065bde4bf395f1f","16243560","1751822759","2025-07-07 00:25:59","0xcf3608da0a7962136e534759e106bc0d23193525","0x2cfc85d8e48f8eab294be644d9e25c3030863003","99,600,000,000","N/A","0xcf3608da0a7962136e534759e106bc0d23193525","ERC-20: FreedomCoin","FREED"
"0x9758f79335f14be81c9166779d711883bfdda098ed4134dd113a6895697a7f6b","16243562","1751822763","2025-07-07 00:26:03","0xf0dd07c2d43e4cce1d6aaa52b117f5c60e9f1242","0x2cfc85d8e48f8eab294be644d9e25c3030863003","99,600,000,000","N/A","0xf0dd07c2d43e4cce1d6aaa52b117f5c60e9f1242","ERC-20: Memetic / PepeCoin","MEME"
"0x44431ccd93e1dd5bb5160248f10fd4aff452f1dc2fa7bd86592b7d8110c69f64","16243564","1751822767","2025-07-07 00:26:07","0x5464fdab0d91051f26c94e8ee314bcec543869d5","0x2cfc85d8e48f8eab294be644d9e25c3030863003","99,600,000,000","N/A","0x5464fdab0d91051f26c94e8ee314bcec543869d5","ERC-20: Independent Money System","IMS"
"0x5b9606ca7d0fdd692668e4d7513400f11aedcbeb13962b20aef957097054f839","16243593","1751822825","2025-07-07 00:27:05","0xf5598bbba88dc9397668faf447512c2659f39b89","0x2cfc85d8e48f8eab294be644d9e25c3030863003","99,600,000,000","N/A","0xf5598bbba88dc9397668faf447512c2659f39b89","ERC-20: NevaCoin","NEVA"
"0x363d4602040ab80a6dc196cd57192e78863eb376235dd79eb20b24bc20738be3","16243595","1751822829","2025-07-07 00:27:09","0x9d98b39221b50b7d0e6eac3bb374208284192b80","0x2cfc85d8e48f8eab294be644d9e25c3030863003","99,600,000,000","N/A","0x9d98b39221b50b7d0e6eac3bb374208284192b80","ERC-20: PosEx","PEX"
"0x6fb0812c9e9262aa593c1532845e526f6805348d6d0777a761691284374edcb6","16243597","1751822833","2025-07-07 00:27:13","0x89a69347fa9e5f8e714fdb0f17fd5a7a2c9935dd","0x2cfc85d8e48f8eab294be644d9e25c3030863003","99,600,000,000","N/A","0x89a69347fa9e5f8e714fdb0f17fd5a7a2c9935dd","ERC-20: Cabbage","CAB"
"0x22733c12d3f55f754bd4a333ec7a0eabc8aef38730c0cbb3ce624be21e77bdfa","16243599","1751822837","2025-07-07 00:27:17","0x7d1a63474f91c18ec9450d485063ca498ee3ae25","0x2cfc85d8e48f8eab294be644d9e25c3030863003","99,600,000,000","N/A","0x7d1a63474f91c18ec9450d485063ca498ee3ae25","ERC-20: MojoCoin","MOJO"
"0x0efb06fcc179f2f9e09b70b8f5c0a060930c63face3a6c8b2ee436660a5887bf","16243601","1751822841","2025-07-07 00:27:21","0x680a089bd91c134632e8f5238c044b54331f0c63","0x2cfc85d8e48f8eab294be644d9e25c3030863003","99,600,000,000","N/A","0x680a089bd91c134632e8f5238c044b54331f0c63","ERC-20: Lisk","LSK"
"0xdc448679bc0005bb57784ca0040a03e6420aa34afb5ec57edcaf92ed59e2f410","16243604","1751822847","2025-07-07 00:27:27","0xcebb22e92bb23c8f67df3077f77748995da48d5d","0x2cfc85d8e48f8eab294be644d9e25c3030863003","99,600,000,000","N/A","0xcebb22e92bb23c8f67df3077f77748995da48d5d","ERC-20: EDRCoin","EDRC"
"0x1f1109dbc8606828573ef8029bb26b667b090f99a4da299e44edcc5f11f02078","16243607","1751822853","2025-07-07 00:27:33","0x4ddd9bf5deba61e9e5745794fd60db3c365a9fcb","0x2cfc85d8e48f8eab294be644d9e25c3030863003","99,600,000,000","N/A","0x4ddd9bf5deba61e9e5745794fd60db3c365a9fcb","ERC-20: PostCoin","POST"
"0xa8ea7c3789067337eabe12bf55052e48c965b2b9978adeff9b081c8a69695c88","16243610","1751822859","2025-07-07 00:27:39","0xae9e6e89e781795e9cae94bad079cd4bd3b5b0b9","0x2cfc85d8e48f8eab294be644d9e25c3030863003","99,600,000,000","N/A","0xae9e6e89e781795e9cae94bad079cd4bd3b5b0b9","ERC-20: BERNcash","BERN"
"0x80037775e014c4b02c85581ee58c53c2381bc1149a7838e1f52880a03fbf5a4e","16243612","1751822863","2025-07-07 00:27:43","0xc423b3a693e8a43dfe6374c629ab669f225f2735","0x2cfc85d8e48f8eab294be644d9e25c3030863003","99,600,000,000","N/A","0xc423b3a693e8a43dfe6374c629ab669f225f2735","ERC-20: Steem","STEEM"
"0x59b66c4ce265e28e381e61021f5a821b5465484946cd697fdcb233b9bf3e50ae","16243614","1751822867","2025-07-07 00:27:47","0x74bb20f1a1aa5a89c714edd1b5ab75c5263d3ab0","0x2cfc85d8e48f8eab294be644d9e25c3030863003","99,600,000,000","N/A","0x74bb20f1a1aa5a89c714edd1b5ab75c5263d3ab0","ERC-20: HiCoin","XHI"
"0x824ac5f7faa14d6eba9d498aa85595fd06128b3268ac331ddb511ef2e115a5d9","16243639","1751822917","2025-07-07 00:28:37","0xb9dd91d2bcae248aadd8807344e31833075d4508","0x2cfc85d8e48f8eab294be644d9e25c3030863003","99,600,000,000","N/A","0xb9dd91d2bcae248aadd8807344e31833075d4508","ERC-20: Bitcoin 21","XBTC21"
"0x4f497c64de2359a8ed34264c5950ef51fb0eb7930f12a68ac6555537f7eccc90","16243641","1751822921","2025-07-07 00:28:41","0x7c2836ac02b3fc20f5877b12cb2c1f6e6fdaa0b5","0x2cfc85d8e48f8eab294be644d9e25c3030863003","99,600,000,000","N/A","0x7c2836ac02b3fc20f5877b12cb2c1f6e6fdaa0b5","ERC-20: Zurcoin","ZUR"
"0x45fa73fd3f38605bbea368fa65e1eaa8c50c294f35a8b15a2f1d134ce733c41a","16243643","1751822925","2025-07-07 00:28:45","0x409c9c22531150550f8e7b4cb55c14c5224da6db","0x2cfc85d8e48f8eab294be644d9e25c3030863003","99,600,000,000","N/A","0x409c9c22531150550f8e7b4cb55c14c5224da6db","ERC-20: 2GIVE","2GIVE"
"0x18013d94a83a1635a71e54baf1a0553735067fe77cef7340f080749c770ef6a4","16243645","1751822929","2025-07-07 00:28:49","0x9c8ad9e7d1ab7cb4b1cb1d2dfe2b8dfc66b50b53","0x2cfc85d8e48f8eab294be644d9e25c3030863003","99,600,000,000","N/A","0x9c8ad9e7d1ab7cb4b1cb1d2dfe2b8dfc66b50b53","ERC-20: PlatinumBAR","XPTX"
"0xc068d0f9a41f6fbfb01d63784a788fc4749004c28ed529a59b3900d7d8eaf9bb","16243647","1751822933","2025-07-07 00:28:53","0xa5e9538b8361d3637d0e57eb0bb10b80f6ef7253","0x2cfc85d8e48f8eab294be644d9e25c3030863003","99,600,000,000","N/A","0xa5e9538b8361d3637d0e57eb0bb10b80f6ef7253","ERC-20: LanaCoin","LANA"
"0xbbdc088061e3dd549b097a7d9c8d2368d3d8b8b586b780baa142081103c3753a","16243649","1751822937","2025-07-07 00:28:57","0x05a9288f5e9e771cb102932c63340e7639b5bda0","0x2cfc85d8e48f8eab294be644d9e25c3030863003","99,600,000,000","N/A","0x05a9288f5e9e771cb102932c63340e7639b5bda0","ERC-20: PonziCoin","PONZI"
"0xfb40b07d078f469ed44f10624a55ffbb7e57ebb336276e4543c3f5b35c3baef8","16243651","1751822941","2025-07-07 00:29:01","0xb513d300f3fced4cb332dd549cec6f7cbd6af646","0x2cfc85d8e48f8eab294be644d9e25c3030863003","99,600,000,000","N/A","0xb513d300f3fced4cb332dd549cec6f7cbd6af646","ERC-20: Citadel","CTL"
"0x71567e042e4e489eed0e0568d72b1a00182c0222dcee5e249ca48d29ce123d5d","16243654","1751822947","2025-07-07 00:29:07","0x87176df51fab799e7c383ef1db472b19e3d761c5","0x2cfc85d8e48f8eab294be644d9e25c3030863003","99,600,000,000","N/A","0x87176df51fab799e7c383ef1db472b19e3d761c5","ERC-20: Waves","WAVES"
"0xa989c55e7ff00693dd10d83c2aee3f4d7d476a3ad711ffbce4ea60001142a7e7","16243656","1751822951","2025-07-07 00:29:11","0x2f6243155ad35902e20709853c7446a939eec17a","0x2cfc85d8e48f8eab294be644d9e25c3030863003","99,600,000,000","N/A","0x2f6243155ad35902e20709853c7446a939eec17a","ERC-20: ION","ION"
"0x988248925292f3ff1cd3e96c88aeba61be7439860f59866935b5ef3145e4f81e","16243658","1751822955","2025-07-07 00:29:15","0x3aa3c69d2216c94eba0bc3c2f6ff7d227b60cce9","0x2cfc85d8e48f8eab294be644d9e25c3030863003","99,600,000,000","N/A","0x3aa3c69d2216c94eba0bc3c2f6ff7d227b60cce9","ERC-20: High Voltage","HVCO"
"0x9396bf56b12e4c368f0f1524328d7e814b14e7c7014cd55f12b8b36d0cae18ad","16243691","1751823021","2025-07-07 00:30:21","0x507554ef21a1662276edfcf8b20fec33430145e5","0x2cfc85d8e48f8eab294be644d9e25c3030863003","99,600,000,000","N/A","0x507554ef21a1662276edfcf8b20fec33430145e5","ERC-20: GoldBlocks","GB"
"0x646a2082527220aef47d8bb60dc35650c9b057676723d9d18bf5801a650f9155","16243692","1751823023","2025-07-07 00:30:23","0xcd34efcb1275fba2870edf086ffe28cca7cf9325","0x2cfc85d8e48f8eab294be644d9e25c3030863003","99,600,000,000","N/A","0xcd34efcb1275fba2870edf086ffe28cca7cf9325","ERC-20: Comet","CMT"
"0x32557f92791772e08cc1331d5b0c8644f40f8a399c21a84dff62728fe8f27467","16243694","1751823027","2025-07-07 00:30:27","0xe72e34dcda97e375e7807da8b1e6ee799b05f0f0","0x2cfc85d8e48f8eab294be644d9e25c3030863003","99,600,000,000","N/A","0xe72e34dcda97e375e7807da8b1e6ee799b05f0f0","ERC-20: ChessCoin","CHESS"
"0x9eae5d95f67769c69016ed697a0a3451550ba667f414b1523ad4d0c5d01cf3c2","16243696","1751823031","2025-07-07 00:30:31","0x9b59cc642e1ffd32883fcf3ab89f34c5ca22d48a","0x2cfc85d8e48f8eab294be644d9e25c3030863003","99,600,000,000","N/A","0x9b59cc642e1ffd32883fcf3ab89f34c5ca22d48a","ERC-20: LBRY Credits","LBC"
"0xded3bfccdfef6ec31881b9b16ac95824c0e6201cb30909a9856a3919f2bb1902","16243698","1751823035","2025-07-07 00:30:35","0x56e41b1b1906b0571a44dc1bce69e6fff28689b2","0x2cfc85d8e48f8eab294be644d9e25c3030863003","99,600,000,000","N/A","0x56e41b1b1906b0571a44dc1bce69e6fff28689b2","ERC-20: PUTinCoin","PUT"
"0x8afbd0dd50a0e8b35b4f1017e003e5dbf9df2306375d6914beb2f5f0a4dc42d1","16243700","1751823039","2025-07-07 00:30:39","0xd96bf34d0b7e3b859f74a425779988ce6306f6b4","0x2cfc85d8e48f8eab294be644d9e25c3030863003","99,600,000,000","N/A","0xd96bf34d0b7e3b859f74a425779988ce6306f6b4","ERC-20: Cryptojacks","CJ"
"0x5c7912b93084e1f724a914bf2a145033f91f2b8274a7b7491604bdb6103eae40","16243703","1751823045","2025-07-07 00:30:45","0x8c87b91af1d96e915dc05db5119c6b62f283c9b1","0x2cfc85d8e48f8eab294be644d9e25c3030863003","99,600,000,000","N/A","0x8c87b91af1d96e915dc05db5119c6b62f283c9b1","ERC-20: Steem Dollars","SBD"
"0x3b49e51843d6b695a103b1c41575cb89d08e7330767f31bc7eee55598db8b532","16243706","1751823051","2025-07-07 00:30:51","0xe39c22e90eb9349b72bc291f563a9e40694c1d2f","0x2cfc85d8e48f8eab294be644d9e25c3030863003","99,600,000,000","N/A","0xe39c22e90eb9349b72bc291f563a9e40694c1d2f","ERC-20: Ardor","ARDR"
"0x271de99273a9ef8a509702cded0d1a8648b8c85f5ee4d83423a5ed83d5bbef92","16243709","1751823057","2025-07-07 00:30:57","0x247f56e4b01b9ed7e349dc99fdfd9519b8f31895","0x2cfc85d8e48f8eab294be644d9e25c3030863003","99,600,000,000","N/A","0x247f56e4b01b9ed7e349dc99fdfd9519b8f31895","ERC-20: Ethereum Classic","ETC"
"0x5dffc5df69a77269ffea274f31c1ae1613c5c184cd1c5846d5642bb16501d393","16243711","1751823061","2025-07-07 00:31:01","0x9107854bb0c8b9d89af3277ba32600a6daca828c","0x2cfc85d8e48f8eab294be644d9e25c3030863003","99,600,000,000","N/A","0x9107854bb0c8b9d89af3277ba32600a6daca828c","ERC-20: Stratis [Old]","STRAX"
"0x61b8ef59c28a43d6a8edd6a58c8c2e916fec0011c57fcb743a504d1e7c35c65a","16243739","1751823117","2025-07-07 00:31:57","0xdac204f0e9d80c16a43beec1c2789acc849e10dd","0x2cfc85d8e48f8eab294be644d9e25c3030863003","99,600,000,000","N/A","0xdac204f0e9d80c16a43beec1c2789acc849e10dd","ERC-20: Aces","ACES"
"0x0aa90fec19dd99f966b5cc4c6f65179e7d6be58a51046a852096afd112c9af1e","16243743","1751823125","2025-07-07 00:32:05","0x41bf43b29c98152be842484a86710e84c47bb59f","0x2cfc85d8e48f8eab294be644d9e25c3030863003","99,600,000,000","N/A","0x41bf43b29c98152be842484a86710e84c47bb59f","ERC-20: TajCoin","TAJ"
"0x0054113c7f91df9f35b89cfc1111db0d89f18a4b619aa34b458d9f7e8b295250","16243747","1751823133","2025-07-07 00:32:13","0xb42f555cfc197139d8b0dc70963e32d456f1d219","0x2cfc85d8e48f8eab294be644d9e25c3030863003","99,600,000,000","N/A","0xb42f555cfc197139d8b0dc70963e32d456f1d219","ERC-20: Veltor","VLT"
"0xbfdd916ecb5257d097ce2328204a3127653b253730241adc207cb3bfe0c3de5e","16243750","1751823139","2025-07-07 00:32:19","0x69f154caf5c70f2d3f812ced9e48f66596bf6705","0x2cfc85d8e48f8eab294be644d9e25c3030863003","99,600,000,000","N/A","0x69f154caf5c70f2d3f812ced9e48f66596bf6705","ERC-20: Neo","NEO"
"0xa553768c2746532738bca30e74d077a76a603e25511bacd3fa2666644db47c4b","16243752","1751823143","2025-07-07 00:32:23","0xf17a2de2e5dcbca1fd33eb394c9db5a55ba353d7","0x2cfc85d8e48f8eab294be644d9e25c3030863003","99,600,000,000","N/A","0xf17a2de2e5dcbca1fd33eb394c9db5a55ba353d7","ERC-20: NoLimitCoin","NLC"
"0x15b76b4874c42d7ddaa9a96122d11985341fb54bddc43d84bde9b9584fbe8516","16243754","1751823147","2025-07-07 00:32:27","0xda20de2246c96b680038f48455e1a1a0d5ce1944","0x2cfc85d8e48f8eab294be644d9e25c3030863003","99,600,000,000","N/A","0xda20de2246c96b680038f48455e1a1a0d5ce1944","ERC-20: Zayedcoin","ZYD"
"0xe112b32de71961461911dc02e342884a2324e73bfeba437dfbc277c94e0cb369","16243757","1751823153","2025-07-07 00:32:33","0xbdf7d7737998072872b9a77b8ef7825a8c22209e","0x2cfc85d8e48f8eab294be644d9e25c3030863003","99,600,000,000","N/A","0xbdf7d7737998072872b9a77b8ef7825a8c22209e","ERC-20: Pluton","PLU"
"0x86743dff70a25c088602c7e74c49de38f8f544b17431bd35cf988e319797862d","16243760","1751823159","2025-07-07 00:32:39","0x9121ffa9bcd8d7e20ba9f205574298a206d98a3a","0x2cfc85d8e48f8eab294be644d9e25c3030863003","99,600,000,000","N/A","0x9121ffa9bcd8d7e20ba9f205574298a206d98a3a","ERC-20: Dollarcoin","DLC"
"0x4988283fdeacecaece5c0774fb2eb2d169283cd0b491d93fd8c421d5ff54fc78","16243762","1751823163","2025-07-07 00:32:43","0x84afd2592d843ab63e07940337cb71b77f3d2b26","0x2cfc85d8e48f8eab294be644d9e25c3030863003","99,600,000,000","N/A","0x84afd2592d843ab63e07940337cb71b77f3d2b26","ERC-20: MustangCoin","MST"
"0x06cb06bbc6e96c6f77785c0d7f14f8a8aaf22830477a9b18b729b5266a87da11","16243765","1751823169","2025-07-07 00:32:49","0xae34e9590e96dbad705bfe79416e845fe83e4865","0x2cfc85d8e48f8eab294be644d9e25c3030863003","99,600,000,000","N/A","0xae34e9590e96dbad705bfe79416e845fe83e4865","ERC-20: Firo","FIRO"
"0xffa2dc399359689e901035f106af85ce5d0cbd60dce916232d56d09903699e4d","16243795","1751823229","2025-07-07 00:33:49","0x57b527d8b94b27e6c8ddddf4caf360161ae6dd63","0x2cfc85d8e48f8eab294be644d9e25c3030863003","99,600,000,000","N/A","0x57b527d8b94b27e6c8ddddf4caf360161ae6dd63","ERC-20: Zcash","ZEC"
"0xd140766b79fb88d14d24232749fca298c7999246e3be2a21373648e68ef74fbe","16243797","1751823233","2025-07-07 00:33:53","0x40fb392020746a72f2361f276c100e6c28a2dc2b","0x2cfc85d8e48f8eab294be644d9e25c3030863003","99,600,000,000","N/A","0x40fb392020746a72f2361f276c100e6c28a2dc2b","ERC-20: AllSafe","ASAFE"
"0x0111f8dd9a48e461122f090e853fdf3f4d6679331a70079283173b574a8e43c1","16243799","1751823237","2025-07-07 00:33:57","0x1b63713dff5ac2f9b2c03d7e0510a3002c4c99bb","0x2cfc85d8e48f8eab294be644d9e25c3030863003","99,600,000,000","N/A","0x1b63713dff5ac2f9b2c03d7e0510a3002c4c99bb","ERC-20: ZClassic","ZCL"
"0x87859ae10fa8f71fd75af12868573b36921a3dafe7e1a1d57b9706b63f433e86","16243801","1751823241","2025-07-07 00:34:01","0x2ac65c76a607cc0cf1d6fcbd26743692f1d7e862","0x2cfc85d8e48f8eab294be644d9e25c3030863003","99,600,000,000","N/A","0x2ac65c76a607cc0cf1d6fcbd26743692f1d7e862","ERC-20: Golem","GLM"
"0x0862a73c9a85479f6bfc19658f5c87060a3e5ebf6ac5c6360aca5924faf33f2b","16243803","1751823245","2025-07-07 00:34:05","0x7316452e4131f263507d518220d46f30ec78af84","0x2cfc85d8e48f8eab294be644d9e25c3030863003","99,600,000,000","N/A","0x7316452e4131f263507d518220d46f30ec78af84","ERC-20: Hush","HUSH"
"0xe5f7cb94cf20fb9b5713931c048869813d3a19b43be37e993c5d99afff1f926f","16243806","1751823251","2025-07-07 00:34:11","0x13b47ce80b17b611c335977829a98c685dc6ec26","0x2cfc85d8e48f8eab294be644d9e25c3030863003","99,600,000,000","N/A","0x13b47ce80b17b611c335977829a98c685dc6ec26","ERC-20: Kurrent","KURT"
"0x81e1600de42a906d89314f905c8125eb1bd16f09646e786c527f3be9cdc07df5","16243809","1751823257","2025-07-07 00:34:17","0x8fbd637dc4653c84e925159cfb64c7681e43406a","0x2cfc85d8e48f8eab294be644d9e25c3030863003","99,600,000,000","N/A","0x8fbd637dc4653c84e925159cfb64c7681e43406a","ERC-20: Pascal","PASC"
"0x156b93d877abde362e8e9d7a42e268c0ab1f60021a99d7e5379d009d74a5c7dd","16243811","1751823261","2025-07-07 00:34:21","0xeb465b366d8a4d180f7931ec0829c3a784c8afaa","0x2cfc85d8e48f8eab294be644d9e25c3030863003","99,600,000,000","N/A","0xeb465b366d8a4d180f7931ec0829c3a784c8afaa","ERC-20: Eternity","ENT"
"0xb3dd928184d50621ca38b3d89485ef0b27a469ececb5a2330722a7493baf0c4a","16243813","1751823265","2025-07-07 00:34:25","0xb88717fa9ac76ae2f2acdb0b113d6dcd590c32df","0x2cfc85d8e48f8eab294be644d9e25c3030863003","99,600,000,000","N/A","0xb88717fa9ac76ae2f2acdb0b113d6dcd590c32df","ERC-20: Obyte","GBYTE"
"0xb727d271e22bc31d7f16ff5174c72d6a932474670fdae2c95dd1922f81647ca7","16243816","1751823271","2025-07-07 00:34:31","0xe4f7717003b7b26ea54f6c75d97d0266dec34617","0x2cfc85d8e48f8eab294be644d9e25c3030863003","99,600,000,000","N/A","0xe4f7717003b7b26ea54f6c75d97d0266dec34617","ERC-20: PoSW Coin","POSW"
"0x9512d309709b796f6918f889ad8d0544de1d926e56eea857c28366da4d1fad1f","16243848","1751823335","2025-07-07 00:35:35","0xbe2a73f6b166420e8dd72487c7aad211da204a59","0x2cfc85d8e48f8eab294be644d9e25c3030863003","99,600,000,000","N/A","0xbe2a73f6b166420e8dd72487c7aad211da204a59","ERC-20: Wings","WINGS"
"0x13de55f601873424bc595be51a2b1fcc469c0875297b1dbb32a9fa0b7015f349","16243851","1751823341","2025-07-07 00:35:41","0xec579a2860da8c6d147b9d464e05d49306866154","0x2cfc85d8e48f8eab294be644d9e25c3030863003","99,600,000,000","N/A","0xec579a2860da8c6d147b9d464e05d49306866154","ERC-20: Jupiter","JUP"
"0x0383bd9ea6016542808e94c9cd959e9393e767639d77d9c198ea3cf0acf0b6b1","16243853","1751823345","2025-07-07 00:35:45","0xbefccc38a0e63d2644e1b26193605d46790be7dc","0x2cfc85d8e48f8eab294be644d9e25c3030863003","99,600,000,000","N/A","0xbefccc38a0e63d2644e1b26193605d46790be7dc","ERC-20: ALIAS","ALIAS"
"0x700c7c33cc870cc1d4d13d83c4962a9bad2eac260a63392399edde95f1053c45","16243855","1751823349","2025-07-07 00:35:49","0x092cc4ed4e53832df5245e678699dbd931130207","0x2cfc85d8e48f8eab294be644d9e25c3030863003","99,600,000,000","N/A","0x092cc4ed4e53832df5245e678699dbd931130207","ERC-20: PureVidz","VIDZ"
"0x7f05f83b4a5d07f8e5130d64f4ab62a17411c4b364d7d73e519755d8f1a1030a","16243857","1751823353","2025-07-07 00:35:53","0x65f2d2eb64a626299dd17e36705e45c05b9604c3","0x2cfc85d8e48f8eab294be644d9e25c3030863003","99,600,000,000","N/A","0x65f2d2eb64a626299dd17e36705e45c05b9604c3","ERC-20: ICOBID","ICOB"
"0x38d11c47ffe0fcadd986e2c67d262509071fccca6ef7aaccd8723e5430edef3e","16243859","1751823357","2025-07-07 00:35:57","0x64cfb2c536f530f9b8dc217d26446b48afda8c75","0x2cfc85d8e48f8eab294be644d9e25c3030863003","99,600,000,000","N/A","0x64cfb2c536f530f9b8dc217d26446b48afda8c75","ERC-20: iBank","IBANK"
"0xd5b799c6de581f13242a5d30dcca948bcc81123d0cadcff6d503a9221fd6909c","16243861","1751823361","2025-07-07 00:36:01","0x4eb2cc73d1b44d217aed9f62f8163cba2decf9f0","0x2cfc85d8e48f8eab294be644d9e25c3030863003","99,600,000,000","N/A","0x4eb2cc73d1b44d217aed9f62f8163cba2decf9f0","ERC-20: Maker","MKR"
"0x5e4ed478dedea049af370c418db4e56208f8155d972e3aa18e05ef5bcd0772bb","16243863","1751823365","2025-07-07 00:36:05","0x56b3037cfa50357596c79ac0ff43ad47459bcb40","0x2cfc85d8e48f8eab294be644d9e25c3030863003","99,600,000,000","N/A","0x56b3037cfa50357596c79ac0ff43ad47459bcb40","ERC-20: Komodo","KMD"
"0x31d4351c14a16882a7ee3a422ade94f493d062d82f46ca49a28e1510d8b568b6","16243865","1751823369","2025-07-07 00:36:09","0xe8b0197542ce0b05b7da163a3e5a3b0f7bcd352f","0x2cfc85d8e48f8eab294be644d9e25c3030863003","99,600,000,000","N/A","0xe8b0197542ce0b05b7da163a3e5a3b0f7bcd352f","ERC-20: FirstCoin","FRST"
"0xaeb8d75274cbcf5bf4ee592733691520d4f3a01051ff96f8f5b2dd9d11b46c8a","16243867","1751823373","2025-07-07 00:36:13","0x1fec590a7febe706680b988bb2a71d3601b667f6","0x2cfc85d8e48f8eab294be644d9e25c3030863003","99,600,000,000","N/A","0x1fec590a7febe706680b988bb2a71d3601b667f6","ERC-20: Iconic","ICON"
"0x56a334e640bfea215539ce2ee757baca58675c774de9c870b298369498639264","16243900","1751823439","2025-07-07 00:37:19","0xe65ade05167efa882d89a234443be4738afd3280","0x2cfc85d8e48f8eab294be644d9e25c3030863003","99,600,000,000","N/A","0xe65ade05167efa882d89a234443be4738afd3280","ERC-20: Centurion","CNT"
"0x46f27456c201a8b6bd88012ad1a46168f0ab89c93cb4590d622eb3e9fbf6b2eb","16243903","1751823445","2025-07-07 00:37:25","0x584bbd57876838380b2f59574c7b7567fadeedce","0x2cfc85d8e48f8eab294be644d9e25c3030863003","99,600,000,000","N/A","0x584bbd57876838380b2f59574c7b7567fadeedce","ERC-20: Enzyme","MLN"
"0x2eb02aff434024a47bfcf712d12f2066df1b23a0f51a1d378bf3d3b8788b1e35","16243905","1751823449","2025-07-07 00:37:29","0x6426fcae3c5efa2c133d2eb0a7b363d8c4ea2326","0x2cfc85d8e48f8eab294be644d9e25c3030863003","99,600,000,000","N/A","0x6426fcae3c5efa2c133d2eb0a7b363d8c4ea2326","ERC-20: Argus","ARGUS"
"0xcc77c431ea57ecc0b34730807bde8bd0f59b7618bdbf28aea63233bd2b5de535","16243909","1751823457","2025-07-07 00:37:37","0x1c7b3aed4f93f9adba53eb98ce73bcfaf32a0baf","0x2cfc85d8e48f8eab294be644d9e25c3030863003","99,600,000,000","N/A","0x1c7b3aed4f93f9adba53eb98ce73bcfaf32a0baf","ERC-20: Swarm City","SWT"
"0xad69e3d2c128d7e0387a68b0b42e508c1421a736c4a106e3e0980ce6eced6621","16243912","1751823463","2025-07-07 00:37:43","0xb36a23683a52487363fc74d366d1eee274400c43","0x2cfc85d8e48f8eab294be644d9e25c3030863003","99,600,000,000","N/A","0xb36a23683a52487363fc74d366d1eee274400c43","ERC-20: Nano","XNO"
"0x06cb0daedec5112ff34f18d8b0138314ae6a3e47672cfcffdcccd730fbd8ebf8","16243914","1751823467","2025-07-07 00:37:47","0x61bfb557d391230cd023c39e846007029a000592","0x2cfc85d8e48f8eab294be644d9e25c3030863003","99,600,000,000","N/A","0x61bfb557d391230cd023c39e846007029a000592","ERC-20: Zero","ZER"
"0xc107fd3d9ad364e84f618bcdd636ea25bef0fd1d8123fe0285002e66d830018c","16243916","1751823471","2025-07-07 00:37:51","0xef34bfd01b72d8a6f639e87a1d3388883109d20b","0x2cfc85d8e48f8eab294be644d9e25c3030863003","99,600,000,000","N/A","0xef34bfd01b72d8a6f639e87a1d3388883109d20b","ERC-20: Netko","NETKO"
"0xcb04ffe545bcffad2d6393cef2c3537bda99feaa79757903790a2ba6e7547432","16243918","1751823475","2025-07-07 00:37:55","0x2319c9e2e1544bde9ac41eb178ad1782ab1d2f50","0x2cfc85d8e48f8eab294be644d9e25c3030863003","99,600,000,000","N/A","0x2319c9e2e1544bde9ac41eb178ad1782ab1d2f50","ERC-20: Ark","ARK"
"0xd925b093de1c1f3e04bdcf2cc048cf9b251dbf87346db9d2b11ee4899bf8ef6b","16243920","1751823479","2025-07-07 00:37:59","0x947d733eb1d5ee79a1a0e103fc047ca4e0a0adf5","0x2cfc85d8e48f8eab294be644d9e25c3030863003","99,600,000,000","N/A","0x947d733eb1d5ee79a1a0e103fc047ca4e0a0adf5","ERC-20: DIBCOIN","DIBC"
"0xf021251e853785ce3f2df894fc8b2ea3f1810ba64cb2db81793a67a4b0d9d85f","16243923","1751823485","2025-07-07 00:38:05","0xccdc4b1def39ee1c686c19dad2dea20be55dc12d","0x2cfc85d8e48f8eab294be644d9e25c3030863003","99,600,000,000","N/A","0xccdc4b1def39ee1c686c19dad2dea20be55dc12d","ERC-20: Skycoin","SKY"
"0xbd8369a9490228de0f6a7d988ec5ca366922a0d29995ff51b6520f5752a45662","16243954","1751823547","2025-07-07 00:39:07","0xcaa56f6f06ffeac6432a17c77079fa8925fbfcf9","0x2cfc85d8e48f8eab294be644d9e25c3030863003","99,600,000,000","N/A","0xcaa56f6f06ffeac6432a17c77079fa8925fbfcf9","ERC-20: BlazerCoin","BLAZR"
"0xfd3600a8e55bc4cdc3cb17961c2fb10bc06f7c354d1eb2bad6aeadc5cbb69322","16243957","1751823553","2025-07-07 00:39:13","0x153a099f574b9675c73e5459d7c3dc46dab18ef8","0x2cfc85d8e48f8eab294be644d9e25c3030863003","99,600,000,000","N/A","0x153a099f574b9675c73e5459d7c3dc46dab18ef8","ERC-20: Zennies","ZENI"
"0x6a5c91e74910e8590a1a1819490f7861e8b0f48b2738eb8d37fedc2525e5293d","16243959","1751823557","2025-07-07 00:39:17","0x603b6c98212351ec2e4b2752dd88764c95499fba","0x2cfc85d8e48f8eab294be644d9e25c3030863003","99,600,000,000","N/A","0x603b6c98212351ec2e4b2752dd88764c95499fba","ERC-20: Coinonat","CXT"
"0x1b5640d7f4df4db0060bc5a496bd6d7c21206acdf9c65342a0d1652da5b51db8","16243961","1751823561","2025-07-07 00:39:21","0x3ff499d9a1590d133fda072dc4812468a8fa2b4e","0x2cfc85d8e48f8eab294be644d9e25c3030863003","99,600,000,000","N/A","0x3ff499d9a1590d133fda072dc4812468a8fa2b4e","ERC-20: Concoin","CONX"
"0x3b59a51535b932ff7887c2b13844462728fe679df7c9164a40c88d403092ed45","16243963","1751823565","2025-07-07 00:39:25","0x1ac870a44fe950124206d015ab137a8639f0c89f","0x2cfc85d8e48f8eab294be644d9e25c3030863003","99,600,000,000","N/A","0x1ac870a44fe950124206d015ab137a8639f0c89f","ERC-20: XTRABYTES","XBY"
"0x09980449972898511eb8ff1bca9c991a1b725d97d43e06e6da10120cef93685a","16243965","1751823569","2025-07-07 00:39:29","0x987b64443a0434a65139cbcaaafe38b7d2d7e030","0x2cfc85d8e48f8eab294be644d9e25c3030863003","99,600,000,000","N/A","0x987b64443a0434a65139cbcaaafe38b7d2d7e030","ERC-20: iExec RLC","RLC"
"0xdf4d63feca4fc2433c10ac30b6b80b43df70df7156d69096ab58c793c650287f","16243967","1751823573","2025-07-07 00:39:33","0xbd75fc57903b8ba1fe9c7154540d740e3d22f7d6","0x2cfc85d8e48f8eab294be644d9e25c3030863003","99,600,000,000","N/A","0xbd75fc57903b8ba1fe9c7154540d740e3d22f7d6","ERC-20: WeTrust","TRST"
"0x39edef23009eaf85a376504546bf367ea21d103b446e37c2d917212aa1b4d41b","16243969","1751823577","2025-07-07 00:39:37","0xe3ed25dbf6bdf05f6615532295ac7ccd6e7687a8","0x2cfc85d8e48f8eab294be644d9e25c3030863003","99,600,000,000","N/A","0xe3ed25dbf6bdf05f6615532295ac7ccd6e7687a8","ERC-20: SpeedCash","SCS"
"0xe06260c4f70810722d29cf3830e2aa7fd567398865085ae58548ffaf52cea4ab","16243971","1751823581","2025-07-07 00:39:41","0xf48ee4f9bb1d8cc43b2e2d06d8c7f84d9ac126ff","0x2cfc85d8e48f8eab294be644d9e25c3030863003","99,600,000,000","N/A","0xf48ee4f9bb1d8cc43b2e2d06d8c7f84d9ac126ff","ERC-20: BitCore","BTX"
"0x136a7f39e0ae93d1e790802e37191c5245ffe8f6b6e628fddb68db30b6a394de","16243973","1751823585","2025-07-07 00:39:45","0x2a7940c4377ea1108f74b8359fec693daa168f7b","0x2cfc85d8e48f8eab294be644d9e25c3030863003","99,600,000,000","N/A","0x2a7940c4377ea1108f74b8359fec693daa168f7b","ERC-20: Bitvolt","VOLT"
"0x5e1ebca5823e4133ffe2dfdf4089235ea11019cda86b0b50b792cb3f59fc675e","16244005","1751823649","2025-07-07 00:40:49","0xd94486837ae360a5fc414cf3e445128ad2b43ad0","0x2cfc85d8e48f8eab294be644d9e25c3030863003","99,600,000,000","N/A","0xd94486837ae360a5fc414cf3e445128ad2b43ad0","ERC-20: Lunyr","LUN"
"0x9cdfce85d413b4212c83883e68560c3ae707498563302f996274459072a9f055","16244007","1751823653","2025-07-07 00:40:53","0x826fb311d1f12040e73c33e3938987aa4006767f","0x2cfc85d8e48f8eab294be644d9e25c3030863003","99,600,000,000","N/A","0x826fb311d1f12040e73c33e3938987aa4006767f","ERC-20: Gnosis","GNO"
"0x0ad80da7c8cca504e840ba2b4a17c9edd4b0f6ba2660782d98e479c79bb4d400","16244009","1751823657","2025-07-07 00:40:57","0x91348af53158cb8993040d30aa62c3c76ece2fc1","0x2cfc85d8e48f8eab294be644d9e25c3030863003","99,600,000,000","N/A","0x91348af53158cb8993040d30aa62c3c76ece2fc1","ERC-20: Monolith","TKN"
"0x74aef7ecb6168488d38d6a506cb4291424eb64f046ced3295a6a905e7b6b5b35","16244012","1751823663","2025-07-07 00:41:03","0x95ad3f3930a24cb164838da89d6bfe5cc5b1aac7","0x2cfc85d8e48f8eab294be644d9e25c3030863003","99,600,000,000","N/A","0x95ad3f3930a24cb164838da89d6bfe5cc5b1aac7","ERC-20: Humaniq","HMQ"
"0xf19b78705915bf060f9601483592e3ec8f8e9fb302869bffd01031a34ecec11a","16244014","1751823667","2025-07-07 00:41:07","0x521f35f23795e6c12ff5442334edcfab77b5beb7","0x2cfc85d8e48f8eab294be644d9e25c3030863003","99,600,000,000","N/A","0x521f35f23795e6c12ff5442334edcfab77b5beb7","ERC-20: InsaneCoin","INSN"
"0x0bff6fe6f7b984ce8b0936a231662b869d372ca9f022f158a75b0edd5eea9489","16244016","1751823671","2025-07-07 00:41:11","0x5a6f0607076b3ea4de9c257b29081d598f9b3ce6","0x2cfc85d8e48f8eab294be644d9e25c3030863003","99,600,000,000","N/A","0x5a6f0607076b3ea4de9c257b29081d598f9b3ce6","ERC-20: Aragon","ANT"
"0x61266f058eb458f5e158f281c1e4fc1e02a7233caf0c7be7dd3ea34b85cacb12","16244018","1751823675","2025-07-07 00:41:15","0xe417dc4d15bee74600d3479a17d253c1973fa681","0x2cfc85d8e48f8eab294be644d9e25c3030863003","99,600,000,000","N/A","0xe417dc4d15bee74600d3479a17d253c1973fa681","ERC-20: PRIZM","PZM"
"0xc907943ea368abb89d5b549e2bf2e9f346c939db47805d864a89f588eb8f926a","16244020","1751823679","2025-07-07 00:41:19","0x2f0f163f0ad5bea15b66f9f97c77adebad3d5b3a","0x2cfc85d8e48f8eab294be644d9e25c3030863003","99,600,000,000","N/A","0x2f0f163f0ad5bea15b66f9f97c77adebad3d5b3a","ERC-20: Qtum","QTUM"
"0x2859e9dc62877ef51da90770c94c82a493760d99c4c4b138864e2e04a17cbb43","16244023","1751823685","2025-07-07 00:41:25","0x518aeb55e5dc41640a1520f8f7c92f5ddf94470a","0x2cfc85d8e48f8eab294be644d9e25c3030863003","99,600,000,000","N/A","0x518aeb55e5dc41640a1520f8f7c92f5ddf94470a","ERC-20: Theresa May Coin","MAY"
"0x0026a66659984ca26a56072b792ae1b7377a980165a8aef4d6544ff4ce033fa2","16244026","1751823691","2025-07-07 00:41:31","0xf608ccdd79a654e9bc93db30729ed16a83f2f58e","0x2cfc85d8e48f8eab294be644d9e25c3030863003","99,600,000,000","N/A","0xf608ccdd79a654e9bc93db30729ed16a83f2f58e","ERC-20: Basic Attention Token","BAT"
"0xe1fc344e0e1eecfd1cebdaba145ee88db8dc2d7a13f9933a5bedf8dbf912898e","16244054","1751823747","2025-07-07 00:42:27","0x930f2d8d682b34a62ea054fa3f8bf25bb0a0dd61","0x2cfc85d8e48f8eab294be644d9e25c3030863003","99,600,000,000","N/A","0x930f2d8d682b34a62ea054fa3f8bf25bb0a0dd61","ERC-20: Horizen","ZEN"
"0x802c628004c81eb521c26dc43546f4d715faaa1570b19f37bc08d59d193277f6","16244057","1751823753","2025-07-07 00:42:33","0xc4f949719d1f0ab4804d97f03dc19d2afb8cb725","0x2cfc85d8e48f8eab294be644d9e25c3030863003","99,600,000,000","N/A","0xc4f949719d1f0ab4804d97f03dc19d2afb8cb725","ERC-20: Ã†ternity","AE"
"0x4fe5fe11c1776289b8d73103f3afa657bb05e31dec0d3ebcbfe6bb2862f7dbd7","16244059","1751823757","2025-07-07 00:42:37","0x74abfc8b17e765a21c48cc8e24b42e19ac1e94ac","0x2cfc85d8e48f8eab294be644d9e25c3030863003","99,600,000,000","N/A","0x74abfc8b17e765a21c48cc8e24b42e19ac1e94ac","ERC-20: Aidos Kuneen","ADK"
"0x5a7ec0746add87f8aa4b87f6d449f12dd2f733b0fe655dd92725f5a3ec287967","16244062","1751823763","2025-07-07 00:42:43","0xdf9142b46fb5d684d2d834485e0da317e34f7fb3","0x2cfc85d8e48f8eab294be644d9e25c3030863003","99,600,000,000","N/A","0xdf9142b46fb5d684d2d834485e0da317e34f7fb3","ERC-20: Patientory","PTOY"
"0xd866dd52fcf5ee8ee61c04dbf5b1cf00635747ca10c0302d212c50a38b05f44e","16244065","1751823769","2025-07-07 00:42:49","0x702106532d3c7a441968065f2c5aac0b36373276","0x2cfc85d8e48f8eab294be644d9e25c3030863003","99,600,000,000","N/A","0x702106532d3c7a441968065f2c5aac0b36373276","ERC-20: Veritaseum","VERI"
"0xd4e8c3bda69b1425167affed4b6065fbd0cf5d9005b78871ecfe63b86f6b6182","16244067","1751823773","2025-07-07 00:42:53","0xce87bff696e83213eb5506da6d4e776b2e79c0f5","0x2cfc85d8e48f8eab294be644d9e25c3030863003","99,600,000,000","N/A","0xce87bff696e83213eb5506da6d4e776b2e79c0f5","ERC-20: Quantum Resistant Ledger","QRL"
"0xd6b8112cd000217e633ab43067688a9976ee41081c2f9cccda3cb6e0bdd223d2","16244070","1751823779","2025-07-07 00:42:59","0x77f84e8a75d81aa891a97c114d0f6dae0cf7867b","0x2cfc85d8e48f8eab294be644d9e25c3030863003","99,600,000,000","N/A","0x77f84e8a75d81aa891a97c114d0f6dae0cf7867b","ERC-20: IOTA","IOTA"
"0x0003d07dcb814a51965ae55d419aec77aed9894d53b00066c94ff6cdaa26c46f","16244072","1751823783","2025-07-07 00:43:03","0x6e2fa3ca3978aa1f4c389ea8a30d38bdc1035973","0x2cfc85d8e48f8eab294be644d9e25c3030863003","99,600,000,000","N/A","0x6e2fa3ca3978aa1f4c389ea8a30d38bdc1035973","ERC-20: Mysterium","MYST"
"0x5e35fdde24c6fc0ec2b1795069b1016b985cf02bb26d1d67037dc5f9824d6a0f","16244075","1751823789","2025-07-07 00:43:09","0x8ec06138fb3ab093ed8b54aaaf8bbe6e19d09de1","0x2cfc85d8e48f8eab294be644d9e25c3030863003","99,600,000,000","N/A","0x8ec06138fb3ab093ed8b54aaaf8bbe6e19d09de1","ERC-20: Bancor","BNT"
"0x1a0519c70087522350ecff50efda657c014bfe1335c379401b80ebf2ff164442","16244078","1751823795","2025-07-07 00:43:15","0xc864304287d02c99662dd52fd67b3e30cfbc9f9a","0x2cfc85d8e48f8eab294be644d9e25c3030863003","99,600,000,000","N/A","0xc864304287d02c99662dd52fd67b3e30cfbc9f9a","ERC-20: GlobalToken","GLT"
"0x874a4cde87247e17d4b85aed59501dbd7e70870573b4c59f924554f474f67095","16244109","1751823857","2025-07-07 00:44:17","0x31ef9d82d83626b141e153613ce80313b5d732e0","0x2cfc85d8e48f8eab294be644d9e25c3030863003","99,600,000,000","N/A","0x31ef9d82d83626b141e153613ce80313b5d732e0","ERC-20: Numeraire","NMR"
"0x846ed72c59d03586e88291cc2b163cdd3e499708293d51a5f1762bba1d5a97e4","16244112","1751823863","2025-07-07 00:44:23","0x08d5826227ec2e2dad5265b714694b8c08a58ae4","0x2cfc85d8e48f8eab294be644d9e25c3030863003","99,600,000,000","N/A","0x08d5826227ec2e2dad5265b714694b8c08a58ae4","ERC-20: Unify","UNIFY"
"0xddb5488ea11930ee0ebbe644d3fc73f2f1ca12b251971b11cabc18c27c48b732","16244115","1751823869","2025-07-07 00:44:29","0x71711fb5dcbf146fda7f238a18f3c0b4048f6606","0x2cfc85d8e48f8eab294be644d9e25c3030863003","99,600,000,000","N/A","0x71711fb5dcbf146fda7f238a18f3c0b4048f6606","ERC-20: Dinastycoin","DCY"
"0x044f553a7a4940b4a8773385fcaf38da7775e648925e285de517aa2e91c0f347","16244117","1751823873","2025-07-07 00:44:33","0xc9e781d57b148e6ed6df337b28d8bd079f330176","0x2cfc85d8e48f8eab294be644d9e25c3030863003","99,600,000,000","N/A","0xc9e781d57b148e6ed6df337b28d8bd079f330176","ERC-20: Onix","ONX"
"0xae7495e9525952ace972271375a070326dcba64f02322673476d3dd9856a8c5d","16244119","1751823877","2025-07-07 00:44:37","0x705358a799ec02507018de67aa827a355b4611da","0x2cfc85d8e48f8eab294be644d9e25c3030863003","99,600,000,000","N/A","0x705358a799ec02507018de67aa827a355b4611da","ERC-20: GXChain","GXC"
"0xa3aa05a9b46df4103b00d56ee4e51c44b4edee93b7e7138fb14cbf483662d885","16244122","1751823883","2025-07-07 00:44:43","0xabe3b74c24a6841b88d4cac83e666dbe73dce52f","0x2cfc85d8e48f8eab294be644d9e25c3030863003","99,600,000,000","N/A","0xabe3b74c24a6841b88d4cac83e666dbe73dce52f","ERC-20: FUNToken","FUN"
"0x089b75e3b1a7229e59c87d5b2e680848d834667bcef58cdf6eb40d0a42ff3528","16244126","1751823891","2025-07-07 00:44:51","0x55977ccf474f7506a238f8601b6396dceac08d2c","0x2cfc85d8e48f8eab294be644d9e25c3030863003","99,600,000,000","N/A","0x55977ccf474f7506a238f8601b6396dceac08d2c","ERC-20: Status","SNT"
"0x8d7a1a04e6bca4835009578c282044f26e01341951cf8f01ba4eb35d9b8fa7e3","16244129","1751823897","2025-07-07 00:44:57","0x37c8d431a8a9e379c0d9855a8a1947e2f3f9ee03","0x2cfc85d8e48f8eab294be644d9e25c3030863003","99,600,000,000","N/A","0x37c8d431a8a9e379c0d9855a8a1947e2f3f9ee03","ERC-20: Ergo","ERG"
"0x882d4af9bf51760418751025cd6a384a95561789c37f31e2a80b65111a6d8f47","16244131","1751823901","2025-07-07 00:45:01","0x3b92ca0afe5b1e8e4fda79ecbb2d80e5b5259c80","0x2cfc85d8e48f8eab294be644d9e25c3030863003","99,600,000,000","N/A","0x3b92ca0afe5b1e8e4fda79ecbb2d80e5b5259c80","ERC-20: EOS","EOS"
"0x6e58e29d28eb4ff0b0ae8414c2bb661a45b7ff3b2c12d84aa37fc3b0fdcacd6a","16244133","1751823905","2025-07-07 00:45:05","0x008a6273dd8b0a307d72502ca8850c96dbc1faed","0x2cfc85d8e48f8eab294be644d9e25c3030863003","99,600,000,000","N/A","0x008a6273dd8b0a307d72502ca8850c96dbc1faed","ERC-20: AdEx","ADX"
"0x9545678871e83cca353a23631c5f8c2ba61851f060dd0f4ae5c33712eee2324d","16244163","1751823965","2025-07-07 00:46:05","0x286c4c3d9c99d71406f464b9e663b56717b2968f","0x2cfc85d8e48f8eab294be644d9e25c3030863003","99,600,000,000","N/A","0x286c4c3d9c99d71406f464b9e663b56717b2968f","ERC-20: Storj","STORJ"
"0x4b38c0ad4d6109cea7e982b78f9ab41b9628028edfe44f2b7d0a19137f11edde","16244165","1751823969","2025-07-07 00:46:09","0x228c2e58559216c267fbdf1491b0a6eac44e2db0","0x2cfc85d8e48f8eab294be644d9e25c3030863003","99,600,000,000","N/A","0x228c2e58559216c267fbdf1491b0a6eac44e2db0","ERC-20: SocialCoin","SOCC"
"0x73b65df5495430f00a42c23b259016e69a00bbb29eede47af827efee880e9fe9","16244167","1751823973","2025-07-07 00:46:13","0x4aaf29f6dc2f4ecd1514068440bd45d1b76b6ee0","0x2cfc85d8e48f8eab294be644d9e25c3030863003","99,600,000,000","N/A","0x4aaf29f6dc2f4ecd1514068440bd45d1b76b6ee0","ERC-20: Wagerr","WGR"
"0xea16dc2efc6c848fd067f72935f4fbc6830d54a32d5eff95de4259d70a1434cb","16244170","1751823979","2025-07-07 00:46:19","0x198a183422d22026ac1702cb62acbfab1bb5164a","0x2cfc85d8e48f8eab294be644d9e25c3030863003","99,600,000,000","N/A","0x198a183422d22026ac1702cb62acbfab1bb5164a","ERC-20: Polybius","PLBT"
"0x0723ad12a906252e79bbb0c69ba0352081533eea0e68f03ff3ebadc8b8bb6336","16244173","1751823985","2025-07-07 00:46:25","0x44f83ad2abf0d3aa63709b6c25d641b9b7904558","0x2cfc85d8e48f8eab294be644d9e25c3030863003","99,600,000,000","N/A","0x44f83ad2abf0d3aa63709b6c25d641b9b7904558","ERC-20: Gas","GAS"
"0x5d19d489d713c872d136ccfb5e7c99ed6455cdcec0017f314781740f505617b1","16244175","1751823989","2025-07-07 00:46:29","0xcfedc2e004e96b32e034cd8aa7b5714464fc9b56","0x2cfc85d8e48f8eab294be644d9e25c3030863003","99,600,000,000","N/A","0xcfedc2e004e96b32e034cd8aa7b5714464fc9b56","ERC-20: SunContract","SNC"
"0xec308a369de8e934c9ba92dd31b48323a94ef23a43d2fbd41d436276cde0143a","16244177","1751823993","2025-07-07 00:46:33","0x7e8a14a7d23563e6bc782043e9c549a1eff8d3af","0x2cfc85d8e48f8eab294be644d9e25c3030863003","99,600,000,000","N/A","0x7e8a14a7d23563e6bc782043e9c549a1eff8d3af","ERC-20: Jetcoin","JET"
"0x895f595c20e7919eb0f43c4354f0ef78193d92c95575b9270b3e539fbbc86047","16244179","1751823997","2025-07-07 00:46:37","0x05dabfd42dfe27550025b91fb243b4c509d6b4ad","0x2cfc85d8e48f8eab294be644d9e25c3030863003","99,600,000,000","N/A","0x05dabfd42dfe27550025b91fb243b4c509d6b4ad","ERC-20: Metal DAO","MTL"
"0xf9c496a1d07be79a8c3db2d290fa1e3a136fae16ea482a25844e973793049ef3","16244181","1751824001","2025-07-07 00:46:41","0x156e77666ce24a69b8631bce2dae0462805e8198","0x2cfc85d8e48f8eab294be644d9e25c3030863003","99,600,000,000","N/A","0x156e77666ce24a69b8631bce2dae0462805e8198","ERC-20: Populous","PPT"
"0x23a91bfb553bf7dea8b9d0bee9257b3219ed9e93f61a510d045661a94f96a84c","16244183","1751824005","2025-07-07 00:46:45","0x1299bbb38372c82b259bfb4535ec5afb8ed02e46","0x2cfc85d8e48f8eab294be644d9e25c3030863003","99,600,000,000","N/A","0x1299bbb38372c82b259bfb4535ec5afb8ed02e46","ERC-20: OMG Network","OMG"
"0xaeb28e893cfeb517d4a825219f6dd07f10b5677c2c7fd5707d6544e4353617c5","16244213","1751824065","2025-07-07 00:47:45","0xe7a18a6eb021d8a6a5218e3e45bf7214a5057d08","0x2cfc85d8e48f8eab294be644d9e25c3030863003","99,600,000,000","N/A","0xe7a18a6eb021d8a6a5218e3e45bf7214a5057d08","ERC-20: Metrix Coin","MRX"
"0x2bda8a674669c7e13776171e8590e4866f2400039b15469af21bd90d458ea53c","16244215","1751824069","2025-07-07 00:47:49","0xc3c6445b55296a5c72c97fdf4d8495ab58f9829f","0x2cfc85d8e48f8eab294be644d9e25c3030863003","99,600,000,000","N/A","0xc3c6445b55296a5c72c97fdf4d8495ab58f9829f","ERC-20: Civic","CVC"
"0x40170589ffc2425892e21fac61fe1e6ba52aeb28a08d089a745826567e0f75c8","16244217","1751824073","2025-07-07 00:47:53","0xf6dcbb1495aa3ea1300e1f71a2816b943fda8daf","0x2cfc85d8e48f8eab294be644d9e25c3030863003","99,600,000,000","N/A","0xf6dcbb1495aa3ea1300e1f71a2816b943fda8daf","ERC-20: VGX Token","VGX"
"0xb5d234369af0be540998f8bc4adc4e156e88d4368515e6d0b18c24ae8797223e","16244219","1751824077","2025-07-07 00:47:57","0x5624fb0a940e504fffdf03c70c9ef1c2d55e12c0","0x2cfc85d8e48f8eab294be644d9e25c3030863003","99,600,000,000","N/A","0x5624fb0a940e504fffdf03c70c9ef1c2d55e12c0","ERC-20: Particl","PART"
"0x784782ccc118cb6e21b3e7489cde89d5bb50eb08376aed2a7a6a5b9c09db858f","16244221","1751824081","2025-07-07 00:48:01","0x3238dc7e4e878e074a904fa893cb93e0b295e99b","0x2cfc85d8e48f8eab294be644d9e25c3030863003","99,600,000,000","N/A","0x3238dc7e4e878e074a904fa893cb93e0b295e99b","ERC-20: SmartCash","SMART"
"0x2c51d4c30816a66fe32f72c609fc7c5258abb5f3ed422356d819f0171412734b","16244224","1751824087","2025-07-07 00:48:07","0xce2da9289b1ab597ee3ceac2a64d7a7109395e6c","0x2cfc85d8e48f8eab294be644d9e25c3030863003","99,600,000,000","N/A","0xce2da9289b1ab597ee3ceac2a64d7a7109395e6c","ERC-20: Bitcoin Cash","BCH"
"0x62adc1056ecb855e90dce8b08f2c2ea41fc1eeb95bd2a735ad30e76f1dcd3a1b","16244227","1751824093","2025-07-07 00:48:13","0x64d266f637c3b340afced96e7a14b26108d902c2","0x2cfc85d8e48f8eab294be644d9e25c3030863003","99,600,000,000","N/A","0x64d266f637c3b340afced96e7a14b26108d902c2","ERC-20: Pillar","PLR"
"0x8de5cfea5312848f57d18b2bb8add4522174f7401c031d887a0272691c9a5525","16244229","1751824097","2025-07-07 00:48:17","0x0590bdb06deedf9afc24e7473a557a79c0ff036d","0x2cfc85d8e48f8eab294be644d9e25c3030863003","99,600,000,000","N/A","0x0590bdb06deedf9afc24e7473a557a79c0ff036d","ERC-20: BNB","BNB"
"0xac9faf0cb4ecd29cc2669fa2760a5fcda44be417e7539b26d10f5fdef0166ddc","16244231","1751824101","2025-07-07 00:48:21","0x3fb264f7eca0deb8c88a6e5f926ddd770f30487a","0x2cfc85d8e48f8eab294be644d9e25c3030863003","99,600,000,000","N/A","0x3fb264f7eca0deb8c88a6e5f926ddd770f30487a","ERC-20: GeyserCoin","GSR"
"0xbdc3ab9d62e262c6c7aa91899d9122bd53ce7dc325a2bc3e95c16b9df5cca68a","16244233","1751824105","2025-07-07 00:48:25","0x37b34f8259ea037276f1e322ec5be4aeb140a487","0x2cfc85d8e48f8eab294be644d9e25c3030863003","99,600,000,000","N/A","0x37b34f8259ea037276f1e322ec5be4aeb140a487","ERC-20: OAX","OAX"
"0x1448bddac1b218c5a79c1764887918704c0ab2317b81a8db478c0a74297f77ba","16244260","1751824159","2025-07-07 00:49:19","0x381a9dc9a936553683162b42cce2ace62bae83b7","0x2cfc85d8e48f8eab294be644d9e25c3030863003","99,600,000,000","N/A","0x381a9dc9a936553683162b42cce2ace62bae83b7","ERC-20: district0x","DNT"
"0x9f8074a4b155847d9f6b81a8808ad641ba319e3e79141c3e10893e2bff83a0d1","16244262","1751824163","2025-07-07 00:49:23","0x15b879a18a017b54388740df75a0cfd375c8f9bd","0x2cfc85d8e48f8eab294be644d9e25c3030863003","99,600,000,000","N/A","0x15b879a18a017b54388740df75a0cfd375c8f9bd","ERC-20: BytomDAO","BTM"
"0xdbc807bb3fb46d4097018d359740deedb1a94759c23e8d484cf1495029b87b5b","16244265","1751824169","2025-07-07 00:49:29","0xf05800eafed208163490b6f33e931909b93c9efe","0x2cfc85d8e48f8eab294be644d9e25c3030863003","99,600,000,000","N/A","0xf05800eafed208163490b6f33e931909b93c9efe","ERC-20: Shadow Token","SHDW"
"0x922deea6076ec93b045c7ab521d5d70ff50bc83d0336ad42774100d38d7b9a40","16244267","1751824173","2025-07-07 00:49:33","0xb1c9982fc2dc5b1c752b46a3b0e3c9128bfe05ae","0x2cfc85d8e48f8eab294be644d9e25c3030863003","99,600,000,000","N/A","0xb1c9982fc2dc5b1c752b46a3b0e3c9128bfe05ae","ERC-20: DeepOnion","ONION"
"0x84b47ddf7b9db73cf8cb7af03cde8d9d1bba63e5e9a2e66e7f97ab8aa6743c11","16244269","1751824177","2025-07-07 00:49:37","0x62ce1c86e94a860edfe2749c45d564202279037f","0x2cfc85d8e48f8eab294be644d9e25c3030863003","99,600,000,000","N/A","0x62ce1c86e94a860edfe2749c45d564202279037f","ERC-20: Adshares","ADS"
"0xe6bbc1edbeb6d2f667e5bcfd3804b6f5486a351cbe6c6c55116e215b096392f8","16244272","1751824183","2025-07-07 00:49:43","0x89455063742781becf83fea1e4f5102a85750205","0x2cfc85d8e48f8eab294be644d9e25c3030863003","99,600,000,000","N/A","0x89455063742781becf83fea1e4f5102a85750205","ERC-20: Dent","DENT"
"0x41d266cdfc01eaf6822000227516ab433e1a5dc6bbff06a26420042790e14c10","16244275","1751824189","2025-07-07 00:49:49","0x6fbb92bd8a576a6de894f1894b4351979c27b893","0x2cfc85d8e48f8eab294be644d9e25c3030863003","99,600,000,000","N/A","0x6fbb92bd8a576a6de894f1894b4351979c27b893","ERC-20: InvestFeed","IFT"
"0xae3c390d7fb4ba699fcd3a91eef359ce49ac0c55c482cc447a5611b4e7a01b00","16244276","1751824191","2025-07-07 00:49:51","0x3a1913f8c5156001252b8f8e6169e1291abd3bb8","0x2cfc85d8e48f8eab294be644d9e25c3030863003","99,600,000,000","N/A","0x3a1913f8c5156001252b8f8e6169e1291abd3bb8","ERC-20: The ChampCoin","TCC"
"0xcfeac17d54cb8c3e744137256b5a51d09a8993ebf3ab9d40af8d1681ac38bcd4","16244278","1751824195","2025-07-07 00:49:55","0xa8a27749bade69ddca3922e8b9370925c775876b","0x2cfc85d8e48f8eab294be644d9e25c3030863003","99,600,000,000","N/A","0xa8a27749bade69ddca3922e8b9370925c775876b","ERC-20: 0x Protocol","ZRX"
"0x283026641f91703af66258f5673ac34623fe6fa4a5072f31853c496ac746c77f","16244280","1751824199","2025-07-07 00:49:59","0xcb00eec7bc9f0252246b3a5fb1d249e23f344766","0x2cfc85d8e48f8eab294be644d9e25c3030863003","99,600,000,000","N/A","0xcb00eec7bc9f0252246b3a5fb1d249e23f344766","ERC-20: MyBit","MYB"
"0xa325d50117f629011ac4bed819c85c705b6619e6d6b16c04c121ce1a78f5e326","16244403","1751824445","2025-07-07 00:54:05","0xb248a5a6820abe3cb09c5ab57ddfd25385997037","0x2cfc85d8e48f8eab294be644d9e25c3030863003","99,600,000,000","N/A","0xb248a5a6820abe3cb09c5ab57ddfd25385997037","ERC-20: Nebulas","NAS"
"0x08e21561292d09d09abacd5cb319c97892b05e100782a6eb281558d0d14d5ba9","16244405","1751824449","2025-07-07 00:54:09","0x4294707a35349c8fbe35e144a103c91949c0956f","0x2cfc85d8e48f8eab294be644d9e25c3030863003","99,600,000,000","N/A","0x4294707a35349c8fbe35e144a103c91949c0956f","ERC-20: Achain","ACT"
"0x66f10af1ccf56a37e4fab94755449ba423bc0e6c243a7b92d8aa0552b3093726","16244407","1751824453","2025-07-07 00:54:13","0x7ffbd4cde69346f3e62c341c67f2aba7bf0d9550","0x2cfc85d8e48f8eab294be644d9e25c3030863003","99,600,000,000","N/A","0x7ffbd4cde69346f3e62c341c67f2aba7bf0d9550","ERC-20: Loopring","LRC"
"0x46372e3aedad77df34ec7d5d215f13493e4ba6f3fea88574b4d6d69d2a3475c1","16244409","1751824457","2025-07-07 00:54:17","0xa9b213d8ba1d1d70e6a188872431cd55c977f5dc","0x2cfc85d8e48f8eab294be644d9e25c3030863003","99,600,000,000","N/A","0xa9b213d8ba1d1d70e6a188872431cd55c977f5dc","ERC-20: Monetha","MTH"
"0x227ae78ee745b008f791e50590ebdb59535fee28618b9ec7bbcd5591432568ef","16244412","1751824463","2025-07-07 00:54:23","0xe896445362ac03aefc428758347051affd0625a0","0x2cfc85d8e48f8eab294be644d9e25c3030863003","99,600,000,000","N/A","0xe896445362ac03aefc428758347051affd0625a0","ERC-20: Aventus","AVT"
"0xb7c5f1d3a2945cab5350a93bbf56c8d19712adb72ca14c82c89fcd5429f974ae","16244414","1751824467","2025-07-07 00:54:27","0xc51246cc819d455606c6c96eb09958bc0e1cd05e","0x2cfc85d8e48f8eab294be644d9e25c3030863003","99,600,000,000","N/A","0xc51246cc819d455606c6c96eb09958bc0e1cd05e","ERC-20: Agrello","DLT"
"0xe5f2c86a15b4d7acb53e8d3be868aa854d72129d92679edf402298ef043e79ff","16244418","1751824475","2025-07-07 00:54:35","0x64e078c7b204426be61c098c53021db0e753da2d","0x2cfc85d8e48f8eab294be644d9e25c3030863003","99,600,000,000","N/A","0x64e078c7b204426be61c098c53021db0e753da2d","ERC-20: Vivo","VIVO"
"0xe5895df820bd73ab8fad9b0e1df0794202009a84e90df5049e0a729d8065d575","16244420","1751824479","2025-07-07 00:54:39","0x7bb2087015271c9fd4aed095d5909a22f51ecfbc","0x2cfc85d8e48f8eab294be644d9e25c3030863003","99,600,000,000","N/A","0x7bb2087015271c9fd4aed095d5909a22f51ecfbc","ERC-20: TRON","TRX"
"0xb03444c8d39073a2dbf8bedcf90132e5f880b7c82ef5f559db521ea18da8731f","16244422","1751824483","2025-07-07 00:54:43","0xa6f8e8798f21404f62d16a3ea854371aa4e69fe7","0x2cfc85d8e48f8eab294be644d9e25c3030863003","99,600,000,000","N/A","0xa6f8e8798f21404f62d16a3ea854371aa4e69fe7","ERC-20: BUZZCoin","BUZZ"
"0x9195b1e921ed77adcffed23d38911db508d813002590f77482f54ceac8a8ae47","16244424","1751824487","2025-07-07 00:54:47","0x2e834c1db965be7f8ba63d530668220dbb18107e","0x2cfc85d8e48f8eab294be644d9e25c3030863003","99,600,000,000","N/A","0x2e834c1db965be7f8ba63d530668220dbb18107e","ERC-20: Decentraland","MANA"
"0xca82c37b1c16dd625c8d6ba4d278f74b6d32eed4b72b06a266b95c364702430e","16244454","1751824547","2025-07-07 00:55:47","0xd0fb0c5b100acffb17334150b5597755c76c8f3d","0x2cfc85d8e48f8eab294be644d9e25c3030863003","99,600,000,000","N/A","0xd0fb0c5b100acffb17334150b5597755c76c8f3d","ERC-20: Indorse Token","IND"
"0x13de0624cc8d297508e21a2de81386c45ece3aebd74321c8e05342d12a371b2f","16244456","1751824551","2025-07-07 00:55:51","0x8ab456d16918ec7732e79b3c4febb0dfde84c0ab","0x2cfc85d8e48f8eab294be644d9e25c3030863003","99,600,000,000","N/A","0x8ab456d16918ec7732e79b3c4febb0dfde84c0ab","ERC-20: ATBCoin","ATB"
"0x71b3ea5f6affae68629cb17bcf5516c5b244654bc79254164ecfc06a66d5bd32","16244458","1751824555","2025-07-07 00:55:55","0x524d8dfa66abdf9867df45e9a5dc085aea2680f6","0x2cfc85d8e48f8eab294be644d9e25c3030863003","99,600,000,000","N/A","0x524d8dfa66abdf9867df45e9a5dc085aea2680f6","ERC-20: Propy","PRO"
"0xadf6cbd941eb172932cf5a3ac66358e828bce593b556ca16fd23c35fda33d0f2","16244461","1751824561","2025-07-07 00:56:01","0xe20daf5285d228b0befd907d2847039c130fa35f","0x2cfc85d8e48f8eab294be644d9e25c3030863003","99,600,000,000","N/A","0xe20daf5285d228b0befd907d2847039c130fa35f","ERC-20: Chainlink","LINK"
"0x282da6f7045c05d8f27f3593db749ff450cda026535c9e5ddeb2222150a7e952","16244465","1751824569","2025-07-07 00:56:09","0x822e7f2156ae2629981170019fd6110ff6fe96be","0x2cfc85d8e48f8eab294be644d9e25c3030863003","99,600,000,000","N/A","0x822e7f2156ae2629981170019fd6110ff6fe96be","ERC-20: Substratum","SUB"
"0x9167ef956bbe517647f5d46d313a19b53fa6c1b11d8d2bcaac538788160cb50e","16244468","1751824575","2025-07-07 00:56:15","0x2044aa0f3cc92f0f8073e30317e0cb4633f18a1b","0x2cfc85d8e48f8eab294be644d9e25c3030863003","99,600,000,000","N/A","0x2044aa0f3cc92f0f8073e30317e0cb4633f18a1b","ERC-20: Rivetz","RVT"
"0xa9590723f8dd8d33c5a333431d065a84d8c4671bbc0b9aa1466b5f64277aa063","16244495","1751824629","2025-07-07 00:57:09","0x7afeb1d2fe038f2a0c4f276ba76984ca710a19d6","0x2cfc85d8e48f8eab294be644d9e25c3030863003","99,600,000,000","N/A","0x7afeb1d2fe038f2a0c4f276ba76984ca710a19d6","ERC-20: Kin","KIN"
"0x7bc5237360b6bf5c2b95c26bf4804e735aa5c7c48f4cbbf1204913129f910d94","16244498","1751824635","2025-07-07 00:57:15","0x33072b9b023ff1e4aa39d21350ad34e198e19f01","0x2cfc85d8e48f8eab294be644d9e25c3030863003","99,600,000,000","N/A","0x33072b9b023ff1e4aa39d21350ad34e198e19f01","ERC-20: ColossusXT","COLX"
"0x31098d81040e6b8818bc560a5ba053a90ce50d7ae388b617c2cafbaa0b9c2ecd","16244506","1751824651","2025-07-07 00:57:31","0x255644af01b71fe05595865adcb59fb6c0b17c30","0x2cfc85d8e48f8eab294be644d9e25c3030863003","99,600,000,000","N/A","0x255644af01b71fe05595865adcb59fb6c0b17c30","ERC-20: TrezarCoin","TZC"
"0xd242b4bdc896965579d2f34db80ebcfeb17c441371f045943fbaa9eba0f46fa5","16244510","1751824659","2025-07-07 00:57:39","0x75df72b743a2af924c1471658b5c9b9d55e9dcb9","0x2cfc85d8e48f8eab294be644d9e25c3030863003","99,600,000,000","N/A","0x75df72b743a2af924c1471658b5c9b9d55e9dcb9","ERC-20: Bismuth","BIS"
"0x8cb21853f6619a6e5143cdc4d035adf3ccd1e88e0b609868ddb1476acfd2a56e","16244542","1751824723","2025-07-07 00:58:43","0x889b1ce7e830349ef4c81457e8f6a0b305bf8137","0x2cfc85d8e48f8eab294be644d9e25c3030863003","99,600,000,000","N/A","0x889b1ce7e830349ef4c81457e8f6a0b305bf8137","ERC-20: Cardano","ADA"
"0xa1376ac74146125f9dc141b38f3e29767d6ed3eddc1ea655cefcc950e0fe7e7c","16244544","1751824727","2025-07-07 00:58:47","0x6c1c3c3768344977610a67f630de118b43b6f4cb","0x2cfc85d8e48f8eab294be644d9e25c3030863003","99,600,000,000","N/A","0x6c1c3c3768344977610a67f630de118b43b6f4cb","ERC-20: Tezos","XTZ"
"0x40a613bc2c69a599ccc9b39ba08868e56781bf074bbe56e4ad58a3092098f607","16244547","1751824733","2025-07-07 00:58:53","0xa427b45eb33f135529b86384d79940d99e238c12","0x2cfc85d8e48f8eab294be644d9e25c3030863003","99,600,000,000","N/A","0xa427b45eb33f135529b86384d79940d99e238c12","ERC-20: Viberate","VIB"
"0x9531d402ac890e2dd1aaf683af03a96dae678dee0b5ec35c8a1baabcba4ee16f","16244549","1751824737","2025-07-07 00:58:57","0x44b52c88fc020fc40e95a4e5f5979f5712750f0c","0x2cfc85d8e48f8eab294be644d9e25c3030863003","99,600,000,000","N/A","0x44b52c88fc020fc40e95a4e5f5979f5712750f0c","ERC-20: Internxt","INXT"
"0x45ad7e78b0965697dbb702e74baab31c982416e72fa77e0a936120e3f4db5f86","16244553","1751824745","2025-07-07 00:59:05","0x7c15a94f2ec4f43161ebeb8e5610cd2dc85737c1","0x2cfc85d8e48f8eab294be644d9e25c3030863003","99,600,000,000","N/A","0x7c15a94f2ec4f43161ebeb8e5610cd2dc85737c1","ERC-20: Cryptonex","CNX"
"0xddc0462250cb646e95bfc7b237b452eba925e4e06e1a64e53ae5a045b9174499","16244555","1751824749","2025-07-07 00:59:09","0xc0fa1d5adcfec920b25a3f8f0f227f350e0d0a61","0x2cfc85d8e48f8eab294be644d9e25c3030863003","99,600,000,000","N/A","0xc0fa1d5adcfec920b25a3f8f0f227f350e0d0a61","ERC-20: BitcoinZ","BTCZ"
"0x6a4fa7519382445750d621aa1f3fcd069d900da641bab43c88c6934bfc8fe8b5","16244557","1751824753","2025-07-07 00:59:13","0xd30a2c623870976dd1ef97922595a2f1d4aac373","0x2cfc85d8e48f8eab294be644d9e25c3030863003","99,600,000,000","N/A","0xd30a2c623870976dd1ef97922595a2f1d4aac373","ERC-20: Cindicator","CND"
"0x27439851f53994da57034189c06ef157de6b5d2e7724822ac8aa7ed9ad6ab1dc","16244559","1751824757","2025-07-07 00:59:17","0xdea069a20e947a5ae5a9c6431513eabeb1fb74f2","0x2cfc85d8e48f8eab294be644d9e25c3030863003","99,600,000,000","N/A","0xdea069a20e947a5ae5a9c6431513eabeb1fb74f2","ERC-20: Zeusshield","ZSC"
"0x05158dad923ded150ab95dc4db3b0673c14aee2b82c923ad6bd10ddd1a67c91a","16244561","1751824761","2025-07-07 00:59:21","0xd8f5781286e3c6bf8a520922e5a10f8fabd9e673","0x2cfc85d8e48f8eab294be644d9e25c3030863003","99,600,000,000","N/A","0xd8f5781286e3c6bf8a520922e5a10f8fabd9e673","ERC-20: AirSwap","AST"
"0xbd310a77f99c3962231273277165dfb06acb639b364cc95005d28c8683974265","16244566","1751824771","2025-07-07 00:59:31","0x43a8930232b6c9192fab207c5ee5c4b242d074ef","0x2cfc85d8e48f8eab294be644d9e25c3030863003","99,600,000,000","N/A","0x43a8930232b6c9192fab207c5ee5c4b242d074ef","ERC-20: Aion","AION"
"0x2e17508025195e3f3ac6bcc8856c61319a7ff14ee895be41c1b58b8032f28829","16244596","1751824831","2025-07-07 01:00:31","0x7205325b27e2bcdaa1f7f4f83976b21e379a5a7e","0x2cfc85d8e48f8eab294be644d9e25c3030863003","99,600,000,000","N/A","0x7205325b27e2bcdaa1f7f4f83976b21e379a5a7e","ERC-20: DomRaider","DRT"
"0x714f11a69d62d925ddbf2e40de5c5f7edd08b0344d13894003d8ebcd851cebd1","16244598","1751824835","2025-07-07 01:00:35","0xf3f7cbda3afbba5e88b21729bef3831ea9269d95","0x2cfc85d8e48f8eab294be644d9e25c3030863003","99,600,000,000","N/A","0xf3f7cbda3afbba5e88b21729bef3831ea9269d95","ERC-20: Request","REQ"
"0x07cc00d7a010de3f9e4f753f782408f13330c3f93df4e3ec81c7b6ebdda46273","16244600","1751824839","2025-07-07 01:00:39","0xd3f9b0996eeb43182963707c2d7dcdf801a6119b","0x2cfc85d8e48f8eab294be644d9e25c3030863003","99,600,000,000","N/A","0xd3f9b0996eeb43182963707c2d7dcdf801a6119b","ERC-20: Blue Protocol","BLUE"
"0x6b0e47c552ed2cca9932d2b6396b304b789dfe711b734ac16230135338477bd1","16244603","1751824845","2025-07-07 01:00:45","0xbabf3373c033f3a7270c244a6e51d8070547c1c4","0x2cfc85d8e48f8eab294be644d9e25c3030863003","99,600,000,000","N/A","0xbabf3373c033f3a7270c244a6e51d8070547c1c4","ERC-20: Ascendia (ex AirDAO)","AMB"
"0x2028e8626e99a9f965ac41fb974a56e3655c2159e03c194d4cd04354c79d7e99","16244605","1751824849","2025-07-07 01:00:49","0x2a1130be51ceeb6ba63d541b235adcc8ea7bf1de","0x2cfc85d8e48f8eab294be644d9e25c3030863003","99,600,000,000","N/A","0x2a1130be51ceeb6ba63d541b235adcc8ea7bf1de","ERC-20: Bitcoin Gold","BTG"
"0x89da88fa703db340ef44d47cafefc405635fc1d6abd4ff844c071398e9157888","16244608","1751824855","2025-07-07 01:00:55","0x4794c89992527f1757f9279277f935f815dc7c34","0x2cfc85d8e48f8eab294be644d9e25c3030863003","99,600,000,000","N/A","0x4794c89992527f1757f9279277f935f815dc7c34","ERC-20: KuCoin Token","KCS"
"0x0fd62df8a3d62b48ceb2afb811eab46e21ce200af4f30eb95e02179d321d8a97","16244610","1751824859","2025-07-07 01:00:59","0x7aed8c9845be22f6af83e6c834e17ddf4f132118","0x2cfc85d8e48f8eab294be644d9e25c3030863003","99,600,000,000","N/A","0x7aed8c9845be22f6af83e6c834e17ddf4f132118","ERC-20: LATOKEN","LA"
"0x79ac6c3621f400a7b69d1d626251c8f46837460d8e0d27b6dc2dfe26ad502128","16244613","1751824865","2025-07-07 01:01:05","0xdc68a3c3cf349dc3f04247eba96833ea861c404c","0x2cfc85d8e48f8eab294be644d9e25c3030863003","99,600,000,000","N/A","0xdc68a3c3cf349dc3f04247eba96833ea861c404c","ERC-20: NULS","NULS"
"0x96c5a041ac18cfacd37e682a1177ad52614758d81b4898b4505b7b35aad40146","16244615","1751824869","2025-07-07 01:01:09","0x2a7467d45ae3c6e74ccdf0525c846236e15b8774","0x2cfc85d8e48f8eab294be644d9e25c3030863003","99,600,000,000","N/A","0x2a7467d45ae3c6e74ccdf0525c846236e15b8774","ERC-20: Ripio Credit Network","RCN"
"0x877572008f0ffddb67f42f273aafc1e49169c423d69639b4fb4be1da671441f7","16244617","1751824873","2025-07-07 01:01:13","0x563925ed764e992500e9b7a9299b0b331ca64860","0x2cfc85d8e48f8eab294be644d9e25c3030863003","99,600,000,000","N/A","0x563925ed764e992500e9b7a9299b0b331ca64860","ERC-20: ICON","ICX"
"0xe26729396130ed745bc4140e53c34ab8c6b63e6a711678e668716dc148fde5d5","16244653","1751824945","2025-07-07 01:02:25","0x03dc6ca99c0fe62155e420c6ac1564960172f162","0x2cfc85d8e48f8eab294be644d9e25c3030863003","99,600,000,000","N/A","0x03dc6ca99c0fe62155e420c6ac1564960172f162","ERC-20: iEthereum","IETH"
"0xe8f3a08e5f284b6cce5bb8e382b1953e3ef0651633eff0b9b4c82e42908f1073","16244656","1751824951","2025-07-07 01:02:31","0x73e75c507440dce90da165f8ba74dda16a1401be","0x2cfc85d8e48f8eab294be644d9e25c3030863003","99,600,000,000","N/A","0x73e75c507440dce90da165f8ba74dda16a1401be","ERC-20: Enjin Coin","ENJ"
"0x41130b62f04b2f277032ffb5a364538fda7d7f14e330b2d1be65f3320cfa0480","16244658","1751824955","2025-07-07 01:02:35","0x1609813f78e7dbf029beeb99eb3df8b6f80a77d5","0x2cfc85d8e48f8eab294be644d9e25c3030863003","99,600,000,000","N/A","0x1609813f78e7dbf029beeb99eb3df8b6f80a77d5","ERC-20: Powerledger","POWR"
"0xecd22b70a90ed23249899bc8d13360a061dee8af5ea10cd0234650f4ccd4f3f7","16244660","1751824959","2025-07-07 01:02:39","0xe576e71e28d62a408584d3f017d85ca24ac8322b","0x2cfc85d8e48f8eab294be644d9e25c3030863003","99,600,000,000","N/A","0xe576e71e28d62a408584d3f017d85ca24ac8322b","ERC-20: Revain","REV"
"0x7705a4b8ef6662f4a3f7be95a3b685b5aa8ab48671670de36656ecb14f91a6dd","16244663","1751824965","2025-07-07 01:02:45","0xab4dffadc5f0e3e429f42bd927b15cd2f2fcd528","0x2cfc85d8e48f8eab294be644d9e25c3030863003","99,600,000,000","N/A","0xab4dffadc5f0e3e429f42bd927b15cd2f2fcd528","ERC-20: ATLANT","ATL"
"0x26098a9726692e661984434340a69fb65ffaa569f0eee6d804f853b5f6fa9e37","16244664","1751824967","2025-07-07 01:02:47","0x7493ab50a885f118935c64513103216ea2cec5bc","0x2cfc85d8e48f8eab294be644d9e25c3030863003","99,600,000,000","N/A","0x7493ab50a885f118935c64513103216ea2cec5bc","ERC-20: Electroneum","ETN"
"0x14f335c800162b6da538e8678a3e953020b49bc884f08a396625764f2d802cf1","16244667","1751824973","2025-07-07 01:02:53","0x4d9d61965a6a5465e5d79c03dd3bb1f9980ef652","0x2cfc85d8e48f8eab294be644d9e25c3030863003","99,600,000,000","N/A","0x4d9d61965a6a5465e5d79c03dd3bb1f9980ef652","ERC-20: Streamr","DATA"
"0xa9728b864e8ca3cac9928042e5cd8c437e62401ff3fc1d4172c6f64a000f5f41","16244670","1751824979","2025-07-07 01:02:59","0xf3434c16888377e6c8b56184f5a38675a90d3c80","0x2cfc85d8e48f8eab294be644d9e25c3030863003","99,600,000,000","N/A","0xf3434c16888377e6c8b56184f5a38675a90d3c80","ERC-20: Phore","PHR"
"0xbc249e030584d60719090383f0c1f3f65a2549311923f53cb67cbc1cc65cddd7","16244677","1751824993","2025-07-07 01:03:13","0x7cd125d078c23750406dcee9484ac893f88ee251","0x2cfc85d8e48f8eab294be644d9e25c3030863003","99,600,000,000","N/A","0x7cd125d078c23750406dcee9484ac893f88ee251","ERC-20: Innova","INN"
"0x826989ed366792568a7f8e33f82ee438ec279c19f5c464a8793327a33cc6594d","16244679","1751824997","2025-07-07 01:03:17","0x28483db888171c521296a6e7f5dad70f358782f2","0x2cfc85d8e48f8eab294be644d9e25c3030863003","99,600,000,000","N/A","0x28483db888171c521296a6e7f5dad70f358782f2","ERC-20: Raiden Network Token","RDN"
"0xf05e2d2a5de453a04abe859451c8c51d1a184be2010ba54970fb97e31b2e5b77","16244714","1751825067","2025-07-07 01:04:27","0xc5f8d54a1736a9d032ffbcc11cc409b108ad076a","0x2cfc85d8e48f8eab294be644d9e25c3030863003","99,600,000,000","N/A","0xc5f8d54a1736a9d032ffbcc11cc409b108ad076a","ERC-20: Delphy","DPY"
"0xdc72496667774a84fde10a21d244ad0606ec6a8e64a30b78eb70b23d2a38aa25","16244716","1751825071","2025-07-07 01:04:31","0xe1ffbf1f814af0c4ba72574c3132a278698ab5ae","0x2cfc85d8e48f8eab294be644d9e25c3030863003","99,600,000,000","N/A","0xe1ffbf1f814af0c4ba72574c3132a278698ab5ae","ERC-20: Upfiring","UFR"
"0x7642f5bfc25a767833cb5338d99f61937e052c8a8e02737d38787e090afe3931","16244718","1751825075","2025-07-07 01:04:35","0x78e4e0c6dce53bb6ace7150ce622f071d769f59f","0x2cfc85d8e48f8eab294be644d9e25c3030863003","99,600,000,000","N/A","0x78e4e0c6dce53bb6ace7150ce622f071d769f59f","ERC-20: Privatix","PRIX"
"0x231e64b03e2585da758808a581da7894dae222f099f5594b0cbebf88467d90cb","16244720","1751825079","2025-07-07 01:04:39","0xc73b1f68ecc5b611e03a2e71e0fbb1888666c24e","0x2cfc85d8e48f8eab294be644d9e25c3030863003","99,600,000,000","N/A","0xc73b1f68ecc5b611e03a2e71e0fbb1888666c24e","ERC-20: EncrypGen","DNA"
"0x9deb4afdd48448221dfb19935a6e1bd72d05e9faeb567dead66a79e4dbebf50b","16244723","1751825085","2025-07-07 01:04:45","0xe022130cf23b1078230fec4997c44a2e2d98eebf","0x2cfc85d8e48f8eab294be644d9e25c3030863003","99,600,000,000","N/A","0xe022130cf23b1078230fec4997c44a2e2d98eebf","ERC-20: Ink","INK"
"0x30e6696d30026f08599364cf3d3ed2c196074ace25b2cd13505b28518b800955","16256893","1751849425","2025-07-07 07:50:25","0x43222f934ea5c593a060a6d46772fdbdc2e2cff0","0x2cfc85d8e48f8eab294be644d9e25c3030863003","2.73329","$2.46","0x2cfc85d8e48f8eab294be644d9e25c3030863003","Worldcoin","WLD"
"0xd63bcc430a0d84a8bc9e020bfab3de9db7097862fcb2367ab42b5756abca5061","16260627","1751856893","2025-07-07 09:54:53","0x08216ef432c9fb96c1e20f03d71072bcc74ee970","0x2cfc85d8e48f8eab294be644d9e25c3030863003","0.2","$0.18","0x2cfc85d8e48f8eab294be644d9e25c3030863003","Worldcoin","WLD"
"0xb075ba613b9430f7bc9be3f96edc912b2ebb049750c8e60cecf852be915cad33","16264483","1751864605","2025-07-07 12:03:25","0x6c69abbd94ab3afd2b324e900d592f3a9b6b5fa0","0x2cfc85d8e48f8eab294be644d9e25c3030863003","3.25","$2.93","0x2cfc85d8e48f8eab294be644d9e25c3030863003","Worldcoin","WLD"
"0x46316e40356630a6151ab4b73dc362de68527fef1045a849a34e1cdb51dc7ff0","16270138","1751875915","2025-07-07 15:11:55","0x6c69abbd94ab3afd2b324e900d592f3a9b6b5fa0","0x2cfc85d8e48f8eab294be644d9e25c3030863003","0.75","$0.68","0x2cfc85d8e48f8eab294be644d9e25c3030863003","Worldcoin","WLD"
"0xe6f2268648683c3786c8a552e793769fecb881a9de4e73ed0714cd2e915be51f","16286590","1751908819","2025-07-08 00:20:19","0x1ec793c01ffcba501134f7027739c407c82acb60","0x2cfc85d8e48f8eab294be644d9e25c3030863003","0","$0.00","0x2cfc85d8e48f8eab294be644d9e25c3030863003","Worldcoin","WLD"
"0x9947549e928cbfa48ae55121cd4903a7abe83e036cc3cb1c1d106db05ae049dd","16302535","1751940709","2025-07-08 09:11:49","0xca57e86e9ebb9b32fcb5f01fa310f2dde323d520","0x2cfc85d8e48f8eab294be644d9e25c3030863003","0.29","N/A","0x0d07eae5672293430c3b335c2b2afe8f39be7bd7","ERC-20: GoldCoin","GOLD"
"0x47d5039f3146cca2bf2f51c1971cb0848d4b92c8a7dc62d10d61332003ae2719","16303991","1751943621","2025-07-08 10:00:21","0x1ec793c01ffcba501134f7027739c407c82acb60","0x2cfc85d8e48f8eab294be644d9e25c3030863003","0","$0.00","0x2cfc85d8e48f8eab294be644d9e25c3030863003","Worldcoin","WLD"
"0x69acb2f2ac86fb9bfba4d15078a1c1234642657947fa13c494c72c7414f4e450","16304656","1751944951","2025-07-08 10:22:31","0xc42a5a01387a49eac53d4e970d433894d5e3d500","0x2cfc85d8e48f8eab294be644d9e25c3030863003","0.000000277435818225","$0.00","0x2cfc85d8e48f8eab294be644d9e25c3030863003","Worldcoin","WLD"
"0x0211a31f2a1cecf976b230e85998207ce524dfd381ae927999618972cdfb5d0a","16305901","1751947441","2025-07-08 11:04:01","0x5a985a5d93958e46b83570a5e2e794a2ccef5691","0x2cfc85d8e48f8eab294be644d9e25c3030863003","0.00000092","$0.10","0x03c7054bcb39f7b2e5b2c7acb37583e32d70cfa3","Wrapped BTC","WBTC"
"0x21a7826d6fb2ca6262c79edbb0451def4b87c3f147951a2060efd8815680532d","16305924","1751947487","2025-07-08 11:04:47","0x5a985a5d93958e46b83570a5e2e794a2ccef5691","0x2cfc85d8e48f8eab294be644d9e25c3030863003","1,000","N/A","0xf3f92a60e6004f3982f0fde0d43602fc0a30a0db","ERC-20: Orb","ORB"
"0xafcf9bce569c11278ae29c8cc6e7d8e695fdd7494e54551545bb15e744ae978a","16312377","1751960393","2025-07-08 14:39:53","0x1ec793c01ffcba501134f7027739c407c82acb60","0x2cfc85d8e48f8eab294be644d9e25c3030863003","0","$0.00","0x2cfc85d8e48f8eab294be644d9e25c3030863003","Worldcoin","WLD"
"0x96661a4bd8b417fc852bd285f69c171ba4eea7e1d49f3ebe74140d9842038e38","16312498","1751960635","2025-07-08 14:43:55","0x1ec793c01ffcba501134f7027739c407c82acb60","0x2cfc85d8e48f8eab294be644d9e25c3030863003","0","$0.00","0x2cfc85d8e48f8eab294be644d9e25c3030863003","Worldcoin","WLD"
"0x312f3b4d4c6a54fce48bba0d31c3eb3fbbc2a39a7913624bcabb687da146595e","16316037","1751967713","2025-07-08 16:41:53","0xa21298e8648cbfa42c44d6ce1a082531a44cb9d1","0x2cfc85d8e48f8eab294be644d9e25c3030863003","150,000","N/A","0xce72d86de5b34853f7297e1b2852a57496e44f5b","ERC-20: WldTorrent","WLT"
"0xe20186f8ee7045b4b32b096c5744752639b33dd68fc17bc98930372de452f877","16318681","1751973001","2025-07-08 18:10:01","0x51408b5d11cd1e244f1cc5df3257862a2793b15c","0x2cfc85d8e48f8eab294be644d9e25c3030863003","0.001142218242756171","$0.00","0x2cfc85d8e48f8eab294be644d9e25c3030863003","Worldcoin","WLD"
"0x894fd2815ebed18df7d31a2f34466ebdab01cbfe0a739d93396dc40454a8fc46","16319045","1751973729","2025-07-08 18:22:09","0xdffb9fffa24e4d34a25eb896be3e63a8dde09ebe","0x2cfc85d8e48f8eab294be644d9e25c3030863003","5.843206","$5.84","0x79a02482a880bce3f13e09da970dc34db4cd24d1","USDC","USDC"
"0xf4c3f685b99f542e5cc1eb42b07e824ff465226f3ddd11d5f9ce4eaa55f16a15","16331641","1751998921","2025-07-09 01:22:01","0x1ec793c01ffcba501134f7027739c407c82acb60","0x2cfc85d8e48f8eab294be644d9e25c3030863003","0","$0.00","0x2cfc85d8e48f8eab294be644d9e25c3030863003","Worldcoin","WLD"
"0x6d5011952196a4b859b8d523f166f7063d11b5ff5a9fa3455296713f32633338","16331667","1751998973","2025-07-09 01:22:53","0x3dffa257e3b025871829ecbe71f0fb3aaca65793","0x2cfc85d8e48f8eab294be644d9e25c3030863003","62.671814050714428125","N/A","0xed49fe44fd4249a09843c2ba4bba7e50beca7113","DNAToken","DNA"
"0x2f937c73d72ef3a49e9f3a9b55d20ee5f5c8e947f843186dcbbff9ef63017ba5","16331955","1751999549","2025-07-09 01:32:29","0x1ec793c01ffcba501134f7027739c407c82acb60","0x2cfc85d8e48f8eab294be644d9e25c3030863003","0","$0.00","0x2cfc85d8e48f8eab294be644d9e25c3030863003","Worldcoin","WLD"
"0x2cb7efd91f8b2f07db8deaf84c9f4e9a476d6d77ad57120723ae6ae154c65ccd","16333862","1752003363","2025-07-09 02:36:03","0x188ab1cd89ce7a2db0f58af081e4cfa6de3e4a6e","0x2cfc85d8e48f8eab294be644d9e25c3030863003","51.498744880744456258","N/A","0xed49fe44fd4249a09843c2ba4bba7e50beca7113","DNAToken","DNA"
"0xdeb6cd19f2a8fac07cf81758af0ac738257489ed3adaf6cd682b8038eb640701","16335968","1752007575","2025-07-09 03:46:15","0x3641f7112ac52bf1e89b1b33821dd4376382bb38","0x2cfc85d8e48f8eab294be644d9e25c3030863003","1,608.104737932345377101","N/A","0x0500b77f2aa3bbcc9144288690abd29b79338226","ERC-20: Eyes The Frog","FROG"
"0x68f5a1ba08fc8b0afea760fe102c888fc0248df7b13f34788649108040b836a7","16349412","1752034463","2025-07-09 11:14:23","0xa21298e8648cbfa42c44d6ce1a082531a44cb9d1","0x2cfc85d8e48f8eab294be644d9e25c3030863003","21,000,000","N/A","0x414fd5e2b1531a16003ac3dcdf3fb72c4d2c48be","ERC-20: London Boy","LBY"
"0x3d50ee79f81d4318cbe98d729d70350db7ddc22719ec8fb517df7b4d35dfcadb","16364203","1752064045","2025-07-09 19:27:25","0xcf82d21e6f12df6676e1679327706e85f5070bcb","0x2cfc85d8e48f8eab294be644d9e25c3030863003","0","$0.00","0x2cfc85d8e48f8eab294be644d9e25c3030863003","Worldcoin","WLD"
"0x0aabb7521be77b989d367239894961c3c3d55e995af915d0b7f48ab895d82d94","16366352","1752068343","2025-07-09 20:39:03","0x43222f934ea5c593a060a6d46772fdbdc2e2cff0","0x2cfc85d8e48f8eab294be644d9e25c3030863003","2.84","$2.49","0x2cfc85d8e48f8eab294be644d9e25c3030863003","Worldcoin","WLD"
"0x1aa42380ec0f6714fa3c26467b254cef46aa4e125b68f15be8951a876176c0e0","16366632","1752068903","2025-07-09 20:48:23","0xe823671adc96b9139ef08939517394ade55d120b","0x2cfc85d8e48f8eab294be644d9e25c3030863003","55.543783691127528845","N/A","0xed49fe44fd4249a09843c2ba4bba7e50beca7113","DNAToken","DNA"
"0x916427a6535afc442067f9f497394aa64bdec5e6cba64965a90edaa16cda5b7a","16368298","1752072235","2025-07-09 21:43:55","0xe823671adc96b9139ef08939517394ade55d120b","0x2cfc85d8e48f8eab294be644d9e25c3030863003","1","N/A","0xcd1e32b86953d79a6ac58e813d2ea7a1790cab63","ERC-20: ORO","ORO"
"0xd6f17663bb484ce18ff86c22c7bdfd48f20d619370b437f4fe014e2a53ec0090","16377698","1752091035","2025-07-10 02:57:15","0xeedefeab6e7c10682a91b14d13b2646e63b3caa5","0x2cfc85d8e48f8eab294be644d9e25c3030863003","13.002913133740311342","N/A","0x8bb05e4a4f7e98e57b4271801c2b55c04cd9b485","ERC-20: IRON SAM","SAMA"
"0xeecf00173c2bdccc998d777b485704620462e30482043f222a9e8ef083206dfa","16385938","1752107515","2025-07-10 07:31:55","0x43222f934ea5c593a060a6d46772fdbdc2e2cff0","0x2cfc85d8e48f8eab294be644d9e25c3030863003","239,095,328.58801","N/A","0x1d9946e463a41db6805ddf1b509fb10865927881","ERC-20: Argentina","ARGENTINA"
"0xc4b7c8a7fc91d18d2756cd754159f94c822a4c7c8b46ecbc72f7f6500a43d885","16394206","1752124051","2025-07-10 12:07:31","0xee15bd11b5771e11a9d49f29bdc8b50a5f359b43","0x2cfc85d8e48f8eab294be644d9e25c3030863003","2","N/A","0xed614608d8239c8faeb869fa3e275498b302e58a","ERC-20: LuckyAxo","LAXO"
"0x945f8aea7ac026fe620dd9bff40941b3bd0fe99f063ce7084357413927e3b504","16394219","1752124077","2025-07-10 12:07:57","0xee15bd11b5771e11a9d49f29bdc8b50a5f359b43","0x2cfc85d8e48f8eab294be644d9e25c3030863003","2","N/A","0xd93f185c84e66771cafc885aaf43fa0d4ed27612","ERC-20: Ring","$RNG"
"0x8b4cd3a17ce937148039fdf90dcb58f1fa07a7c842eb9482fab42d0e7693d742","16394231","1752124101","2025-07-10 12:08:21","0xee15bd11b5771e11a9d49f29bdc8b50a5f359b43","0x2cfc85d8e48f8eab294be644d9e25c3030863003","2","N/A","0x8092511af4ecd82461e3f214cfe07261c16a7979","ERC-20: DONT BUY","$DNTB"
"0x7bda0c50ff43b725e49365c01ca5ebdab374faf897d73d9dd716997fdf50f92e","16394243","1752124125","2025-07-10 12:08:45","0x4693c6379392b2688cea3a3ba7534129ba17a7a6","0x2cfc85d8e48f8eab294be644d9e25c3030863003","656.834158054071613527","N/A","0xed49fe44fd4249a09843c2ba4bba7e50beca7113","DNAToken","DNA"
"0x7bda0c50ff43b725e49365c01ca5ebdab374faf897d73d9dd716997fdf50f92e","16394243","1752124125","2025-07-10 12:08:45","0xee15bd11b5771e11a9d49f29bdc8b50a5f359b43","0x2cfc85d8e48f8eab294be644d9e25c3030863003","2","N/A","0x6516160a8278420a9af7cb536279d4ef833c58ab","ERC-20: StinkyHedge","STH"
"0x439fd42941b713d23397aa736514ff1bb749ee25374fd44fd9e32562bb5b6ca3","16394255","1752124149","2025-07-10 12:09:09","0xee15bd11b5771e11a9d49f29bdc8b50a5f359b43","0x2cfc85d8e48f8eab294be644d9e25c3030863003","0.71","N/A","0x0d07eae5672293430c3b335c2b2afe8f39be7bd7","ERC-20: GoldCoin","GOLD"
"0x570b4efde64accf2f8286b677b95c29f74d1b06d1be802a4437b722c4debc388","16395355","1752126349","2025-07-10 12:45:49","0xd790334e70beb1dcd55c07b3e1e556f40ec23fb9","0x2cfc85d8e48f8eab294be644d9e25c3030863003","3.2","N/A","0x1ce198b7ee377c9e7a8b6d027f25987476e220e2","ERC-20: RACE","RACE"
"0x8b48577bb2a12ac7999fae395696a0af0180d24ed21e3c8798946bc8f0195aa5","16400051","1752135741","2025-07-10 15:22:21","0x090c454639052922a994cae2e78b97f7f5539f66","0x2cfc85d8e48f8eab294be644d9e25c3030863003","6.354348148148148147","N/A","0xede54d9c024ee80c85ec0a75ed2d8774c7fbac9b","ERC-20: Drachma","WDD"
"0x98b55af9e02e898d469b5a349560dcd943c7fb4296afa5e91025411cf00640bf","16408999","1752153637","2025-07-10 20:20:37","0x43222f934ea5c593a060a6d46772fdbdc2e2cff0","0x2cfc85d8e48f8eab294be644d9e25c3030863003","2.56479","$2.34","0x2cfc85d8e48f8eab294be644d9e25c3030863003","Worldcoin","WLD"
"0xf46ad5a81e9144636d5e63d95061e2a64ed3f3ca9d593fca6605578d4b1a4fcb","16411938","1752159515","2025-07-10 21:58:35","0x42d5f39da5dec89e561adb26a5f3eeab6a86f8f4","0x2cfc85d8e48f8eab294be644d9e25c3030863003","0","N/A","0x249820c0479d0a7fee6a2a3a14583267550f3caf","ERC-20: AXOLOCOIN","$AXO"
"0x96213c1dc2c3fed6ce7317f10b797e568ddd8519e20679258cdde15f8871f1cf","16420708","1752177055","2025-07-11 02:50:55","0x318ab18dfddf98a5e1526ecfe23ae829a0afb381","0x2cfc85d8e48f8eab294be644d9e25c3030863003","2.700058","$2.47","0x2cfc85d8e48f8eab294be644d9e25c3030863003","Worldcoin","WLD"
"0xf1f9238f0047a1bf56d998cf9a6d582f57aa52366e2ed8d00f10af070d1f8782","16420849","1752177337","2025-07-11 02:55:37","0x8b415511545b82f78833f9b9438056bfc62b8af3","0x2cfc85d8e48f8eab294be644d9e25c3030863003","24.262510508360181825","N/A","0x190a231e3f14cf6adcf12f67cfb0e1211d75a702","ERC-20: AISHI","AISHI"
"0xcd69a7758c306ee6064141f94b61e6438fe33a0fca5236acd5fea79fec7531a3","16421919","1752179477","2025-07-11 03:31:17","0xf61c4ec36c532cf0f89359fa45b348520038bbdd","0x2cfc85d8e48f8eab294be644d9e25c3030863003","1","N/A","0x5efa7f371c256c7548539ca54632d7dab68852b1","ERC-20: ASTRACOIN","ATC"
"0x80bde7d18c5628fcebdd90dcaa4c76f63df68abe8688f691a289ec9a011dc2e1","16428344","1752192327","2025-07-11 07:05:27","0xc6579c1be2fe239e39472f3f6810d080cbe213f0","0x2cfc85d8e48f8eab294be644d9e25c3030863003","0.58","N/A","0x0d07eae5672293430c3b335c2b2afe8f39be7bd7","ERC-20: GoldCoin","GOLD"
"0xfd217c0303e283a6f12352e7bd6e4df0e6fb7675bf8559aeb8a4a632d8ffd23f","16431195","1752198029","2025-07-11 08:40:29","0x43222f934ea5c593a060a6d46772fdbdc2e2cff0","0x2cfc85d8e48f8eab294be644d9e25c3030863003","2.14877","$2.27","0x2cfc85d8e48f8eab294be644d9e25c3030863003","Worldcoin","WLD"
"0xacc8c0e93135dfffb0a46ef6a38e2ef15487d5a1793c0f9d7264dfdfca10b69e","16433754","1752203147","2025-07-11 10:05:47","0x4aac1b38a2af32775211b056f5e8e544717d2f84","0x2cfc85d8e48f8eab294be644d9e25c3030863003","2.81844","$2.98","0x2cfc85d8e48f8eab294be644d9e25c3030863003","Worldcoin","WLD"
"0x50599e179c5523dc1d18be0df7247d591d5b355e4fc0a722464962e7f4d57f7f","16436095","1752207829","2025-07-11 11:23:49","0x74f436f830aeb6ff18d6ec206032d6f8f631d200","0x2cfc85d8e48f8eab294be644d9e25c3030863003","177.232437744569621281","N/A","0xed49fe44fd4249a09843c2ba4bba7e50beca7113","DNAToken","DNA"
"0x2657e20f12109a41a2046c8b0095690b7d03b2fe0faa2fce407f5dc3c72db638","16436803","1752209245","2025-07-11 11:47:25","0x43222f934ea5c593a060a6d46772fdbdc2e2cff0","0x2cfc85d8e48f8eab294be644d9e25c3030863003","0.001","$0.00","0x2cfc85d8e48f8eab294be644d9e25c3030863003","Worldcoin","WLD"
"0xe6a9116b1d8ebfb670370f671582616f460407fe92f35a7a0349c493967f3267","16441927","1752219493","2025-07-11 14:38:13","0x24f188055d8243e03a7c0d2fd50934c3efa95508","0x2cfc85d8e48f8eab294be644d9e25c3030863003","0","$0.00","0x2cfc85d8e48f8eab294be644d9e25c3030863003","Worldcoin","WLD"
"0xf227a5a3323f3561de99e29454181fa70f354b0fc892aef81db7b93c9cea518d","16455395","1752246429","2025-07-11 22:07:09","0x08216ef432c9fb96c1e20f03d71072bcc74ee970","0x2cfc85d8e48f8eab294be644d9e25c3030863003","0.001093","$3.25","0x4200000000000000000000000000000000000006","Wrapped Ether","WETH"
"0xfb1a4bddb53ff42e8d838ce7f1901c4f8ca0ccfa39444dba3dad0c92b7f80699","16455676","1752246991","2025-07-11 22:16:31","0x4b48f929528a67061364cf104c3e484fc96ba727","0x2cfc85d8e48f8eab294be644d9e25c3030863003","2.70003","$2.85","0x2cfc85d8e48f8eab294be644d9e25c3030863003","Worldcoin","WLD"
"0x17cd13f39ad307215e674fa24fe5d43ee6b921e32d3aac661a3ddd87079f2690","16458436","1752252511","2025-07-11 23:48:31","0x5b0123033b1cd7aca72bacc404f1d3ff68149a4d","0x2cfc85d8e48f8eab294be644d9e25c3030863003","6.716561","$7.10","0x2cfc85d8e48f8eab294be644d9e25c3030863003","Worldcoin","WLD"
"0xef3d5629afaa1e582e1b64c82a32fe79bc40c0db80923496edc89a0b65ab777f","16484943","1752305525","2025-07-12 14:32:05","0x1f509dd82a876b51298a7d840a51cb9b6a84d3c0","0x2cfc85d8e48f8eab294be644d9e25c3030863003","0.207099","$0.21","0x2cfc85d8e48f8eab294be644d9e25c3030863003","Worldcoin","WLD"
"0x5fc5a908a74bd4d4c88071a3cf2be0823c971ed2f9a94cc106f720accc4b161c","16485606","1752306851","2025-07-12 14:54:11","0x9fdeb8db94201ff16ac0ec29acd968074b4d2db1","0x2cfc85d8e48f8eab294be644d9e25c3030863003","208.151236135008972799","N/A","0xed49fe44fd4249a09843c2ba4bba7e50beca7113","DNAToken","DNA"
"0x4d2a5d94954525bde53de4ae4a153c96513e4ddb366590289fc957be7cb95e8b","16488426","1752312491","2025-07-12 16:28:11","0xf09111e6b197430d6a6e2f61db42df0221a6716a","0x2cfc85d8e48f8eab294be644d9e25c3030863003","0","$0.00","0x2cfc85d8e48f8eab294be644d9e25c3030863003","Worldcoin","WLD"
"0x3cacc00e1fd52a8e62ad328efdbe54a9279d1fae3ce15c20262a42ee39848922","16488659","1752312957","2025-07-12 16:35:57","0x5a045d1ea4b6a847e574b471a97b43cb1404161a","0x2cfc85d8e48f8eab294be644d9e25c3030863003","15","N/A","0xf87c947ea711c953edbec086b148831bbd34b521","ERC-20: Aphrodite token","APH"
"0xee1bc9e1bcf93bf6d0022456ca37f0d2f1fccbabc3fcf6517654ffba7f8fbd3b","16489569","1752314777","2025-07-12 17:06:17","0xe9855675fb53366bf359b2be8a4a2d49a424274d","0x2cfc85d8e48f8eab294be644d9e25c3030863003","1.28","$1.32","0x2cfc85d8e48f8eab294be644d9e25c3030863003","Worldcoin","WLD"
"0xa34e34cf2600a1bbecd99e931703acf245e320df133bd0ea9c10212dfbff34d2","16492315","1752320269","2025-07-12 18:37:49","0x9706551f9c2aca443848136aca6a67a3a142f5d0","0x2cfc85d8e48f8eab294be644d9e25c3030863003","15","N/A","0xf87c947ea711c953edbec086b148831bbd34b521","ERC-20: Aphrodite token","APH"
"0x59ac9ba0a47ee335d6b0b541ca1a1c4c43ddc13d777a3a2e0dba22165f6c4fd1","16497398","1752330435","2025-07-12 21:27:15","0x43222f934ea5c593a060a6d46772fdbdc2e2cff0","0x2cfc85d8e48f8eab294be644d9e25c3030863003","5.52158","$5.69","0x2cfc85d8e48f8eab294be644d9e25c3030863003","Worldcoin","WLD"
"0xfc09459a3adfb96de45d8ef04a49610e3310f572b8f6953d6d0626b66691cc68","16509159","1752353957","2025-07-13 03:59:17","0x89052b1e82bf2fa02ed4cb402a90eaa75873e534","0x2cfc85d8e48f8eab294be644d9e25c3030863003","2.84002","$2.93","0x2cfc85d8e48f8eab294be644d9e25c3030863003","Worldcoin","WLD"
"0x1598265655386314b9db6517576dbb834cdab2b804591106958cfe97d252ddbd","16510501","1752356641","2025-07-13 04:44:01","0xd58f7856a8fa12fb69972ac202543714258237e4","0x2cfc85d8e48f8eab294be644d9e25c3030863003","0.224094","$0.22","0x79a02482a880bce3f13e09da970dc34db4cd24d1","USDC","USDC"
"0x3ae15162db9c9ab9456fab02af4287a5ee9ead103f6437428497d10084a45289","16529538","1752394715","2025-07-13 15:18:35","0xe1d2c90d3b955e307151e901e88650504e10b2e1","0x2cfc85d8e48f8eab294be644d9e25c3030863003","421.697122189958768679","N/A","0xed49fe44fd4249a09843c2ba4bba7e50beca7113","DNAToken","DNA"
"0x37ed3d85e71c8531c34c29282cc7043e85056677c6ff46eb242cb3e32366d02b","16539539","1752414717","2025-07-13 20:51:57","0xca716caad45b521d88fe009f90a7391da4550d20","0x2cfc85d8e48f8eab294be644d9e25c3030863003","18,084.994317494323359833","N/A","0xed49fe44fd4249a09843c2ba4bba7e50beca7113","DNAToken","DNA"
"0x7c12390324f8d8d0b4ee6e13c339d6305e2977adce4299396dd66d83e29a454f","16550161","1752435961","2025-07-14 02:46:01","0x40edd8384795f88a831e67624c464c44bc4e4c4b","0x2cfc85d8e48f8eab294be644d9e25c3030863003","5.561285","$5.68","0x2cfc85d8e48f8eab294be644d9e25c3030863003","Worldcoin","WLD"
"0x3228a412c014a901c26567c5a8976a62b8dfc335615c31654e4cf59dc7e2d27f","16557354","1752450347","2025-07-14 06:45:47","0xee15bd11b5771e11a9d49f29bdc8b50a5f359b43","0x2cfc85d8e48f8eab294be644d9e25c3030863003","3","N/A","0xed614608d8239c8faeb869fa3e275498b302e58a","ERC-20: LuckyAxo","LAXO"
"0x9b75a2aa5897e28f99f64c46be5ed2a271ea236325afaae9b00a4cc6b252a27b","16557367","1752450373","2025-07-14 06:46:13","0xee15bd11b5771e11a9d49f29bdc8b50a5f359b43","0x2cfc85d8e48f8eab294be644d9e25c3030863003","3","N/A","0xd93f185c84e66771cafc885aaf43fa0d4ed27612","ERC-20: Ring","$RNG"
"0x518fee4ac6014737a5f45aaa421691de1c5b42c4fb80360b1a2e9cdec477642f","16557379","1752450397","2025-07-14 06:46:37","0xee15bd11b5771e11a9d49f29bdc8b50a5f359b43","0x2cfc85d8e48f8eab294be644d9e25c3030863003","3","N/A","0x8092511af4ecd82461e3f214cfe07261c16a7979","ERC-20: DONT BUY","$DNTB"
"0x553129d428f119f868b29e691040e4477b474fa60eec7c733d34f1094d26e00f","16557390","1752450419","2025-07-14 06:46:59","0xee15bd11b5771e11a9d49f29bdc8b50a5f359b43","0x2cfc85d8e48f8eab294be644d9e25c3030863003","1","N/A","0x696268873cfe1add93fc9d52c9bc0bb03a1136d4","ERC-20: CAT","CAT"
"0x72c7234da3eaf28bec67879d74baff82c75eeb8ec29c83397606a51705851e53","16557401","1752450441","2025-07-14 06:47:21","0xee15bd11b5771e11a9d49f29bdc8b50a5f359b43","0x2cfc85d8e48f8eab294be644d9e25c3030863003","3","N/A","0x6516160a8278420a9af7cb536279d4ef833c58ab","ERC-20: StinkyHedge","STH"
"0x9d96f058c1bd55de613598a2dbf74e1200aba56c0c52058621fcec98e0084648","16573884","1752483407","2025-07-14 15:56:47","0xf92e39c0520a11364b82d0fdef93277eb7894337","0x2cfc85d8e48f8eab294be644d9e25c3030863003","2.7","$2.82","0x2cfc85d8e48f8eab294be644d9e25c3030863003","Worldcoin","WLD"
"0x1f8fd0738cb2984103817c22bf49c6990fb78f86518fca367ffdcafe83fe4558","16581079","1752497797","2025-07-14 19:56:37","0x098f07bca18782eaa5f176cfd70976ff5c86b30f","0x2cfc85d8e48f8eab294be644d9e25c3030863003","2.53","$2.64","0x2cfc85d8e48f8eab294be644d9e25c3030863003","Worldcoin","WLD"
"0x2d3624d143c7e675101ff0a722be246c3aefd43cc0203e9e7f052a7809f783f7","16585611","1752506861","2025-07-14 22:27:41","0x71dedf972602874bfc6a5933ce705c37ad206071","0x2cfc85d8e48f8eab294be644d9e25c3030863003","476.021430111781364815","N/A","0xed49fe44fd4249a09843c2ba4bba7e50beca7113","DNAToken","DNA"
"0xa8c4752344e65132f8629eb4c5a1972752536aeca5f2049d56223ea6466296a4","16591748","1752519135","2025-07-15 01:52:15","0x439cff2a1e4659fe50d0b9ff0a12062443c69120","0x2cfc85d8e48f8eab294be644d9e25c3030863003","400","N/A","0x734bc1fad9f367e06ecb66cdee5cbb3e9abe0ed1","ERC-20: GoodLuck","GLC"
"0x88e3f182d615f0adcdefab646daf0eb9b45ad1e617a36d80d6b5b80d3d4ae429","16598280","1752532199","2025-07-15 05:29:59","0xffda7cda7a4a5b1f4b3b1c50d2ddf38e56e8cd03","0x2cfc85d8e48f8eab294be644d9e25c3030863003","1.116983964578204515","$1.16","0x2cfc85d8e48f8eab294be644d9e25c3030863003","Worldcoin","WLD"
"0xc034a57a1e70f850c9226f5f36813f9e77f39bbf228b5d3948c7694485aceb15","16598497","1752532633","2025-07-15 05:37:13","0xffda7cda7a4a5b1f4b3b1c50d2ddf38e56e8cd03","0x2cfc85d8e48f8eab294be644d9e25c3030863003","1.111524417339766367","$1.16","0x2cfc85d8e48f8eab294be644d9e25c3030863003","Worldcoin","WLD"
"0x29b6aca9e54ab6334e0e5cc07eb33f9e3d4e145fc2e11659e3496ac55da89dbf","16602289","1752540217","2025-07-15 07:43:37","0x43222f934ea5c593a060a6d46772fdbdc2e2cff0","0x2cfc85d8e48f8eab294be644d9e25c3030863003","0.00098","$0.00","0x2cfc85d8e48f8eab294be644d9e25c3030863003","Worldcoin","WLD"
"0xaebaa0996f4217f95f9c7cc4cd08c3bebd95a304fc1e60bbdda7befc2840250e","16604213","1752544065","2025-07-15 08:47:45","0xb9c14f7e7cb4fb7431eb9e10c26d0c5068243184","0x2cfc85d8e48f8eab294be644d9e25c3030863003","0","N/A","0xcd1e32b86953d79a6ac58e813d2ea7a1790cab63","ERC-20: ORO","ORO"
"0x4d34bd7515fe1dca07405868ad6c54dc4c3c02f86400d331582c7c9cc6b074fc","16604238","1752544115","2025-07-15 08:48:35","0xb9c14f7e7cb4fb7431eb9e10c26d0c5068243184","0x2cfc85d8e48f8eab294be644d9e25c3030863003","0","N/A","0xcd1e32b86953d79a6ac58e813d2ea7a1790cab63","ERC-20: ORO","ORO"
"0x0c0a39b3194e612e00bb7f6b770bf3b05dbabdb7d5845d7109fef2c71e20fc12","16609564","1752554767","2025-07-15 11:46:07","0xa5bd869d909f92984475a0c5bf0ecb0be3bb921c","0x2cfc85d8e48f8eab294be644d9e25c3030863003","0","$0.00","0x2cfc85d8e48f8eab294be644d9e25c3030863003","Worldcoin","WLD"
"0x39483f8f626cb7990a4ef34546c463538cc38340d0272f7811d0a2980d48cfd3","16650417","1752636473","2025-07-16 10:27:53","0xef90b9c080a473bd99682aca256d1ff130bdcf0d","0x2cfc85d8e48f8eab294be644d9e25c3030863003","168,083","N/A","0x97c040f4ca08b5da66a7accdf214508eb420f008","ERC-20: PUMP.FUN","PUMP"
"0xcdec0535058fe2b7dcc82fd81effd1b21c13732358b6cc0d6e508184c67767ae","16661035","1752657709","2025-07-16 16:21:49","0x29cb3666afe14b4f61c304c6f10d71ff47ae6f6d","0x2cfc85d8e48f8eab294be644d9e25c3030863003","3.045104","$3.04","0x79a02482a880bce3f13e09da970dc34db4cd24d1","USDC","USDC"
"0x6c44b5f1674dbf290f9be1da578080f6eb59b804eced6ff24a90b23943a5227b","16661773","1752659185","2025-07-16 16:46:25","0x302ea77e596b9429574174a626852ad36356476e","0x2cfc85d8e48f8eab294be644d9e25c3030863003","2.661024","$2.84","0x2cfc85d8e48f8eab294be644d9e25c3030863003","Worldcoin","WLD"
"0x9cc89582850bfdd24d4539c06d559b52e9f1d2fffdc0b717720e12e666e5e9ef","16664600","1752664839","2025-07-16 18:20:39","0x9b14e4eba99c2a092cd1e149a2f6a5aff973702a","0x2cfc85d8e48f8eab294be644d9e25c3030863003","22.5","$23.98","0x2cfc85d8e48f8eab294be644d9e25c3030863003","Worldcoin","WLD"
"0x92b8d964474ce1f5760490cbcac0c8ad5082804824c559f4f6baf4835f6d9414","16665939","1752667517","2025-07-16 19:05:17","0x43222f934ea5c593a060a6d46772fdbdc2e2cff0","0x2cfc85d8e48f8eab294be644d9e25c3030863003","2.69706","$2.70","0x79a02482a880bce3f13e09da970dc34db4cd24d1","USDC","USDC"
"0xf299aea3ce53d7fce7620be7549e2b5fe1663620e1e5b088fa193349c3fab058","16666293","1752668225","2025-07-16 19:17:05","0x4c28f50f3dbf91b48750486be0c2ce5f16ff89ac","0x2cfc85d8e48f8eab294be644d9e25c3030863003","0","N/A","0x735cf44b6c2f3ee0f9cc8e5bd05604dfbb40325a","ERC-20: FIT","FIT"
"0x80bd5385721917d1bef7e20a1f328f7feb30ea907b2c1bd9b59c6f0af063b2c3","16667186","1752670011","2025-07-16 19:46:51","0x4c28f50f3dbf91b48750486be0c2ce5f16ff89ac","0x2cfc85d8e48f8eab294be644d9e25c3030863003","2.581692","$2.75","0x2cfc85d8e48f8eab294be644d9e25c3030863003","Worldcoin","WLD"
"0xb024925146a884334bb08326484e96fc5624369f329e4ef97295275ee122af99","16671893","1752679425","2025-07-16 22:23:45","0x1aa6e2dff183e8e925c9f666ed7d98683d6338ee","0x2cfc85d8e48f8eab294be644d9e25c3030863003","0.25","$0.25","0x79a02482a880bce3f13e09da970dc34db4cd24d1","USDC","USDC"
"0xce9d06d8e422397854e92ea93c2878df90256aae82002b807ad9aa5d363b21a9","16672225","1752680089","2025-07-16 22:34:49","0x43222f934ea5c593a060a6d46772fdbdc2e2cff0","0x2cfc85d8e48f8eab294be644d9e25c3030863003","0.00418","$0.00","0x2cfc85d8e48f8eab294be644d9e25c3030863003","Worldcoin","WLD"
"0x15b9aaa468bb1e5fd02e27f2aff321b2cffb2e9e27c8b1d62b64f20f4abcbe7f","16672773","1752681185","2025-07-16 22:53:05","0x8c84377048ded8c6ecc6b8adbddeb7f6b410bc74","0x2cfc85d8e48f8eab294be644d9e25c3030863003","125.3245","$133.55","0x2cfc85d8e48f8eab294be644d9e25c3030863003","Worldcoin","WLD"
"0x2fb0b08d81a7c5d593063fadb96f8ff3b6376bde97cda55d1683d85c37587b9e","16681283","1752698205","2025-07-17 03:36:45","0x188ab1cd89ce7a2db0f58af081e4cfa6de3e4a6e","0x2cfc85d8e48f8eab294be644d9e25c3030863003","1,585.212675590158484439","N/A","0x24e2f756af6558818083e78b1205d156542bce80","ERC-20: SAMA","SAMA"
"0x1ee0f49cd09838ba2bd34b1060b2f9395856c7eb2365d653d80b8cdc9eb87979","16685151","1752705941","2025-07-17 05:45:41","0x4a43785c377b4c841606079f3f117744731d8e42","0x2cfc85d8e48f8eab294be644d9e25c3030863003","485.118403098851259143","N/A","0xed49fe44fd4249a09843c2ba4bba7e50beca7113","DNAToken","DNA"
"0x3ea4c4f667514f7228cd97a8ed3c9be780bb2e0d8a12a6672663dac6ed8a3ad2","16687243","1752710125","2025-07-17 06:55:25","0x70e18ed0e9a8f3d77ab0f6761cca14ce72fa633d","0x2cfc85d8e48f8eab294be644d9e25c3030863003","5.578058","$5.94","0x2cfc85d8e48f8eab294be644d9e25c3030863003","Worldcoin","WLD"
"0x8ceb05ce12ef3c69928bb4239ed8db7b4a2f84feac8d93f24a9c8224e79564ae","16698560","1752732759","2025-07-17 13:12:39","0xb6205164851a6bfce4a65f512b1825c4f41d19da","0x2cfc85d8e48f8eab294be644d9e25c3030863003","997.219168173652727753","N/A","0x0500b77f2aa3bbcc9144288690abd29b79338226","ERC-20: Eyes The Frog","FROG"
"0xcb22368d4ed54dbe655b5cefe17ba52585068368d7c5a38689c31833f34ddb56","16699959","1752735557","2025-07-17 13:59:17","0x55b4ed43ce2215aba607fe840864d97d557a2ba3","0x2cfc85d8e48f8eab294be644d9e25c3030863003","94","N/A","0xed49fe44fd4249a09843c2ba4bba7e50beca7113","DNAToken","DNA"
"0xae0035b91eac19a5b3f4efbde484bea36353aa27741faf187d482819e475a469","16705881","1752747401","2025-07-17 17:16:41","0xbc10c44de06ea3c53a48815ee13d0b14c04a9930","0x2cfc85d8e48f8eab294be644d9e25c3030863003","0","N/A","0x735cf44b6c2f3ee0f9cc8e5bd05604dfbb40325a","ERC-20: FIT","FIT"
"0x19e480bdd3086f732d50c474e468ffa0cbd2ebdd9f62cbc043f0e0c23909e009","16714904","1752765447","2025-07-17 22:17:27","0x7b8041aee539ebcdde9c198d2a094424c4c3da9f","0x2cfc85d8e48f8eab294be644d9e25c3030863003","2.52","N/A","0x1ce198b7ee377c9e7a8b6d027f25987476e220e2","ERC-20: RACE","RACE"
"0x499c273645e5c057a715bbc2e8594d6a1bf4248ff0476630d1f157de4ff4f1bb","16731410","1752798459","2025-07-18 07:27:39","0x99d915b9118cf432535fc9f4b8b5a99678404bf6","0x2cfc85d8e48f8eab294be644d9e25c3030863003","0.655979867789818389","$0.73","0x2cfc85d8e48f8eab294be644d9e25c3030863003","Worldcoin","WLD"
"0xd799b7996a2db23233dd6f9a12c201538701f9a042c5a82ff849b6b01fdcd7f6","16748615","1752832869","2025-07-18 17:01:09","0xffd99fc6897c137dd1df7732e6e8623426592f21","0x2cfc85d8e48f8eab294be644d9e25c3030863003","2.713327","$3.03","0x2cfc85d8e48f8eab294be644d9e25c3030863003","Worldcoin","WLD"
"0xabf6fbf240a7b71640b16756c42b379573fa126417910c5cdca4e6e6479ff9e8","16762725","1752861089","2025-07-19 00:51:29","0x88aca02a5957a93006c358e09fb9c9f250ca2420","0x2cfc85d8e48f8eab294be644d9e25c3030863003","5.555242855502806673","$6.20","0x2cfc85d8e48f8eab294be644d9e25c3030863003","Worldcoin","WLD"
"0x04dd502bf963fec51f28728336c94a76469edc6d91cbcb8566ebd2166cfc70f0","16767644","1752870927","2025-07-19 03:35:27","0xb8951e22bdb2422c575d68b750c8b237fb3871ec","0x2cfc85d8e48f8eab294be644d9e25c3030863003","0.282336","$0.32","0x2cfc85d8e48f8eab294be644d9e25c3030863003","Worldcoin","WLD"
"0x3b997d6634f3e76010b8797f535a9d33338b93a88f9541f7e717bef7a0c6bd5a","16773241","1752882121","2025-07-19 06:42:01","0x43222f934ea5c593a060a6d46772fdbdc2e2cff0","0x2cfc85d8e48f8eab294be644d9e25c3030863003","0.01767","$0.02","0x2cfc85d8e48f8eab294be644d9e25c3030863003","Worldcoin","WLD"
"0x6fbd99e3b92f217c6f48608823b615431629ec7c68781afcd55c12769ec24971","16773372","1752882383","2025-07-19 06:46:23","0xe1d2c90d3b955e307151e901e88650504e10b2e1","0x2cfc85d8e48f8eab294be644d9e25c3030863003","0.000001865342542612","N/A","0x0500b77f2aa3bbcc9144288690abd29b79338226","ERC-20: Eyes The Frog","FROG"
"0x62a43c256ac1fc0724a77893ed24bd79b3f6ac781cc45efb3971e94637756aad","16784477","1752904593","2025-07-19 12:56:33","0xf7c2e12aad489d8d5b05966ba2b41ce6f00df452","0x2cfc85d8e48f8eab294be644d9e25c3030863003","0.211301","$0.24","0x2cfc85d8e48f8eab294be644d9e25c3030863003","Worldcoin","WLD"
"0xa9f11c671f64e83f8e812a79c7580151b2aa8136d828f69c2300b92addb8d1bf","16793861","1752923361","2025-07-19 18:09:21","0x7ed2108cfc58cd2bcd71e15964a907c0a9813a52","0x2cfc85d8e48f8eab294be644d9e25c3030863003","0","N/A","0x5a6d5bc18cb00a0faa63f5987914090434c6f648","ERC-20: FLAG","FLAG"
"0x52094b824ccfe7fe0e7b64ba7d8459c85950015f2bd9557fdcd73442ad047546","16800644","1752936927","2025-07-19 21:55:27","0x515e43fa1a9fc2538cc5ec79a606ecd9fe457d72","0x2cfc85d8e48f8eab294be644d9e25c3030863003","2.982829","$3.38","0x2cfc85d8e48f8eab294be644d9e25c3030863003","Worldcoin","WLD"
"0x42d0e80a2eab0da77a7adbade264abaf11138bd2425898bd2cec7fad38a11d07","16802796","1752941231","2025-07-19 23:07:11","0x4ac01c0e25efac48c7e02cbb11a5df8ac88a052d","0x2cfc85d8e48f8eab294be644d9e25c3030863003","40","$45.27","0x2cfc85d8e48f8eab294be644d9e25c3030863003","Worldcoin","WLD"
"0xd5b46bd1dd1f2d9a691596af984bd0e0e155303e1078be130478edeae4a4ba98","16807765","1752951169","2025-07-20 01:52:49","0x1c109566be495d39d4a12fe9e43250e8d78dca86","0x2cfc85d8e48f8eab294be644d9e25c3030863003","81.214683517910731219","N/A","0xed49fe44fd4249a09843c2ba4bba7e50beca7113","DNAToken","DNA"
"0x3a733fd1e339a9d39a934ad749f3f8a5270274f3a2db8c1b7ba362ba92721c96","16815076","1752965791","2025-07-20 05:56:31","0xa0acdf93d132e5b3202e6f0b5f0540e53278884d","0x2cfc85d8e48f8eab294be644d9e25c3030863003","0.143916","$0.14","0x79a02482a880bce3f13e09da970dc34db4cd24d1","USDC","USDC"
"0x16d8180df958cbff7fc427a62c6bbbddfbb67c472f5c9a935886a7434094c106","16820669","1752976977","2025-07-20 09:02:57","0xd543ece80e0cb9ff8f2ccf414e6665013ebdce03","0x2cfc85d8e48f8eab294be644d9e25c3030863003","8.14752","$9.34","0x2cfc85d8e48f8eab294be644d9e25c3030863003","Worldcoin","WLD"
"0xbd368a2c884b26129a2ec0f51a4fef4c1ba8ebe56d6bd67531a18bd8881ef0f4","16832479","1753000597","2025-07-20 15:36:37","0x3979915ba6c476209dc0f7357043e98e23d27dfe","0x2cfc85d8e48f8eab294be644d9e25c3030863003","0.000002","N/A","0xec91066e566907011f7d06a6319a4315949a5b2e","ERC-20: Ether","ETH"
"0x291f6546bc89db9b2e7df44acf5462925d354cc601fb7ccdf88217fbe6333955","16832863","1753001365","2025-07-20 15:49:25","0x3979915ba6c476209dc0f7357043e98e23d27dfe","0x2cfc85d8e48f8eab294be644d9e25c3030863003","0.000003181439891444","N/A","0x12e96c2bfea6e835cf8dd38a5834fa61cf723736","ERC-20: Dogecoin (Universal)","uDOGE"
"0x26f8f5a0f74e4d671ab8f11b4eb7f8b77f4e22f5cdac6eb3caea2f0db2312916","16834762","1753005163","2025-07-20 16:52:43","0x13f20b0847a63916093807c4681fb5fbee027ab4","0x2cfc85d8e48f8eab294be644d9e25c3030863003","5.422094","$6.22","0x2cfc85d8e48f8eab294be644d9e25c3030863003","Worldcoin","WLD"
"0x007141194e896bce2990040dae6269debe45564a8838f4c5726b94afa5b6ca3a","16839271","1753014181","2025-07-20 19:23:01","0x2af3b774fed72e7a206f06eaba1394bf8ff30e66","0x2cfc85d8e48f8eab294be644d9e25c3030863003","8,408.132357383128799582","N/A","0xed49fe44fd4249a09843c2ba4bba7e50beca7113","DNAToken","DNA"
"0xb641c2e89fbad9b5614e912517135402da88ec1e52f12fc8d3ede4d4b34e62c5","16840892","1753017423","2025-07-20 20:17:03","0xbb3547779b1077337146f31165e8d3fe20631954","0x2cfc85d8e48f8eab294be644d9e25c3030863003","157.129987763549776991","N/A","0xed49fe44fd4249a09843c2ba4bba7e50beca7113","DNAToken","DNA"
"0xefe1dd604e20e293a06f88a6d223981ef1aa97615c52904ccadfb2511d079d93","16841378","1753018395","2025-07-20 20:33:15","0xf42f934c714bf761fc27f02cc05169cd53d37a20","0x2cfc85d8e48f8eab294be644d9e25c3030863003","0.003160590516294374","N/A","0xf3f92a60e6004f3982f0fde0d43602fc0a30a0db","ERC-20: Orb","ORB"
"0xc5d2f5a834b712b9b6a19bfe4b2f895b895e5dd5461c78a73b53988ae3ed7224","16841395","1753018429","2025-07-20 20:33:49","0xf42f934c714bf761fc27f02cc05169cd53d37a20","0x2cfc85d8e48f8eab294be644d9e25c3030863003","0.000564776846251867","$0.00","0x2cfc85d8e48f8eab294be644d9e25c3030863003","Worldcoin","WLD"
"0xa8b50b5d1cedbffe2445eca5dacfc855323e6a44055cdd00db76cc5210b4423e","16841411","1753018461","2025-07-20 20:34:21","0xf42f934c714bf761fc27f02cc05169cd53d37a20","0x2cfc85d8e48f8eab294be644d9e25c3030863003","0.001403158456249057","N/A","0x1ae3498f1b417fe31be544b04b711f27ba437bd3","ERC-20: PUF","PUF"
"0xa3bb46bff4396f521af08f48ae719445f4a3a98606563855345c8490dfeaf470","16841426","1753018491","2025-07-20 20:34:51","0xf42f934c714bf761fc27f02cc05169cd53d37a20","0x2cfc85d8e48f8eab294be644d9e25c3030863003","0.00048006442066971","N/A","0x5fa570e9c8514cdfad81db6ce0a327d55251fbd4","ERC-20: KEPLER PAY","KPP"
"0x6fd9bc10f932befb21cb0fdd16fd3d95e21e6068652b9f3475972bad87b2a938","16841434","1753018507","2025-07-20 20:35:07","0xf42f934c714bf761fc27f02cc05169cd53d37a20","0x2cfc85d8e48f8eab294be644d9e25c3030863003","0.000479869861821536","N/A","0xbf0b23ec1b8f8505b4f1772517151b2df4a27703","ERC-20: Project Eden Token","EDEN"
"0xe40c96920a2a5f911733097245367e10867f390d716fc939d6b72796f05dd8eb","16841453","1753018545","2025-07-20 20:35:45","0xf42f934c714bf761fc27f02cc05169cd53d37a20","0x2cfc85d8e48f8eab294be644d9e25c3030863003","0.005292320667378766","N/A","0x868d08798f91ba9d6ac126148fde8bbdfb6354d5","ERC-20: TradePulse Token","TPT"
"0x4c9aea5e840689f92deb03a6ab4b583df57741e7e1203839e9ef479438369935","16841475","1753018589","2025-07-20 20:36:29","0xf42f934c714bf761fc27f02cc05169cd53d37a20","0x2cfc85d8e48f8eab294be644d9e25c3030863003","0.000003999265212456","N/A","0x8160dcf10b1920c8f4e72be69dcb0ac409f66f97","ERC-20: Roflex MemeToken","RFX"
"0xefa50bd87cdb99a4bbb1834211dd5a195c1d7384157ea9fc1c6a483316d3d36d","16841483","1753018605","2025-07-20 20:36:45","0xf42f934c714bf761fc27f02cc05169cd53d37a20","0x2cfc85d8e48f8eab294be644d9e25c3030863003","0.000000000000000109","N/A","0xd469fda5d9522a093760902e9be51e0c5d822d26","ERC-20: Human Unique Bridge","HUB"
"0x59672a7c7361dc2789f507b9fec5a12b030172149f0cf817efabf7050134767c","16841530","1753018699","2025-07-20 20:38:19","0xf42f934c714bf761fc27f02cc05169cd53d37a20","0x2cfc85d8e48f8eab294be644d9e25c3030863003","210.618081448595606502","N/A","0xd30ba29fc0123ecad6c5db8e9e8525501d896f0d","ERC-20: TESLA OWNERS","TESLA OWNERS"
"0xa48245ea3fe35987bb4ab8a42161bb1e222e88ed735c64900fd06df734cd114d","16844774","1753025187","2025-07-20 22:26:27","0x492e60bcd5350bf96081ea4d78d2b661838f31ce","0x2cfc85d8e48f8eab294be644d9e25c3030863003","0","N/A","0xd469fda5d9522a093760902e9be51e0c5d822d26","ERC-20: Human Unique Bridge","HUB"
"0x5f895b102868fc7d081cd73f84a200a4264445aaba947fec4ece0348490b3980","16852006","1753039651","2025-07-21 02:27:31","0xf42f934c714bf761fc27f02cc05169cd53d37a20","0x2cfc85d8e48f8eab294be644d9e25c3030863003","0.314219233728659564","N/A","0x26064dd7821f351202c61f0deb97678eef265e36","ERC-20: AION","AION"
"0x4ea27eae709ce35f5e0cb173955a7cd709a27fc466c165de0df1dfe8458d3cfc","16852024","1753039687","2025-07-21 02:28:07","0xf42f934c714bf761fc27f02cc05169cd53d37a20","0x2cfc85d8e48f8eab294be644d9e25c3030863003","1","N/A","0x249820c0479d0a7fee6a2a3a14583267550f3caf","ERC-20: AXOLOCOIN","$AXO"
"0xa97e5191b1e58f0158338130dc79a24fc08bbf84b87a9ef7010df0a06c2d3a03","16852032","1753039703","2025-07-21 02:28:23","0xf42f934c714bf761fc27f02cc05169cd53d37a20","0x2cfc85d8e48f8eab294be644d9e25c3030863003","0.104739744576219887","N/A","0x26064dd7821f351202c61f0deb97678eef265e36","ERC-20: AION","AION"
"0x23a3ffeec994c4b13d04b71a1a5b4c046021ff2b11410b2503d1dad374aec81e","16852054","1753039747","2025-07-21 02:29:07","0xf42f934c714bf761fc27f02cc05169cd53d37a20","0x2cfc85d8e48f8eab294be644d9e25c3030863003","4","N/A","0x67f8f778bfe29b381c8437dc12e75bfa0977630c","ERC-20: GalAXO","GAXO"
"0x78b89bc11846a91fe3e2a4438ab7126367e013465b4d334f57c0c38d88bae72a","16852061","1753039761","2025-07-21 02:29:21","0xf42f934c714bf761fc27f02cc05169cd53d37a20","0x2cfc85d8e48f8eab294be644d9e25c3030863003","1","N/A","0x7b03e579f8debdb8d60704baf6f5cf261e06fa0a","ERC-20: AxoloGOLD","AXOGOLD"
"0xd5bb9ba39148852c4119b110224f038691e20c3a2b4a8c21b86a6a47b7113206","16852086","1753039811","2025-07-21 02:30:11","0xf42f934c714bf761fc27f02cc05169cd53d37a20","0x2cfc85d8e48f8eab294be644d9e25c3030863003","1","N/A","0x5c1d4ac802413f30a102146d735b1722f103277c","ERC-20: AxoloCong","AXOCONG"
"0x6b41a44bbd1fd2ce3f72832b5126e6884256dd1db6adf987dcff47cb85352a2d","16852097","1753039833","2025-07-21 02:30:33","0xf42f934c714bf761fc27f02cc05169cd53d37a20","0x2cfc85d8e48f8eab294be644d9e25c3030863003","1","N/A","0x5470aefbac2ac629efc2fa15d58b3c8cba53430d","ERC-20: Mexican Terminator","T-MX"
"0xb907669d2dc46565267a8134a07d8fc3d0a4970f7568b725160538a24d336425","16852106","1753039851","2025-07-21 02:30:51","0xf42f934c714bf761fc27f02cc05169cd53d37a20","0x2cfc85d8e48f8eab294be644d9e25c3030863003","0.000201","N/A","0xf9254d2d421d09442360cb3ad7bd4af08313060a","ERC-20: BRICK","BRK"
"0x4b4f6573f9e3786d77cc4272e223ff0540a19591e0cf39ddfef0789540dca733","16852150","1753039939","2025-07-21 02:32:19","0xf42f934c714bf761fc27f02cc05169cd53d37a20","0x2cfc85d8e48f8eab294be644d9e25c3030863003","2.25","N/A","0xed614608d8239c8faeb869fa3e275498b302e58a","ERC-20: LuckyAxo","LAXO"
"0x33f3bf2b45d18ff6f8af13cab23d18f0a364a69a1822bc2de2c95c1022996ff1","16852159","1753039957","2025-07-21 02:32:37","0xf42f934c714bf761fc27f02cc05169cd53d37a20","0x2cfc85d8e48f8eab294be644d9e25c3030863003","2.25","N/A","0xd93f185c84e66771cafc885aaf43fa0d4ed27612","ERC-20: Ring","$RNG"
"0x415ec0af532182a1e54b9cab1b0f1e3f3cf758e04437f59155427532dc9ebc68","16852173","1753039985","2025-07-21 02:33:05","0xf42f934c714bf761fc27f02cc05169cd53d37a20","0x2cfc85d8e48f8eab294be644d9e25c3030863003","2.25","N/A","0x6516160a8278420a9af7cb536279d4ef833c58ab","ERC-20: StinkyHedge","STH"
"0xa1ccdbb7b6a7284a90875f6618a1fba06f593aeca56644f10a9d555906b06d6b","16852181","1753040001","2025-07-21 02:33:21","0xf42f934c714bf761fc27f02cc05169cd53d37a20","0x2cfc85d8e48f8eab294be644d9e25c3030863003","2.25","N/A","0x8092511af4ecd82461e3f214cfe07261c16a7979","ERC-20: DONT BUY","$DNTB"
"0x514207fa538567ee4cc775b16f91fb183beee883219e95f88e2e42de0d8dd36e","16852196","1753040031","2025-07-21 02:33:51","0xf42f934c714bf761fc27f02cc05169cd53d37a20","0x2cfc85d8e48f8eab294be644d9e25c3030863003","0.375","N/A","0x6516160a8278420a9af7cb536279d4ef833c58ab","ERC-20: StinkyHedge","STH"
"0x721da9c59d7c73e176efe68143c54b721fc2e79a2606d89973e7802d0be57843","16852202","1753040043","2025-07-21 02:34:03","0xf42f934c714bf761fc27f02cc05169cd53d37a20","0x2cfc85d8e48f8eab294be644d9e25c3030863003","0.75","N/A","0xe0d58bbe48285d28875d6396bf1f944e9797931b","ERC-20: AXONATOR","T-LOTL"
"0x20329de48d68bcd16ceb2f46707c34ad8fb2c08bf39afe2cd2b7b39d4822f2ed","16852216","1753040071","2025-07-21 02:34:31","0xf42f934c714bf761fc27f02cc05169cd53d37a20","0x2cfc85d8e48f8eab294be644d9e25c3030863003","0.000620891206203703","N/A","0xede54d9c024ee80c85ec0a75ed2d8774c7fbac9b","ERC-20: Drachma","WDD"
"0xe9fef132ea166cda906ca57a39f998695351bf3fcd8bd1fa73b696ccaea3224c","16852223","1753040085","2025-07-21 02:34:45","0xf42f934c714bf761fc27f02cc05169cd53d37a20","0x2cfc85d8e48f8eab294be644d9e25c3030863003","2.25","N/A","0xa29b7a179adc80d628cc5a7c7a181920c2325762","ERC-20: President Axo","POTAS"
"0x324cf8e1410630741220197a59e76cc6e7c28ba6614e68fc5d4370cd234ca08a","16852235","1753040109","2025-07-21 02:35:09","0xf42f934c714bf761fc27f02cc05169cd53d37a20","0x2cfc85d8e48f8eab294be644d9e25c3030863003","0.375","N/A","0xa29b7a179adc80d628cc5a7c7a181920c2325762","ERC-20: President Axo","POTAS"
"0x849f95036e027a3833fa24349e66f9419066cc340e1434f11586c3a0e6efc4e8","16852240","1753040119","2025-07-21 02:35:19","0xf42f934c714bf761fc27f02cc05169cd53d37a20","0x2cfc85d8e48f8eab294be644d9e25c3030863003","4.5","N/A","0x8206cecc0eede8c1f85ac1a1115ee42aa145befe","ERC-20: Mexico","MXT"
"0x32a6a77b03d9c02d2bb8b53f8d193e238894aa7d9bc34f5fa3d83db32765b2c5","16852260","1753040159","2025-07-21 02:35:59","0xf42f934c714bf761fc27f02cc05169cd53d37a20","0x2cfc85d8e48f8eab294be644d9e25c3030863003","1.125","N/A","0x8206cecc0eede8c1f85ac1a1115ee42aa145befe","ERC-20: Mexico","MXT"
"0xf9820d38934a32bfda8adfdfd54533324e263820f291df9ea995909c6d13cd73","16852278","1753040195","2025-07-21 02:36:35","0xf42f934c714bf761fc27f02cc05169cd53d37a20","0x2cfc85d8e48f8eab294be644d9e25c3030863003","0.375","N/A","0xed614608d8239c8faeb869fa3e275498b302e58a","ERC-20: LuckyAxo","LAXO"
"0xdf9ea88f6b352f7d9b8b404c635ac935fc5b263c4dec44739ca1f5b5cd9b83b7","16852289","1753040217","2025-07-21 02:36:57","0xf42f934c714bf761fc27f02cc05169cd53d37a20","0x2cfc85d8e48f8eab294be644d9e25c3030863003","0.1875","N/A","0x6516160a8278420a9af7cb536279d4ef833c58ab","ERC-20: StinkyHedge","STH"
"0xba33c8d489b452084c855e8320331f086efa9457a72057330fbb03ae56bbe694","16852300","1753040239","2025-07-21 02:37:19","0xf42f934c714bf761fc27f02cc05169cd53d37a20","0x2cfc85d8e48f8eab294be644d9e25c3030863003","0.5625","N/A","0xd93f185c84e66771cafc885aaf43fa0d4ed27612","ERC-20: Ring","$RNG"
"0x1f2455fcae765fe4dbbd9fa8c84ecbd1884fca9370424a729ef0174fcff2c7c4","16852305","1753040249","2025-07-21 02:37:29","0xf42f934c714bf761fc27f02cc05169cd53d37a20","0x2cfc85d8e48f8eab294be644d9e25c3030863003","0.5625","N/A","0x8092511af4ecd82461e3f214cfe07261c16a7979","ERC-20: DONT BUY","$DNTB"
"0xabcb6cbde63c1cd72a577651151d9dd820e1f55470f11fe8c89645955b0e838c","16852313","1753040265","2025-07-21 02:37:45","0xf42f934c714bf761fc27f02cc05169cd53d37a20","0x2cfc85d8e48f8eab294be644d9e25c3030863003","0.1875","N/A","0x8206cecc0eede8c1f85ac1a1115ee42aa145befe","ERC-20: Mexico","MXT"
"0x3ba3e9f3fb6684afb283830cfbad7acb63e9d6259ff44e860cf3b2c85a1e853d","16852318","1753040275","2025-07-21 02:37:55","0xf42f934c714bf761fc27f02cc05169cd53d37a20","0x2cfc85d8e48f8eab294be644d9e25c3030863003","0.28125","N/A","0xa29b7a179adc80d628cc5a7c7a181920c2325762","ERC-20: President Axo","POTAS"
"0x411ab86a8a53872c614eeb4aca27ce23e6c17aecfb791a286ae6c79b971c626d","16852333","1753040305","2025-07-21 02:38:25","0xf42f934c714bf761fc27f02cc05169cd53d37a20","0x2cfc85d8e48f8eab294be644d9e25c3030863003","0.28125","N/A","0xed614608d8239c8faeb869fa3e275498b302e58a","ERC-20: LuckyAxo","LAXO"
"0xf2abed870162f011d45895c86566ce8f835ecf671b6c468da712f23b93516b1d","16852339","1753040317","2025-07-21 02:38:37","0xf42f934c714bf761fc27f02cc05169cd53d37a20","0x2cfc85d8e48f8eab294be644d9e25c3030863003","0.1875","N/A","0xe0d58bbe48285d28875d6396bf1f944e9797931b","ERC-20: AXONATOR","T-LOTL"
"0x4dce4fd21a8ec3314f99b8b5a3e620605f4ff249a6c8a5582c6414a020b29417","16852348","1753040335","2025-07-21 02:38:55","0xf42f934c714bf761fc27f02cc05169cd53d37a20","0x2cfc85d8e48f8eab294be644d9e25c3030863003","0.0703125","N/A","0xa29b7a179adc80d628cc5a7c7a181920c2325762","ERC-20: President Axo","POTAS"
"0x192865eff4c80a51f18cb2261cb2ad0b231df3456e5b1a0442af1181d988e18f","16852366","1753040371","2025-07-21 02:39:31","0xf42f934c714bf761fc27f02cc05169cd53d37a20","0x2cfc85d8e48f8eab294be644d9e25c3030863003","0.140625","N/A","0x8206cecc0eede8c1f85ac1a1115ee42aa145befe","ERC-20: Mexico","MXT"
"0xcf2be2c2bbb721888d4d14058f76b7edf8a81180032aa8c7c29b4cef66a355b7","16852370","1753040379","2025-07-21 02:39:39","0xf42f934c714bf761fc27f02cc05169cd53d37a20","0x2cfc85d8e48f8eab294be644d9e25c3030863003","0.140625","N/A","0x6516160a8278420a9af7cb536279d4ef833c58ab","ERC-20: StinkyHedge","STH"
"0x3514fc85b9bff41e391ef063d16bccf61ef764df0a4f63d7a3a0b28328a2c2f6","16852375","1753040389","2025-07-21 02:39:49","0xf42f934c714bf761fc27f02cc05169cd53d37a20","0x2cfc85d8e48f8eab294be644d9e25c3030863003","0.140625","N/A","0xd93f185c84e66771cafc885aaf43fa0d4ed27612","ERC-20: Ring","$RNG"
"0xe2ca692b5a9819db509a4e05bf809e189f0d18f9bc2272b64a44a8327c9f13e6","16852495","1753040629","2025-07-21 02:43:49","0xf42f934c714bf761fc27f02cc05169cd53d37a20","0x2cfc85d8e48f8eab294be644d9e25c3030863003","0.140625","N/A","0x8092511af4ecd82461e3f214cfe07261c16a7979","ERC-20: DONT BUY","$DNTB"
"0xabd64dbd0aa7efafc936560e5cd3099b6b3ba1e17949d397129c69e6be607d6e","16852504","1753040647","2025-07-21 02:44:07","0xf42f934c714bf761fc27f02cc05169cd53d37a20","0x2cfc85d8e48f8eab294be644d9e25c3030863003","0.092486461356397709","N/A","0xb1e80387ebe53ff75a89736097d34dc8d9e9045b","ERC-20: Re7 USDC","Re7USDC"
"0x61c221a0362ce4e7491855216244e23082251d21cd216d15498931ea66bfc2f6","16852798","1753041235","2025-07-21 02:53:55","0xf42f934c714bf761fc27f02cc05169cd53d37a20","0x2cfc85d8e48f8eab294be644d9e25c3030863003","0.000134373618611111","N/A","0xede54d9c024ee80c85ec0a75ed2d8774c7fbac9b","ERC-20: Drachma","WDD"
"0xc3b40f94e7f1b9b020c9760ffc32fa38cf6f017a8c2d50d90c8ca135ea6fbc08","16852815","1753041269","2025-07-21 02:54:29","0xf42f934c714bf761fc27f02cc05169cd53d37a20","0x2cfc85d8e48f8eab294be644d9e25c3030863003","0.000200504902287923","N/A","0xd469fda5d9522a093760902e9be51e0c5d822d26","ERC-20: Human Unique Bridge","HUB"
"0x099e47830fc1d94a519dddc20857b89c2add32244bb0240d63c7939e28f331ea","16852835","1753041309","2025-07-21 02:55:09","0xf42f934c714bf761fc27f02cc05169cd53d37a20","0x2cfc85d8e48f8eab294be644d9e25c3030863003","0.046","N/A","0x8092511af4ecd82461e3f214cfe07261c16a7979","ERC-20: DONT BUY","$DNTB"
"0x0dcb3e1e2a6a749c0756b29e859eab81b964834ec18d84db517c7ed36a9ef96e","16852849","1753041337","2025-07-21 02:55:37","0xf42f934c714bf761fc27f02cc05169cd53d37a20","0x2cfc85d8e48f8eab294be644d9e25c3030863003","0.0468","N/A","0x8206cecc0eede8c1f85ac1a1115ee42aa145befe","ERC-20: Mexico","MXT"
"0x66625fecce3cfa5a40ed3e3d07fd9387ed6e835c790333648110e6a358b04bcd","16852862","1753041363","2025-07-21 02:56:03","0xf42f934c714bf761fc27f02cc05169cd53d37a20","0x2cfc85d8e48f8eab294be644d9e25c3030863003","0.02343","N/A","0xa29b7a179adc80d628cc5a7c7a181920c2325762","ERC-20: President Axo","POTAS"
"0xb6195d66f1ade8d649f5afa17ef8bed40fdc8d80fc969fdcb3242d0d25be5775","16852877","1753041393","2025-07-21 02:56:33","0xf42f934c714bf761fc27f02cc05169cd53d37a20","0x2cfc85d8e48f8eab294be644d9e25c3030863003","0.0468","N/A","0x6516160a8278420a9af7cb536279d4ef833c58ab","ERC-20: StinkyHedge","STH"
"0x2707afe99205172cb59b90a9acfa1e929a166522cee7a677bf8e8ae982d7340a","16852889","1753041417","2025-07-21 02:56:57","0xf42f934c714bf761fc27f02cc05169cd53d37a20","0x2cfc85d8e48f8eab294be644d9e25c3030863003","0.093","N/A","0xed614608d8239c8faeb869fa3e275498b302e58a","ERC-20: LuckyAxo","LAXO"
"0x8f973838a22a580642ae7aa02204ee08cb6f751b7d88de2742cf08703409b497","16852898","1753041435","2025-07-21 02:57:15","0xf42f934c714bf761fc27f02cc05169cd53d37a20","0x2cfc85d8e48f8eab294be644d9e25c3030863003","0.0468","N/A","0xd93f185c84e66771cafc885aaf43fa0d4ed27612","ERC-20: Ring","$RNG"
"0x7d67fc89b56caab6f009c1e71d0805ec088f068be952ee28efbe10fbedab3484","16852911","1753041461","2025-07-21 02:57:41","0xf42f934c714bf761fc27f02cc05169cd53d37a20","0x2cfc85d8e48f8eab294be644d9e25c3030863003","0.062","N/A","0xe0d58bbe48285d28875d6396bf1f944e9797931b","ERC-20: AXONATOR","T-LOTL"
"0xf338d0fcff693e6aaa1a29f71c1d4affc291ad549573368754b83c11eddc61b8","16852923","1753041485","2025-07-21 02:58:05","0xf42f934c714bf761fc27f02cc05169cd53d37a20","0x2cfc85d8e48f8eab294be644d9e25c3030863003","0.19","N/A","0x0d07eae5672293430c3b335c2b2afe8f39be7bd7","ERC-20: GoldCoin","GOLD"
"0xb1db53ddc00560389aa69809010af032da642b61def6431b055527ffcc7fc80c","16853874","1753043387","2025-07-21 03:29:47","0xf42f934c714bf761fc27f02cc05169cd53d37a20","0x2cfc85d8e48f8eab294be644d9e25c3030863003","0.00087","N/A","0x8092511af4ecd82461e3f214cfe07261c16a7979","ERC-20: DONT BUY","$DNTB"
"0x5e1457d4703319f8b292ca64c0b44f45958097e7fe9a87437e1d2a81c2872069","16854633","1753044905","2025-07-21 03:55:05","0xf42f934c714bf761fc27f02cc05169cd53d37a20","0x2cfc85d8e48f8eab294be644d9e25c3030863003","0.030879","$0.03","0x79a02482a880bce3f13e09da970dc34db4cd24d1","USDC","USDC"
"0x660697a87941205149269bb2c142d4c7ed859a3a85ec8f9a05c288d7cd56acc9","16864051","1753063741","2025-07-21 09:09:01","0x6482be5fb09b1e0d94990a2d742b8a17232cd434","0x2cfc85d8e48f8eab294be644d9e25c3030863003","1","N/A","0xbc8d0155c893e88e7fc8f36955cd4479ef1c1845","ERC-20: World Gold","GOLD"
"0x668fe5072afdc676d3f56e58d9322588279e89bb3bcc8a1293fc013d26b8c755","16896171","1753127981","2025-07-22 02:59:41","0x21b7e5497e3a9dc10653963011e89a1563fd5d75","0x2cfc85d8e48f8eab294be644d9e25c3030863003","2.565387","$3.14","0x2cfc85d8e48f8eab294be644d9e25c3030863003","Worldcoin","WLD"
"0xd510b9d04d538c09b11c2cf34e718f07f927a28e44342e56f08640b1a2f16194","16907289","1753150217","2025-07-22 09:10:17","0xd148883ab2c4f9fb4856f36d1ed1f84fc1f20e2c","0x2cfc85d8e48f8eab294be644d9e25c3030863003","0.543329990839673686","$0.67","0x2cfc85d8e48f8eab294be644d9e25c3030863003","Worldcoin","WLD"
"0xfdc57c2adc0477b14def13b4fe132af33ee65641ecf28ad6a0648ddc2a753d77","16940846","1753217331","2025-07-23 03:48:51","0x857702998a2da9ad81300f7b5873ca340d8e0af0","0x2cfc85d8e48f8eab294be644d9e25c3030863003","0.766871","$0.77","0x79a02482a880bce3f13e09da970dc34db4cd24d1","USDC","USDC"
"0x712c82ea607dd5e88200677dfa80789e7dcbb4db313b007bdf3a776a37fcb7a0","16960187","1753256013","2025-07-23 14:33:33","0xd35ccd7bc9dd763222a6b732760743123826ea54","0x2cfc85d8e48f8eab294be644d9e25c3030863003","0.039372810889251625","$0.05","0x2cfc85d8e48f8eab294be644d9e25c3030863003","Worldcoin","WLD"
"0x763b00165d567b4f429235683df624d8125425b956a8c9df675f20841b61a3f1","16961661","1753258961","2025-07-23 15:22:41","0x4fad19eeacf0a7042916b94393a63484bb60f9a5","0x2cfc85d8e48f8eab294be644d9e25c3030863003","2.599597","$3.52","0x2cfc85d8e48f8eab294be644d9e25c3030863003","Worldcoin","WLD"
"0xe244d32d908e80bd13dbe998d5ebb6e64befb549a44777f3e3d4b3fcea9fb183","16965650","1753266939","2025-07-23 17:35:39","0xf2103af10355682865797258dbc0059e2abbd582","0x2cfc85d8e48f8eab294be644d9e25c3030863003","1.799426","$1.80","0x79a02482a880bce3f13e09da970dc34db4cd24d1","USDC","USDC"
"0x2d5a387cfba46325ce630725c006c453d62361b795a98312fdc0ca412ce8bd2c","16972168","1753279975","2025-07-23 21:12:55","0x43222f934ea5c593a060a6d46772fdbdc2e2cff0","0x2cfc85d8e48f8eab294be644d9e25c3030863003","1","$1.35","0x2cfc85d8e48f8eab294be644d9e25c3030863003","Worldcoin","WLD"
"0xfe70a99966fccfa6cb1416ed72fded409bff9622cadc097a33aed984c5fb8ced","16974986","1753285611","2025-07-23 22:46:51","0xfd3343ab582e0d8e7796ac71a3df3ccf776ebf17","0x2cfc85d8e48f8eab294be644d9e25c3030863003","4.748582","$6.43","0x2cfc85d8e48f8eab294be644d9e25c3030863003","Worldcoin","WLD"
"0x183584a5ae1eb7b7fb455565841cd05c06cc85645469fa1a666e8d7d6b7f369e","16976378","1753288395","2025-07-23 23:33:15","0xd35ccd7bc9dd763222a6b732760743123826ea54","0x2cfc85d8e48f8eab294be644d9e25c3030863003","0.043890929069548174","$0.06","0x2cfc85d8e48f8eab294be644d9e25c3030863003","Worldcoin","WLD"
"0x9aba6c2b9493982aefc0be966ce430979cdb820bc069daafaee6426c293e89d2","16977327","1753290293","2025-07-24 00:04:53","0xd35ccd7bc9dd763222a6b732760743123826ea54","0x2cfc85d8e48f8eab294be644d9e25c3030863003","0.039876808178582506","$0.05","0x2cfc85d8e48f8eab294be644d9e25c3030863003","Worldcoin","WLD"
"0xb14157a291f85a5c64342b6d3546f3130499f0b980335ab6a2d602f29e09125e","16977633","1753290905","2025-07-24 00:15:05","0x43222f934ea5c593a060a6d46772fdbdc2e2cff0","0x2cfc85d8e48f8eab294be644d9e25c3030863003","2.84147","$3.85","0x2cfc85d8e48f8eab294be644d9e25c3030863003","Worldcoin","WLD"
"0x9aa8f6d5d636aeec6ef5f42641f9f423e3f5a0b6059770259b012c4d0ae0c2f1","16981934","1753299507","2025-07-24 02:38:27","0x7f7f2a28a8e52856f6af1ff662089571daa7e408","0x2cfc85d8e48f8eab294be644d9e25c3030863003","1","N/A","0xbfda4f50a2d5b9b864511579d7dfa1c72f118575","ERC-20: CASH","Cash"
"0x0d49cf32269226248c1be1fafd0d0bfb16c7501beb7a1b945688891c16a9e21a","16999689","1753335017","2025-07-24 12:30:17","0xce1d42b6789b6adcd12615830135def28f7fc96d","0x2cfc85d8e48f8eab294be644d9e25c3030863003","0","N/A","0xcd1e32b86953d79a6ac58e813d2ea7a1790cab63","ERC-20: ORO","ORO"
"0xb97aefadeb987413cef2eb7e54989effbe4aca2fe496705687b01b6b20ab1b7f","17015841","1753367321","2025-07-24 21:28:41","0xc336e5f574026172bfd2edbc60cb5729961dba68","0x2cfc85d8e48f8eab294be644d9e25c3030863003","2.5","$2.94","0x2cfc85d8e48f8eab294be644d9e25c3030863003","Worldcoin","WLD"
"0x88a15fcf3b04cb402d2f5770c2bdb80baf72ceedc2ace153dd153cb14bbebf1d","17017151","1753369941","2025-07-24 22:12:21","0xb3d59551c7de55dd93b87aeed0b5535495730907","0x2cfc85d8e48f8eab294be644d9e25c3030863003","2.465102","$2.90","0x2cfc85d8e48f8eab294be644d9e25c3030863003","Worldcoin","WLD"
"0x445dddcae6121622499d96a94f7ba1c27b1b76148ac3f47fed90abbbfa96e062","17020119","1753375877","2025-07-24 23:51:17","0xd35ccd7bc9dd763222a6b732760743123826ea54","0x2cfc85d8e48f8eab294be644d9e25c3030863003","0.046351501187015054","$0.05","0x2cfc85d8e48f8eab294be644d9e25c3030863003","Worldcoin","WLD"
"0x83b4b430cda2afb92673e9307fc3853a3ff4803d3cde08f276142b9e12a0b777","17026566","1753388771","2025-07-25 03:26:11","0xe1d2c90d3b955e307151e901e88650504e10b2e1","0x2cfc85d8e48f8eab294be644d9e25c3030863003","163.755477925787626447","N/A","0xed49fe44fd4249a09843c2ba4bba7e50beca7113","DNAToken","DNA"
"0x2409d92959ec09c2e48b6a4e26d676a170f9ce04137bef16a107fdd5f317731f","17027307","1753390253","2025-07-25 03:50:53","0xd35ccd7bc9dd763222a6b732760743123826ea54","0x2cfc85d8e48f8eab294be644d9e25c3030863003","0.046938426636759417","$0.06","0x2cfc85d8e48f8eab294be644d9e25c3030863003","Worldcoin","WLD"
"0xa331f709155dd8b2814cfcd36c293e21de2c46f35c51a7337439067c9c03b1c4","17033236","1753402111","2025-07-25 07:08:31","0x9faab0dc863ce68234ec2a7c7b669767658d5171","0x2cfc85d8e48f8eab294be644d9e25c3030863003","0.000012477987062401","N/A","0x985e9764309c8ffb70ab5b9f97c694565fe8825c","ERC-20: RoseChana Coin","RCC"
"0xb239a6f05decb55f594e3e8d470b54c20a1f92d912cd23ef853fb06b67ed9feb","17033259","1753402157","2025-07-25 07:09:17","0x9faab0dc863ce68234ec2a7c7b669767658d5171","0x2cfc85d8e48f8eab294be644d9e25c3030863003","26","N/A","0xd93f185c84e66771cafc885aaf43fa0d4ed27612","ERC-20: Ring","$RNG"
"0x701611c8adee9f61e2bddd39c8615e4e7d16b4be696e60943d3a22d75b080083","17033275","1753402189","2025-07-25 07:09:49","0x9faab0dc863ce68234ec2a7c7b669767658d5171","0x2cfc85d8e48f8eab294be644d9e25c3030863003","25","N/A","0x6516160a8278420a9af7cb536279d4ef833c58ab","ERC-20: StinkyHedge","STH"
"0xee3fb790dbe9997977973df9db129f2cd6096d5150c9e920419b8328ab0677e8","17033295","1753402229","2025-07-25 07:10:29","0x9faab0dc863ce68234ec2a7c7b669767658d5171","0x2cfc85d8e48f8eab294be644d9e25c3030863003","24","N/A","0xed614608d8239c8faeb869fa3e275498b302e58a","ERC-20: LuckyAxo","LAXO"
"0x6b56d01a108b50429eca931e145a4a3d2356aefe6a62f0610e16765ac9dc2763","17034910","1753405459","2025-07-25 08:04:19","0xd35ccd7bc9dd763222a6b732760743123826ea54","0x2cfc85d8e48f8eab294be644d9e25c3030863003","0.048180838446593505","$0.06","0x2cfc85d8e48f8eab294be644d9e25c3030863003","Worldcoin","WLD"
"0x4b5a5afd4ba545d2d891b51459177fc37189d116d8e27c7f2d2374d27be3db9b","17049834","1753435307","2025-07-25 16:21:47","0x43222f934ea5c593a060a6d46772fdbdc2e2cff0","0x2cfc85d8e48f8eab294be644d9e25c3030863003","2.21","N/A","0xf3f92a60e6004f3982f0fde0d43602fc0a30a0db","ERC-20: Orb","ORB"
"0x58e56fbdbb65c136d2bfc09f1061d9c0213f867ddc24b736153379b56917691f","17059469","1753454577","2025-07-25 21:42:57","0x84a16a8eafdc0f02e28ced040a90d32670d50d1b","0x2cfc85d8e48f8eab294be644d9e25c3030863003","7.819948","$9.02","0x2cfc85d8e48f8eab294be644d9e25c3030863003","Worldcoin","WLD"
"0x35394053ab096909c0fe24d2815b9b51e057f320ede8dc3ce61b1a2ccf901370","17060960","1753457559","2025-07-25 22:32:39","0xfa6b742eec60d8b6ebf084fd38c4c35afb42f819","0x2cfc85d8e48f8eab294be644d9e25c3030863003","2.562347","$2.95","0x2cfc85d8e48f8eab294be644d9e25c3030863003","Worldcoin","WLD"
"0x095557fdd4bec9f757399f7c14979cdf6226c78a4b278bfea9b4d83059f07e02","17072225","1753480089","2025-07-26 04:48:09","0xa713304070a04e4890e3c3d2624160b0a3919196","0x2cfc85d8e48f8eab294be644d9e25c3030863003","2.56","$2.95","0x2cfc85d8e48f8eab294be644d9e25c3030863003","Worldcoin","WLD"
"0x102299eee2c5cf3ecb6dfa33f4a9cdc620d04eb569b3053e12a11aa4115e11d2","17079715","1753495069","2025-07-26 08:57:49","0x43222f934ea5c593a060a6d46772fdbdc2e2cff0","0x2cfc85d8e48f8eab294be644d9e25c3030863003","2","$2.32","0x2cfc85d8e48f8eab294be644d9e25c3030863003","Worldcoin","WLD"
"0xa745a63f71654ec0b363d959f1b6b1e9ff5d7bf3c6557e39e1650585375f02a2","17081485","1753498609","2025-07-26 09:56:49","0x57de5ac687f2269bf25a912bdede2b2272bc683f","0x2cfc85d8e48f8eab294be644d9e25c3030863003","7.86665","$9.14","0x2cfc85d8e48f8eab294be644d9e25c3030863003","Worldcoin","WLD"
"0x881f92fd300c8a8e4d12105670ed9a781a2edcaf835985599b635fc7338e78d5","17086794","1753509227","2025-07-26 12:53:47","0x727edfc431a493e0290a48f3885beac466cdc952","0x2cfc85d8e48f8eab294be644d9e25c3030863003","0.628896","$0.63","0x79a02482a880bce3f13e09da970dc34db4cd24d1","USDC","USDC"
"0xfaaec72f0d229d719302f346ffa20a13bbf6205d49a60d03ad940e2d6ecbdea8","17103068","1753541775","2025-07-26 21:56:15","0x5fbe64836c0b558546f81706de4993ebe6a372ac","0x2cfc85d8e48f8eab294be644d9e25c3030863003","10","N/A","0x735cf44b6c2f3ee0f9cc8e5bd05604dfbb40325a","ERC-20: FIT","FIT"
"0xbb9db82f30cbb5f475fb2cf7b2cecc6c98134c56a267166e65f9296b019ed09b","17104567","1753544773","2025-07-26 22:46:13","0xa193b261b64245830f6bf0b0f7fe25c13b276d4c","0x2cfc85d8e48f8eab294be644d9e25c3030863003","0.339942","$0.34","0x79a02482a880bce3f13e09da970dc34db4cd24d1","USDC","USDC"
"0xa359c5d69023310cd74e352ad5c386239497a4dd53d405b0b1cc551e027f2192","17110544","1753556727","2025-07-27 02:05:27","0x55858b25568038b6910fff0560a8e87a7d6535a3","0x2cfc85d8e48f8eab294be644d9e25c3030863003","7.5","$8.71","0x2cfc85d8e48f8eab294be644d9e25c3030863003","Worldcoin","WLD"
"0x2f60063732db0a84bf1aa0f1b88ddf6165953ba386f62a32e676176335c232a4","17110733","1753557105","2025-07-27 02:11:45","0x55858b25568038b6910fff0560a8e87a7d6535a3","0x2cfc85d8e48f8eab294be644d9e25c3030863003","8.923862","$10.37","0x2cfc85d8e48f8eab294be644d9e25c3030863003","Worldcoin","WLD"
"0x033907e9fcb77fe4f97fd2a399b7d7b28f912921d922bece36deab7c80ef6956","17119287","1753574213","2025-07-27 06:56:53","0x43222f934ea5c593a060a6d46772fdbdc2e2cff0","0x2cfc85d8e48f8eab294be644d9e25c3030863003","0.18702","$0.22","0x2cfc85d8e48f8eab294be644d9e25c3030863003","Worldcoin","WLD"
"0xd740e71a36bf2d193e5b0df312d4a7b4fdc8b3f93b431f2ea3a4152c53ffd680","17134785","1753605209","2025-07-27 15:33:29","0x1ce18386b904851926a65885bfde0a4852a22da3","0x2cfc85d8e48f8eab294be644d9e25c3030863003","2.56","$2.99","0x2cfc85d8e48f8eab294be644d9e25c3030863003","Worldcoin","WLD"
"0x9d0e293c52a5c01cb14c2a2b61efa9d5f2b901fe10acad232a49c43d22a2ecb5","17138731","1753613101","2025-07-27 17:45:01","0x55858b25568038b6910fff0560a8e87a7d6535a3","0x2cfc85d8e48f8eab294be644d9e25c3030863003","2.5","$2.92","0x2cfc85d8e48f8eab294be644d9e25c3030863003","Worldcoin","WLD"
"0x61e9df630fc53180d256a862adf21f985ae87e7c3b90c6ae943d0a88e331e594","17138748","1753613135","2025-07-27 17:45:35","0x55858b25568038b6910fff0560a8e87a7d6535a3","0x2cfc85d8e48f8eab294be644d9e25c3030863003","5","$5.84","0x2cfc85d8e48f8eab294be644d9e25c3030863003","Worldcoin","WLD"
"0xd7a9eb2b732d016d4746d902260f3f0f7e671dbdcbddbec195263f7f8a46455e","17138764","1753613167","2025-07-27 17:46:07","0x55858b25568038b6910fff0560a8e87a7d6535a3","0x2cfc85d8e48f8eab294be644d9e25c3030863003","1.5","$1.75","0x2cfc85d8e48f8eab294be644d9e25c3030863003","Worldcoin","WLD"
"0xf0e45e1bf38279528e7324a5484ca0756bab8755042fe58ed9c8c6bb05ea869b","17138780","1753613199","2025-07-27 17:46:39","0x1d23266f7a0b90326072aa008b15783d74071a2d","0x2cfc85d8e48f8eab294be644d9e25c3030863003","0","N/A","0xcd1e32b86953d79a6ac58e813d2ea7a1790cab63","ERC-20: ORO","ORO"
"0xf29566c492179513ea317ef3baf4b85572cdaad9b483777a4955d266d71f14a1","17138783","1753613205","2025-07-27 17:46:45","0x55858b25568038b6910fff0560a8e87a7d6535a3","0x2cfc85d8e48f8eab294be644d9e25c3030863003","3","$3.50","0x2cfc85d8e48f8eab294be644d9e25c3030863003","Worldcoin","WLD"
"0x3d1e054050f1ec1dcb47603a37538d4fe12e8c59daaab51995c53426a1dc4259","17138817","1753613273","2025-07-27 17:47:53","0x55858b25568038b6910fff0560a8e87a7d6535a3","0x2cfc85d8e48f8eab294be644d9e25c3030863003","0.25","$0.29","0x2cfc85d8e48f8eab294be644d9e25c3030863003","Worldcoin","WLD"
"0x81c4c1c089b8230a9534875eaec09d81df71d20180d81c392af1d88e54e51a27","17138835","1753613309","2025-07-27 17:48:29","0x55858b25568038b6910fff0560a8e87a7d6535a3","0x2cfc85d8e48f8eab294be644d9e25c3030863003","0.25","$0.29","0x2cfc85d8e48f8eab294be644d9e25c3030863003","Worldcoin","WLD"
"0x7784fd20600e9761b1f19c597b5cfc844371841ab2dcb955939b443362273db0","17138842","1753613323","2025-07-27 17:48:43","0x55858b25568038b6910fff0560a8e87a7d6535a3","0x2cfc85d8e48f8eab294be644d9e25c3030863003","0.5","$0.58","0x2cfc85d8e48f8eab294be644d9e25c3030863003","Worldcoin","WLD"
"0x10bf13d7e8457d9079f9d59542c0e8598cf0f158c979624fc310b25db62ec5d8","17138852","1753613343","2025-07-27 17:49:03","0x55858b25568038b6910fff0560a8e87a7d6535a3","0x2cfc85d8e48f8eab294be644d9e25c3030863003","0.175","$0.20","0x2cfc85d8e48f8eab294be644d9e25c3030863003","Worldcoin","WLD"
"0xa58f39ae03a383ac159ff4316d93b2b1f3a687d013891aa8e5c05e367a3143c6","17138884","1753613407","2025-07-27 17:50:07","0x55858b25568038b6910fff0560a8e87a7d6535a3","0x2cfc85d8e48f8eab294be644d9e25c3030863003","0.25","$0.29","0x2cfc85d8e48f8eab294be644d9e25c3030863003","Worldcoin","WLD"
"0xcaf4199c1ac1d61b873e20b850582aa9477384f351bbcc40e32dff6a0c5ca83d","17138904","1753613447","2025-07-27 17:50:47","0x55858b25568038b6910fff0560a8e87a7d6535a3","0x2cfc85d8e48f8eab294be644d9e25c3030863003","0.125","$0.15","0x2cfc85d8e48f8eab294be644d9e25c3030863003","Worldcoin","WLD"
"0x14d39d80e3ad483ae87f8244f5ba5c2c543fc861bfac68b7fd1fa9163a8cf4cf","17138920","1753613479","2025-07-27 17:51:19","0x55858b25568038b6910fff0560a8e87a7d6535a3","0x2cfc85d8e48f8eab294be644d9e25c3030863003","0.125","$0.15","0x2cfc85d8e48f8eab294be644d9e25c3030863003","Worldcoin","WLD"
"0x688dc562e4b89faca2621736d9489c5027fc1d79dae7d0e49cb286c7f3bc6db0","17142495","1753620629","2025-07-27 19:50:29","0x43222f934ea5c593a060a6d46772fdbdc2e2cff0","0x2cfc85d8e48f8eab294be644d9e25c3030863003","0.02986","$0.03","0x2cfc85d8e48f8eab294be644d9e25c3030863003","Worldcoin","WLD"
"0x91b1b15af3da63dbe6587e7f8db9a9ccc87fef11b8d860bb13067839b4c25402","17149248","1753634135","2025-07-27 23:35:35","0x8b480ae5688fd1a1f08ede3aa461225bf6ae5f11","0x2cfc85d8e48f8eab294be644d9e25c3030863003","0","N/A","0x735cf44b6c2f3ee0f9cc8e5bd05604dfbb40325a","ERC-20: FIT","FIT"
"0x845bfb94a55528a9c22fc850a68a9083b1e4831c97cc2a87e3246383f29f2cfb","17149761","1753635161","2025-07-27 23:52:41","0x43222f934ea5c593a060a6d46772fdbdc2e2cff0","0x2cfc85d8e48f8eab294be644d9e25c3030863003","0.0185","$0.02","0x2cfc85d8e48f8eab294be644d9e25c3030863003","Worldcoin","WLD"
"0x89558b6d417323a0996b421b61acc187aa1471456cc19c79c3693e790a57f4ad","17149821","1753635281","2025-07-27 23:54:41","0x43222f934ea5c593a060a6d46772fdbdc2e2cff0","0x2cfc85d8e48f8eab294be644d9e25c3030863003","1","N/A","0x361990637f68f2e52b6e38194330bb3964b0e908","ERC-20: Common Egg","EGG"
"0xe181c58c788edc25b2235853ad5c5727a886eb7317268dd5d3b763ab4e9b82c5","17154325","1753644289","2025-07-28 02:24:49","0xb2b18eecaf0b808c16972757c4dfbf854e7cdfa5","0x2cfc85d8e48f8eab294be644d9e25c3030863003","8.180526","$9.55","0x2cfc85d8e48f8eab294be644d9e25c3030863003","Worldcoin","WLD"
"0x1205b829aadd25bbbb108b07c30fa259d5190caba0a671800dcd7737021e10d9","17162686","1753661011","2025-07-28 07:03:31","0x1a7454bcbb49170568ce7f52262cd2d5b5b6d498","0x2cfc85d8e48f8eab294be644d9e25c3030863003","0.003843","$0.00","0x79a02482a880bce3f13e09da970dc34db4cd24d1","USDC","USDC"
"0xf13af815cb5a7bc773784469e571b8fd38f5a8c90429366af1766df654068a77","17163735","1753663109","2025-07-28 07:38:29","0x6927a2d7ca7321e4c8a05c7d02c4debe34b12be9","0x2cfc85d8e48f8eab294be644d9e25c3030863003","2.560093","$3.11","0x2cfc85d8e48f8eab294be644d9e25c3030863003","Worldcoin","WLD"
"0xd6db19cf06a4fe5726d512b1df5e3cc817238e3d92291f8900f95563008792b5","17165414","1753666467","2025-07-28 08:34:27","0x4a6140ad47681021e653b29697a8604ea0259c65","0x2cfc85d8e48f8eab294be644d9e25c3030863003","12.230869","$12.23","0x79a02482a880bce3f13e09da970dc34db4cd24d1","USDC","USDC"
"0xf07964fef46e656e4dc5eaae9f48bee06f0e2f3ac70529a9bac502b4b537d8a0","17169968","1753675575","2025-07-28 11:06:15","0x78a860d1b5a9cf770b7ae23c135850323ef2c599","0x2cfc85d8e48f8eab294be644d9e25c3030863003","10.84026","$13.18","0x2cfc85d8e48f8eab294be644d9e25c3030863003","Worldcoin","WLD"
"0x91485c7358553e18fa000475f2eba4bc1a34a4888b74dab6f434c14f748f1b53","17177649","1753690937","2025-07-28 15:22:17","0x3bd5066160d03eca244d6539ecdffe0a823570ca","0x2cfc85d8e48f8eab294be644d9e25c3030863003","0","$0.00","0x4200000000000000000000000000000000000006","Wrapped Ether","WETH"
"0x3e1e389960ae785f80cd04d58dbdbb5df729b8f010aecbfb480087a4b2951274","17183164","1753701967","2025-07-28 18:26:07","0x8eb430c26f6675a16f1ea6fb71b163c817a3b346","0x2cfc85d8e48f8eab294be644d9e25c3030863003","0","$0.00","0x2cfc85d8e48f8eab294be644d9e25c3030863003","Worldcoin","WLD"
"0x84c7b782a4ac47435448cc2a3e2d320ced377f94c0de809893c76d0e086dbd6e","17185585","1753706809","2025-07-28 19:46:49","0x43222f934ea5c593a060a6d46772fdbdc2e2cff0","0x2cfc85d8e48f8eab294be644d9e25c3030863003","2.08064","$2.53","0x2cfc85d8e48f8eab294be644d9e25c3030863003","Worldcoin","WLD"
"0x130df655135b6fc7a00f5a2d07a6e540e6c790f968dbb4197ffd3b7d81dca338","17195755","1753727149","2025-07-29 01:25:49","0x7745748e050a38833d9cc3b1cc13fdc6e2055d7a","0x2cfc85d8e48f8eab294be644d9e25c3030863003","58","N/A","0x67f8f778bfe29b381c8437dc12e75bfa0977630c","ERC-20: GalAXO","GAXO"
"0xef68170694182734adde11f328481db75927a9370c80fd7088535be60def3c73","17196001","1753727641","2025-07-29 01:34:01","0x7745748e050a38833d9cc3b1cc13fdc6e2055d7a","0x2cfc85d8e48f8eab294be644d9e25c3030863003","30","N/A","0x8206cecc0eede8c1f85ac1a1115ee42aa145befe","ERC-20: Mexico","MXT"
"0x3a05faca87d30bfd53567d1f9e7c9940bb6900195faa6d5b4aecc01bbcc859ec","17196049","1753727737","2025-07-29 01:35:37","0x7745748e050a38833d9cc3b1cc13fdc6e2055d7a","0x2cfc85d8e48f8eab294be644d9e25c3030863003","16","N/A","0xe0d58bbe48285d28875d6396bf1f944e9797931b","ERC-20: AXONATOR","T-LOTL"
"0x767f9e6f6ebed5c52aa941fb37d3adca538cde44550f23403ea4902a96f601ca","17196080","1753727799","2025-07-29 01:36:39","0x7745748e050a38833d9cc3b1cc13fdc6e2055d7a","0x2cfc85d8e48f8eab294be644d9e25c3030863003","11","N/A","0xed614608d8239c8faeb869fa3e275498b302e58a","ERC-20: LuckyAxo","LAXO"
"0xe5559b6d66726680f1b2196562a36d213315a14bc5b5cd19142349eaa12c2cb0","17196088","1753727815","2025-07-29 01:36:55","0x7745748e050a38833d9cc3b1cc13fdc6e2055d7a","0x2cfc85d8e48f8eab294be644d9e25c3030863003","13","N/A","0xd93f185c84e66771cafc885aaf43fa0d4ed27612","ERC-20: Ring","$RNG"
"0x3a984856b5f61f888d5dd5a2c01bb52c349acf9e796509a668e5d8a7f4562ab7","17196100","1753727839","2025-07-29 01:37:19","0x7745748e050a38833d9cc3b1cc13fdc6e2055d7a","0x2cfc85d8e48f8eab294be644d9e25c3030863003","16","N/A","0x6516160a8278420a9af7cb536279d4ef833c58ab","ERC-20: StinkyHedge","STH"
"0x51cbde618b9ff897bd279541222905c093f89106c827199c01f60d985c5d06b2","17196108","1753727855","2025-07-29 01:37:35","0x7745748e050a38833d9cc3b1cc13fdc6e2055d7a","0x2cfc85d8e48f8eab294be644d9e25c3030863003","13","N/A","0x8092511af4ecd82461e3f214cfe07261c16a7979","ERC-20: DONT BUY","$DNTB"
"0x57ffa31c087c5463f676d4662027874ec2f49236390355eb92473c6aa1fcf930","17196122","1753727883","2025-07-29 01:38:03","0x7745748e050a38833d9cc3b1cc13fdc6e2055d7a","0x2cfc85d8e48f8eab294be644d9e25c3030863003","15","N/A","0x5470aefbac2ac629efc2fa15d58b3c8cba53430d","ERC-20: Mexican Terminator","T-MX"
"0xc5c6d90936ed6a63a323371bc1426d50b9db033f8297b0588d951f1a40221cef","17196129","1753727897","2025-07-29 01:38:17","0x7745748e050a38833d9cc3b1cc13fdc6e2055d7a","0x2cfc85d8e48f8eab294be644d9e25c3030863003","16","N/A","0x5c1d4ac802413f30a102146d735b1722f103277c","ERC-20: AxoloCong","AXOCONG"
"0x88b81706ade6e98de6e28eed2f3b371d665d8cebaffde4640836e7ffaeeb3d25","17196147","1753727933","2025-07-29 01:38:53","0x7745748e050a38833d9cc3b1cc13fdc6e2055d7a","0x2cfc85d8e48f8eab294be644d9e25c3030863003","16","N/A","0xa29b7a179adc80d628cc5a7c7a181920c2325762","ERC-20: President Axo","POTAS"
"0x07af926ef827c5578428aa705b7c73c3847994ddc0572efa85917456465e2ced","17196156","1753727951","2025-07-29 01:39:11","0x7745748e050a38833d9cc3b1cc13fdc6e2055d7a","0x2cfc85d8e48f8eab294be644d9e25c3030863003","2.626076405468473762","N/A","0x249820c0479d0a7fee6a2a3a14583267550f3caf","ERC-20: AXOLOCOIN","$AXO"
"0x3cee51a0c1f4eafcdcb681d4710d8be935c4721d3d25e248bc18ec0d3bcc359b","17206101","1753747841","2025-07-29 07:10:41","0xba21dbc5dfff281bced5a3d9dad2feb8b4ec4abe","0x2cfc85d8e48f8eab294be644d9e25c3030863003","0","$0.00","0x2cfc85d8e48f8eab294be644d9e25c3030863003","Worldcoin","WLD"
"0x16fe2bc9faef4a296d72d6b920169db8c6aee3de7fd45b7f7f99a4bf0c7fb64d","17208571","1753752781","2025-07-29 08:33:01","0xc3279b61afc3a80a04c460714a57cfc2a06dbbf2","0x2cfc85d8e48f8eab294be644d9e25c3030863003","5.285321","$5.90","0x2cfc85d8e48f8eab294be644d9e25c3030863003","Worldcoin","WLD"
"0xff4ac2754af9682455656fb13c7fd9ef47f801788dcdfaa7ed76b45ff9a16531","17210687","1753757013","2025-07-29 09:43:33","0x6f8cd06a5504d6b3d2f410e47d1af3155a49e9f7","0x2cfc85d8e48f8eab294be644d9e25c3030863003","0","$0.00","0x2cfc85d8e48f8eab294be644d9e25c3030863003","Worldcoin","WLD"
"0x772a4470c28836ae87814b8350a854a6049f13de555482789388a71555b045c1","17216269","1753768177","2025-07-29 12:49:37","0x43222f934ea5c593a060a6d46772fdbdc2e2cff0","0x2cfc85d8e48f8eab294be644d9e25c3030863003","2.56223","$2.86","0x2cfc85d8e48f8eab294be644d9e25c3030863003","Worldcoin","WLD"
"0xa6612795891eb2b2f233fd413050010dd45bd86453a06e281580673671c62b2d","17222022","1753779683","2025-07-29 16:01:23","0xafd2079ab747889bc14bb3212f82ea2011c20283","0x2cfc85d8e48f8eab294be644d9e25c3030863003","10","N/A","0x735cf44b6c2f3ee0f9cc8e5bd05604dfbb40325a","ERC-20: FIT","FIT"
"0x4204d885288443db8ae5b4a24b5ffa5bb5a0962fc5e915ecb6cf6c20b9a779dc","17223119","1753781877","2025-07-29 16:37:57","0x1e4b79e6d482791d4af4cbf2f811b5831e0282da","0x2cfc85d8e48f8eab294be644d9e25c3030863003","2.56","$2.86","0x2cfc85d8e48f8eab294be644d9e25c3030863003","Worldcoin","WLD"
"0xfbc4c83d1a1a13f491a3c339894734b4fd0751b0c0057eaf71d60bdc6ba75dab","17251024","1753837687","2025-07-30 08:08:07","0xad14416cb5af373cb81e72e89f78bcf086f60dbd","0x2cfc85d8e48f8eab294be644d9e25c3030863003","5.609859","$6.05","0x2cfc85d8e48f8eab294be644d9e25c3030863003","Worldcoin","WLD"
"0x6a60c7e70bf5b6b3d91754b08158eb06022a700c38e2535a7bdf29798c71e885","17261766","1753859171","2025-07-30 14:06:11","0x43222f934ea5c593a060a6d46772fdbdc2e2cff0","0x2cfc85d8e48f8eab294be644d9e25c3030863003","2.70051","$2.91","0x2cfc85d8e48f8eab294be644d9e25c3030863003","Worldcoin","WLD"
"0x613cc021e0dd8ddd6f41d759a9319ef3ddc3dbd0e8e4cecd97146a08574937a1","17264781","1753865201","2025-07-30 15:46:41","0xaa362710cee014ab8214ecdd7264610a03380e5f","0x2cfc85d8e48f8eab294be644d9e25c3030863003","0.999805425363055965","$1.08","0x2cfc85d8e48f8eab294be644d9e25c3030863003","Worldcoin","WLD"
"0x60296ecf56d624bd46a77244d0a0b28e2fe7138ed72c9c2f2b9d4edef44d7b08","17265577","1753866793","2025-07-30 16:13:13","0x995679e6e10c1dd38995d32a7a29b6fb0f7abf30","0x2cfc85d8e48f8eab294be644d9e25c3030863003","100,000","N/A","0x56cb950fe93484694b98f79068620268d32f0b32","ERC-20: Satoshi coin","sats"
"0xf2359c887b90988cfdfc24edbc367a532b9f96236b7605f9beec13b90e5e914c","17265697","1753867033","2025-07-30 16:17:13","0x15ee7b4aed06f6d6d63c1f7fd907f022bdb0aeb4","0x2cfc85d8e48f8eab294be644d9e25c3030863003","0.000001","$0.00","0x2cfc85d8e48f8eab294be644d9e25c3030863003","Worldcoin","WLD"
"0xc2da146c24949757b73db9206973b9f0286054d35c420468b8f5d8faa8f07475","17294745","1753925129","2025-07-31 08:25:29","0xca716caad45b521d88fe009f90a7391da4550d20","0x2cfc85d8e48f8eab294be644d9e25c3030863003","664.917500438435573638","N/A","0xed49fe44fd4249a09843c2ba4bba7e50beca7113","DNAToken","DNA"
"0x48012980336d0d9da3d925a20fb909c3a348aa8b0d98bc99e477614fb57542de","17295439","1753926517","2025-07-31 08:48:37","0xca716caad45b521d88fe009f90a7391da4550d20","0x2cfc85d8e48f8eab294be644d9e25c3030863003","1,019.666993333333333335","N/A","0xe8bed5fc4f13aeb30ede91d695b0f7032bdb9ada","ERC-20: Krokmou","MIMI"
"0xf4f8cca3dd6a1dbcf0f34af7b9a8c5d26ddbce2393313e8ba9f9700201c40d0f","17297851","1753931341","2025-07-31 10:09:01","0xffa7689161ec8ff398ae28caa9efe5c8fd5d494c","0x2cfc85d8e48f8eab294be644d9e25c3030863003","4","$4.20","0x2cfc85d8e48f8eab294be644d9e25c3030863003","Worldcoin","WLD"
"0x99de1efc78eb1c70624a8064ae0af0d3ef8fde69fd5b91348b4c1ca7cf23b675","17302818","1753941275","2025-07-31 12:54:35","0xbbd9897df82ae25b4fe98677df9fc40e90df9022","0x2cfc85d8e48f8eab294be644d9e25c3030863003","2.5","$2.62","0x2cfc85d8e48f8eab294be644d9e25c3030863003","Worldcoin","WLD"
"0x5a3cbb67e43dfa1896c6cfcf28dd1495ea3fdb7419e2c167d504bd07ffb032a7","17308232","1753952103","2025-07-31 15:55:03","0xfc8740146b7a0f958a61a17512192e561a61af17","0x2cfc85d8e48f8eab294be644d9e25c3030863003","30","$31.49","0x2cfc85d8e48f8eab294be644d9e25c3030863003","Worldcoin","WLD"
"0xc3bc9e269221eba97e2dea1b7330df96d48491997f0631135139aac19cd46038","17308687","1753953013","2025-07-31 16:10:13","0xb0d39931659710ca30c05898dfdadedbfc7c793b","0x2cfc85d8e48f8eab294be644d9e25c3030863003","7.691947","$8.07","0x2cfc85d8e48f8eab294be644d9e25c3030863003","Worldcoin","WLD"
"0xe2c5fb07095430b8f28000516d3c228903c21b7b47ce3da8e7a976daf547674c","17308990","1753953619","2025-07-31 16:20:19","0x0fbde93d2a5fd5a286439cbb620d713e722182f7","0x2cfc85d8e48f8eab294be644d9e25c3030863003","10.428797000760273544","$10.95","0x2cfc85d8e48f8eab294be644d9e25c3030863003","Worldcoin","WLD"
"0x9636ab3528d3c703c95b80fd741a27efe16cc4f44c4f597e4acca073e9b7e69a","17315956","1753967551","2025-07-31 20:12:31","0x440d53cdbdb362227469f40cfc194a72c2f02a74","0x2cfc85d8e48f8eab294be644d9e25c3030863003","14.173287","$14.88","0x2cfc85d8e48f8eab294be644d9e25c3030863003","Worldcoin","WLD"
"0x2de97314ef10431232ffcf35a05960ded54f9e10885dd493072d43df1a51eb0f","17320050","1753975739","2025-07-31 22:28:59","0x3e7e66c2e6e5840f1bdc25dc75bb8bdf69cb82b7","0x2cfc85d8e48f8eab294be644d9e25c3030863003","0.25","$0.26","0x2cfc85d8e48f8eab294be644d9e25c3030863003","Worldcoin","WLD"
"0xf77a8a755304dfa8836574beeb479d8a1ccb88d0a4484426c84cf02b52dca097","17332988","1754001615","2025-08-01 05:40:15","0x45f8d8b7f60f1593331a4ae1bd96d4c5b3b9c27b","0x2cfc85d8e48f8eab294be644d9e25c3030863003","0","$0.00","0x2cfc85d8e48f8eab294be644d9e25c3030863003","Worldcoin","WLD"
"0xff7023532e6d2b390b1f1c32bd551e07ae61ded2d6dee3b70537f009696dbc62","17340236","1754016111","2025-08-01 09:41:51","0x6cdd2d305bf94fdb68bc93a14b49a552572ee877","0x2cfc85d8e48f8eab294be644d9e25c3030863003","60.42","$61.04","0x2cfc85d8e48f8eab294be644d9e25c3030863003","Worldcoin","WLD"
"0xfc136a834010016ff3b33d1b7f9cc133ddf8ac64d3d08b06826f2543fd61491c","17341106","1754017851","2025-08-01 10:10:51","0x2be92954d965813e2072b6ee6153e0a4e840d1ad","0x2cfc85d8e48f8eab294be644d9e25c3030863003","0.132066","$0.13","0x2cfc85d8e48f8eab294be644d9e25c3030863003","Worldcoin","WLD"
"0x5a211f316fabbe3d0e77c75cf4bae012b906efdfb5b497baa9a0ca2869df6625","17349425","1754034489","2025-08-01 14:48:09","0x546c55f14fe38015336d571221b82f1180cf3b1e","0x2cfc85d8e48f8eab294be644d9e25c3030863003","100,000","N/A","0x796fdfebfd5ebf862f7d572fd50db7dd583a7111","ERC-20: Apple coin","APPLE"
"0xf065d8aeffdf377a32e1bf06a43f49291f8f5f1b694f56ee2e905ec906d2fddb","17350774","1754037187","2025-08-01 15:33:07","0xec7b63294009b6ef61c53cf390305acc7ef5b2f5","0x2cfc85d8e48f8eab294be644d9e25c3030863003","100,000","N/A","0x032802e388cede3048575e788de4ba4e8cd9d402","ERC-20: Zelda coin","Zel"
"0x06bb65a28de5f7386524eb3254b7d98a32172c0b3e3339f159c1de8259c37995","17357472","1754050583","2025-08-01 19:16:23","0x213f06c976f5448050368a7234d86d627813bd62","0x2cfc85d8e48f8eab294be644d9e25c3030863003","50,000","N/A","0xccde09c01ac3bdf3269206ef9f471bc14076b486","ERC-20: worldlibertyfinancial.com","WLFI"
"0x9675b11ec81d4b9a641aa102f913d1885f65cf7e1328c40663c24ee95b9975de","17357806","1754051251","2025-08-01 19:27:31","0x3e392f5d82d70ed1fe903630a594b20fed9802d0","0x2cfc85d8e48f8eab294be644d9e25c3030863003","1,437.791705132930061545","N/A","0xed49fe44fd4249a09843c2ba4bba7e50beca7113","DNAToken","DNA"
"0x1f80041debbafa229bcc85c3f5abaad8d0e8e5cab93ba6ff675276af35a57cc4","17364574","1754064787","2025-08-01 23:13:07","0xdc3b2bb517c09435515d2a923618c1356412b3a7","0x2cfc85d8e48f8eab294be644d9e25c3030863003","5.840755","$5.90","0x2cfc85d8e48f8eab294be644d9e25c3030863003","Worldcoin","WLD"
"0x91d2b3d5b6d177b75f1739c56b0c369745fb49aca2656dc453ece49d7199ee8d","17367513","1754070665","2025-08-02 00:51:05","0xb2c51321f8fb1dced019fd9b47898cd117b27b57","0x2cfc85d8e48f8eab294be644d9e25c3030863003","0.175","$0.18","0x2cfc85d8e48f8eab294be644d9e25c3030863003","Worldcoin","WLD"
"0x0802f5cd2298e243e02aaac0f7f7ebe1d4d76d88e8635367fb6852970176ce89","17367537","1754070713","2025-08-02 00:51:53","0xb2c51321f8fb1dced019fd9b47898cd117b27b57","0x2cfc85d8e48f8eab294be644d9e25c3030863003","0.175012","$0.18","0x2cfc85d8e48f8eab294be644d9e25c3030863003","Worldcoin","WLD"
"0x0a725e9abd5b8edca7d4f66d53fe6b2b3f55dc43b42f0907d3a6923dc10a2d27","17368669","1754072977","2025-08-02 01:29:37","0x1e7fede8feaf99c2a3b4deca5ff8b8140586d235","0x2cfc85d8e48f8eab294be644d9e25c3030863003","3.279574","$3.31","0x2cfc85d8e48f8eab294be644d9e25c3030863003","Worldcoin","WLD"
"0x5eb041596b95933b4f5a946819bf8932fa05f9a8e2647827b2460694b59847b5","17372307","1754080253","2025-08-02 03:30:53","0x487916e6d4c57da9cf9efd48cde0aab6b253c4ab","0x2cfc85d8e48f8eab294be644d9e25c3030863003","100,000","N/A","0x91706dd653bb597555098f91e90bae010308daf2","ERC-20: Floki koin","FLOKI"
"0x4fb2984ba547e3e703f9a213039ed2291a19648eb898a1fb8361d4d5f289b927","17382067","1754099773","2025-08-02 08:56:13","0x04a9a6cb158a252d5927808836b7ee653be681b2","0x2cfc85d8e48f8eab294be644d9e25c3030863003","0.14","N/A","0x1ce198b7ee377c9e7a8b6d027f25987476e220e2","ERC-20: RACE","RACE"
"0x0fff44bcc4f27cf754fbcc61736917ac8d204874ca3576efc69b3906b183e9c7","17383016","1754101671","2025-08-02 09:27:51","0x61703ab8c8b2a051a9d6040d4ee27784b0e0b009","0x2cfc85d8e48f8eab294be644d9e25c3030863003","100,000","N/A","0x3a8cec2e3e082ec9b3f6b0478575d9a6d58cf1d3","ERC-20: Veta coin","Veta"
"0x644e37abb8c7878d8baecf191a895e6cfb6b2adad78f929758100c2e94744501","17388736","1754113111","2025-08-02 12:38:31","0x04a9a6cb158a252d5927808836b7ee653be681b2","0x2cfc85d8e48f8eab294be644d9e25c3030863003","0.12","N/A","0x1ce198b7ee377c9e7a8b6d027f25987476e220e2","ERC-20: RACE","RACE"
"0x89516d202cb7f7b95e7f9d30f4bc774fccb7a389112e88944deab4f08669effe","17391671","1754118981","2025-08-02 14:16:21","0xa9f76ee7fcdba067b886590f67b14b352ce65b51","0x2cfc85d8e48f8eab294be644d9e25c3030863003","10.11126","$9.64","0x2cfc85d8e48f8eab294be644d9e25c3030863003","Worldcoin","WLD"
"0xe20ce78c7ba1b3cfeaaf970fa3ff6c7d81edadada76221c1c840cbf36bd76f2b","17406276","1754148191","2025-08-02 22:23:11","0x58195c00523ffbcff4351607f9161f7d163e83f8","0x2cfc85d8e48f8eab294be644d9e25c3030863003","73,740","N/A","0x0d1c30f4247ee41f8a3704098939cdc0679e781c","ERC-20: 48 Club Token","KOGE"
"0xd19fcbf5e7b7fb16b8a8ca71a5e8646d2685c066bf7b017e7562b39e0911d6d1","17409394","1754154427","2025-08-03 00:07:07","0x148ca1369ec3ba2207dfeae2c5cdda032465b61b","0x2cfc85d8e48f8eab294be644d9e25c3030863003","2.926098","$2.79","0x2cfc85d8e48f8eab294be644d9e25c3030863003","Worldcoin","WLD"
"0x88adbdfba33aaeefd1e4395fa4b92cd67f1c2eff0c9568430b1a78afc2533494","17411765","1754159169","2025-08-03 01:26:09","0x49ae46409808a4e43f740a0a8856eeff2ea69638","0x2cfc85d8e48f8eab294be644d9e25c3030863003","3.220045","$3.07","0x2cfc85d8e48f8eab294be644d9e25c3030863003","Worldcoin","WLD"
"0xb31c2aa132c7892d6fd509a73734ede293aa85845e657d6a12616a12ab4a73e6","17422678","1754180995","2025-08-03 07:29:55","0x43222f934ea5c593a060a6d46772fdbdc2e2cff0","0x2cfc85d8e48f8eab294be644d9e25c3030863003","91.08297","N/A","0x394d1123dbbbfbdbe1bb0450117cdf06a30e394d","ERC-20: WLD Pi","WLD Pi"
"0x3fc68e0cdc71c099b7e19d21de520da51d6f41577a3e13694f71a9dc4d89f526","17442805","1754221249","2025-08-03 18:40:49","0x2071c8799a29ef1d827b6d2730994d4c0a89f76a","0x2cfc85d8e48f8eab294be644d9e25c3030863003","8.140262","$7.65","0x2cfc85d8e48f8eab294be644d9e25c3030863003","Worldcoin","WLD"
"0x712dd79df551630851f2aa6be11e47afe1e4516d6dc0ef7a8cc0fc269eae652a","17446109","1754227857","2025-08-03 20:30:57","0x2eae6704a51cf997f1c6627bb11febe690cd234d","0x2cfc85d8e48f8eab294be644d9e25c3030863003","3.110881","$3.11","0x79a02482a880bce3f13e09da970dc34db4cd24d1","USDC","USDC"
"0x2a70c0ec55afb172b089553925aad350c9798becdaa582aaee509bbcfda10aec","17448365","1754232369","2025-08-03 21:46:09","0x4e9f12ed361fb7f55f7c14f6d834b73694f8fcfe","0x2cfc85d8e48f8eab294be644d9e25c3030863003","4.987919","$4.99","0x79a02482a880bce3f13e09da970dc34db4cd24d1","USDC","USDC"
"0x449ad7fa8ccc2f51ce8eb99a26cb60fbdb83ccdc43f30de0297750c2294256aa","17451247","1754238133","2025-08-03 23:22:13","0x43222f934ea5c593a060a6d46772fdbdc2e2cff0","0x2cfc85d8e48f8eab294be644d9e25c3030863003","0.00409","$0.00","0x2cfc85d8e48f8eab294be644d9e25c3030863003","Worldcoin","WLD"
"0x2abd5d2a9da3e720f643a012ad5b0a48f11e88d0dc53deb078a7341e92e4ce99","17451623","1754238885","2025-08-03 23:34:45","0x5f746d8b310764f50114faf87a88b29529d91f0e","0x2cfc85d8e48f8eab294be644d9e25c3030863003","0.000000728448048521","N/A","0x0500b77f2aa3bbcc9144288690abd29b79338226","ERC-20: Eyes The Frog","FROG"
"0x1d3fcad375bf8ca43c7fbe49b5ee8c2917bbde558e9146c584f7b9008beb4e4c","17454309","1754244257","2025-08-04 01:04:17","0x395e64ee7f0adff8bbcab2041c1f6bbd9c3da4ea","0x2cfc85d8e48f8eab294be644d9e25c3030863003","453.961266687765904827","N/A","0xed49fe44fd4249a09843c2ba4bba7e50beca7113","DNAToken","DNA"
"0x517703b3a062f4c4b1b65efbcf47d6fb90472cb27d82b22831a0fe2e087b2abc","17460798","1754257235","2025-08-04 04:40:35","0x15ee7b4aed06f6d6d63c1f7fd907f022bdb0aeb4","0x2cfc85d8e48f8eab294be644d9e25c3030863003","0.05","$0.05","0x2cfc85d8e48f8eab294be644d9e25c3030863003","Worldcoin","WLD"
"0x428d16af51233df20f265db42a7a99d4e477f83df6e3a91dffcaee8bb7ad76ac","17461846","1754259331","2025-08-04 05:15:31","0x43222f934ea5c593a060a6d46772fdbdc2e2cff0","0x2cfc85d8e48f8eab294be644d9e25c3030863003","0.04439","$0.04","0x2cfc85d8e48f8eab294be644d9e25c3030863003","Worldcoin","WLD"
"0x0729343667e4f2bb5aab9884e6e2bc6a0945940c3303445d4da22a93d6d3f875","17462538","1754260715","2025-08-04 05:38:35","0x43222f934ea5c593a060a6d46772fdbdc2e2cff0","0x2cfc85d8e48f8eab294be644d9e25c3030863003","0.00001","$0.00","0x2cfc85d8e48f8eab294be644d9e25c3030863003","Worldcoin","WLD"
"0x965247f0cc697edabd88a08613af5431336b676a587db0d7263b31f010805ba1","17476276","1754288191","2025-08-04 13:16:31","0x2bdbbd5c3f5d7fc0666fc853195901aad5c777dd","0x2cfc85d8e48f8eab294be644d9e25c3030863003","10","N/A","0x735cf44b6c2f3ee0f9cc8e5bd05604dfbb40325a","ERC-20: FIT","FIT"
"0x71fe3b9eb4f1537eaf2539f30f6d06a64ea1aa5922720f0e0f957e7e4737823b","17479504","1754294647","2025-08-04 15:04:07","0x87fd77492c89c4cbdfcb0b80b0a29b8c783a631a","0x2cfc85d8e48f8eab294be644d9e25c3030863003","14.885988088284906768","$14.55","0x2cfc85d8e48f8eab294be644d9e25c3030863003","Worldcoin","WLD"
"0x7e1b32f4b163f6491f1dc2181706b216e599463f1c78a1049d0777b1d1fcd954","17488035","1754311709","2025-08-04 19:48:29","0x4ed1c805c903a5c6c1d1dc54fd0810ed12c207da","0x2cfc85d8e48f8eab294be644d9e25c3030863003","2.789072","$2.73","0x2cfc85d8e48f8eab294be644d9e25c3030863003","Worldcoin","WLD"
"0x73b1e4ec4a04c7094854bf153c27b5346c6262da0f5dc2fbb730acbe45ffddab","17491307","1754318253","2025-08-04 21:37:33","0x43222f934ea5c593a060a6d46772fdbdc2e2cff0","0x2cfc85d8e48f8eab294be644d9e25c3030863003","2.36825","$2.31","0x2cfc85d8e48f8eab294be644d9e25c3030863003","Worldcoin","WLD"
"0xbfddee887e5b017b17669bfecd7bdec6def09aa0253704bb6e98ffd25170e0b9","17500956","1754337551","2025-08-05 02:59:11","0x4e2be0c58394ca4ca20970ec06bd8b6a7e376d0a","0x2cfc85d8e48f8eab294be644d9e25c3030863003","100,000","N/A","0xb02e4cfb06bfa326c4881d1f63aa5b6e3538f8bc","ERC-20: pornhub coin","prn"
"0x9087b12ebe3e0d7ba6fd848cf514d402000d66b4792684baeab0ab9b8f1906cd","17515410","1754366459","2025-08-05 11:00:59","0x7eee199c33c563a04c93e0e217fcbbfefaa83b65","0x2cfc85d8e48f8eab294be644d9e25c3030863003","202.314399629141508565","N/A","0xed49fe44fd4249a09843c2ba4bba7e50beca7113","DNAToken","DNA"
"0x67b82a62f5c35d611a6fa8ef965a7dd1e1a5e34bd0cc02ccf4fc9df70139f95a","17517291","1754370221","2025-08-05 12:03:41","0x605aabe86487408e58ceb42d41ad01bc3584c1e8","0x2cfc85d8e48f8eab294be644d9e25c3030863003","1,000","N/A","0xf3f92a60e6004f3982f0fde0d43602fc0a30a0db","ERC-20: Orb","ORB"
"0xc8e2a59a90057c3fef2746ce916a5397304fce501f5da6b74b633f78512e7be0","17518667","1754372973","2025-08-05 12:49:33","0x43222f934ea5c593a060a6d46772fdbdc2e2cff0","0x2cfc85d8e48f8eab294be644d9e25c3030863003","2.53666","$2.54","0x79a02482a880bce3f13e09da970dc34db4cd24d1","USDC","USDC"
"0xa99f659233df60a06056ddf62451db7887664898b6af2bcbbf761e3c1db19677","17524816","1754385271","2025-08-05 16:14:31","0x23c129aca37bbd96714bbab8eeb65fa6abe0332e","0x2cfc85d8e48f8eab294be644d9e25c3030863003","3,354.433100661105973999","N/A","0xed49fe44fd4249a09843c2ba4bba7e50beca7113","DNAToken","DNA"
"0xfe6cd70b9605e725df636b8e346ac4345e5718be9431854b671d103d45f8d2d3","17531950","1754399539","2025-08-05 20:12:19","0x6f8cd06a5504d6b3d2f410e47d1af3155a49e9f7","0x2cfc85d8e48f8eab294be644d9e25c3030863003","5.279555","$5.29","0x2cfc85d8e48f8eab294be644d9e25c3030863003","Worldcoin","WLD"
"0xf15dcab9f40bbf81ebe046fe9b25dba86106ad0827379e1f59f963182799e45e","17551856","1754439351","2025-08-06 07:15:51","0x43222f934ea5c593a060a6d46772fdbdc2e2cff0","0x2cfc85d8e48f8eab294be644d9e25c3030863003","5.12586","$4.80","0x2cfc85d8e48f8eab294be644d9e25c3030863003","Worldcoin","WLD"
"0xfb372ad4fad5fa8577f5afb5ed5ec5622b769385e64bc895617236c3891f0c75","17579935","1754495509","2025-08-06 22:51:49","0xb651ce8920b51d9a44207e027f905618e0dbecd8","0x2cfc85d8e48f8eab294be644d9e25c3030863003","2.955448","$2.95","0x79a02482a880bce3f13e09da970dc34db4cd24d1","USDC","USDC"
"0xe62555a7606cd88e5a99e6e64d34e73d4c37d36042ea8e66a19079cfef673998","17581777","1754499193","2025-08-06 23:53:13","0xed8487537fba68aab245578d5ff258739150a646","0x2cfc85d8e48f8eab294be644d9e25c3030863003","2.698828","$2.70","0x79a02482a880bce3f13e09da970dc34db4cd24d1","USDC","USDC"
"0x10e6f13999e7d7af2b9ad62447dd3a9a5ee94d9482fcc92f4fa3c80ff8503c04","17581953","1754499545","2025-08-06 23:59:05","0x1d1ff2994d5c58541ee91fc81533c50ba3e085c6","0x2cfc85d8e48f8eab294be644d9e25c3030863003","1.3","$1.22","0x2cfc85d8e48f8eab294be644d9e25c3030863003","Worldcoin","WLD"
"0x6272b05e2f36b5e0e611bac86024cc49247b65facc11f001218845325d929e86","17582114","1754499867","2025-08-07 00:04:27","0x43222f934ea5c593a060a6d46772fdbdc2e2cff0","0x2cfc85d8e48f8eab294be644d9e25c3030863003","3.24412","$3.04","0x2cfc85d8e48f8eab294be644d9e25c3030863003","Worldcoin","WLD"
"0xe6dedd51a5642e5d8a21d883fbf42e15c8472236814ac1ac9b370f082f9180d7","17588629","1754512897","2025-08-07 03:41:37","0xf2eca4372c2c07ea1e83545b3baf74b8aa042c91","0x2cfc85d8e48f8eab294be644d9e25c3030863003","4.225586324192239746","N/A","0xed49fe44fd4249a09843c2ba4bba7e50beca7113","DNAToken","DNA"
"0xfaf250147be4776330935526b6c1cda01b6fcb9272b70d43a435e72f69d71eb2","17597308","1754530255","2025-08-07 08:30:55","0x3f4f763517e689ea15cdfc67a2e1c852e7a011cd","0x2cfc85d8e48f8eab294be644d9e25c3030863003","7.68","$7.44","0x2cfc85d8e48f8eab294be644d9e25c3030863003","Worldcoin","WLD"
"0x154dc9214a0f65c94e0e6e9ed9293d43ed18b5951862eca7e49353337b52adfd","17598967","1754533573","2025-08-07 09:26:13","0x4550d9b3e78adcf9626e219f213e756125b1e58b","0x2cfc85d8e48f8eab294be644d9e25c3030863003","4,512,920.740748786734484518","N/A","0x1d9946e463a41db6805ddf1b509fb10865927881","ERC-20: Argentina","ARGENTINA"
"0x1c34cecff448c5411b0955755c5960150d9aee630cddae47e3612950a1b6dce2","17599437","1754534513","2025-08-07 09:41:53","0x4e2be0c58394ca4ca20970ec06bd8b6a7e376d0a","0x2cfc85d8e48f8eab294be644d9e25c3030863003","100,000","N/A","0xb02e4cfb06bfa326c4881d1f63aa5b6e3538f8bc","ERC-20: pornhub coin","prn"
"0x2d7ba0d5d1da2f70122948e853bb5b4b3a0fc7708c2da3d2bf6a1c9c157095e9","17602765","1754541169","2025-08-07 11:32:49","0x43222f934ea5c593a060a6d46772fdbdc2e2cff0","0x2cfc85d8e48f8eab294be644d9e25c3030863003","1,000","N/A","0xf3f92a60e6004f3982f0fde0d43602fc0a30a0db","ERC-20: Orb","ORB"
"0xd856c813e0e34639319de6c8d04b70d067ae37c585f9862df9346bdcb35dbfa7","17605972","1754547583","2025-08-07 13:19:43","0x0d221d6cdce61986df7484f373d26a1d40d6479c","0x2cfc85d8e48f8eab294be644d9e25c3030863003","0.226453","$0.22","0x2cfc85d8e48f8eab294be644d9e25c3030863003","Worldcoin","WLD"
"0x6c9f5f56a4fef1a7db3531a398724f9b3bd0f4938f2672f969073a4c15268cba","17612721","1754561081","2025-08-07 17:04:41","0x77468a018d8afeda58ec4a05a9bd479d33772f03","0x2cfc85d8e48f8eab294be644d9e25c3030863003","0.12","N/A","0x1ce198b7ee377c9e7a8b6d027f25987476e220e2","ERC-20: RACE","RACE"
"0xea450538badc364341e4152145a4761de7e2b0ce8a9a1a1b00d181b5cdc7f7d8","17614405","1754564449","2025-08-07 18:00:49","0x7ed2108cfc58cd2bcd71e15964a907c0a9813a52","0x2cfc85d8e48f8eab294be644d9e25c3030863003","0.020213115725679533","$0.02","0x2cfc85d8e48f8eab294be644d9e25c3030863003","Worldcoin","WLD"
"0x232645edb07630346eb78022371b39e1ef09124123157868c5fdde6806dd7d42","17627141","1754589921","2025-08-08 01:05:21","0xe0f52fd27726403dd768c5baa7ae00f64af61474","0x2cfc85d8e48f8eab294be644d9e25c3030863003","576.58337","N/A","0x8e4df9a54f14b0019357beb3b530ca53567b353e","ERC-20: ThePestToken","INFECT"
"0xd5028c095799e5f8c0f613f775d4f43f495007b0342dff46bd696ef84f886102","17640658","1754616955","2025-08-08 08:35:55","0x3cec37209c4deee2d84e8e2645c1720e513f6117","0x2cfc85d8e48f8eab294be644d9e25c3030863003","8.496707","$8.68","0x2cfc85d8e48f8eab294be644d9e25c3030863003","Worldcoin","WLD"
"0x61072b1c3e45ad0d4ff3e2ad9860d3fc977bce263213d236e103c788f6d29606","17644568","1754624775","2025-08-08 10:46:15","0xb09a21342328a031cac487a0dc0de10b2d67db69","0x2cfc85d8e48f8eab294be644d9e25c3030863003","100,000","N/A","0x5b828d1fa20b6f870ad749820f0e7085ca506aa1","ERC-20: MaduroMamhuev Token","MAH"
"0x14a8e27b5a0505d9e6b7422b252cf3b5f6f634f12be800ece21ebba77c3cce64","17647937","1754631513","2025-08-08 12:38:33","0xb09a21342328a031cac487a0dc0de10b2d67db69","0x2cfc85d8e48f8eab294be644d9e25c3030863003","80,000","N/A","0x5b828d1fa20b6f870ad749820f0e7085ca506aa1","ERC-20: MaduroMamhuev Token","MAH"
"0x49265d884df0fa48415c0fcc57aefc0854ebff44ac36012f57ce9e2d2e29e1a0","17666667","1754668973","2025-08-08 23:02:53","0x4e0388138484209a9c2fa40b8cad8ce6f6950852","0x2cfc85d8e48f8eab294be644d9e25c3030863003","0.000004495006982329","N/A","0x12e96c2bfea6e835cf8dd38a5834fa61cf723736","ERC-20: Dogecoin (Universal)","uDOGE"
"0xaee8e5d4cc481912b6f529a4cb94d0d6aece1ec9cc9c2637c56b260b60d12464","17673245","1754682129","2025-08-09 02:42:09","0x157b525742dd802581b4477462ae178a502e38ee","0x2cfc85d8e48f8eab294be644d9e25c3030863003","0.8","$0.82","0x2cfc85d8e48f8eab294be644d9e25c3030863003","Worldcoin","WLD"
"0x2d34d00e09a0ba9267cb5ae6af9c4648790f24e538dd83bc9c7ba8eafd7c0862","17682339","1754700317","2025-08-09 07:45:17","0x6d73e968faa025c401b69fe35255734e0f446f4c","0x2cfc85d8e48f8eab294be644d9e25c3030863003","1,000","N/A","0xf3f92a60e6004f3982f0fde0d43602fc0a30a0db","ERC-20: Orb","ORB"
"0xb107903466da3ff9528c2a8ff9ff19c760146c042627a5608c2e93c3426b144c","17686995","1754709629","2025-08-09 10:20:29","0x796b580d128aaf60981faef80250ab6dc79ee0d6","0x2cfc85d8e48f8eab294be644d9e25c3030863003","0.100033470900756017","$0.10","0x2cfc85d8e48f8eab294be644d9e25c3030863003","Worldcoin","WLD"
"0xffb1d765af6bf8e595a8228d600887b1979fb57694983fd650734b853167f835","17691609","1754718857","2025-08-09 12:54:17","0x585170b7bd28c7a273ce8f3dcb7fcc6ef19824dd","0x2cfc85d8e48f8eab294be644d9e25c3030863003","3.223241","$3.35","0x2cfc85d8e48f8eab294be644d9e25c3030863003","Worldcoin","WLD"
"0xc45adbc3b880e0be74fc64311c1989a4970f154f022489c75c38bad4156361dd","17691686","1754719011","2025-08-09 12:56:51","0x85c7d035eea96cf3f5f9bfa1bf625b8114eb5bb1","0x2cfc85d8e48f8eab294be644d9e25c3030863003","100","N/A","0x0aec0b6da46148974570cd55a502b5c7abc001ee","ERC-20: Antonimusss coin","AMG"
"0x1e67788784505a4dcdfaafcdcacc2297a68990f62b67b199d58704a917d4bed1","17697296","1754730231","2025-08-09 16:03:51","0x0c89cea96b0651798cb783f4e56b76f6617e5ddc","0x2cfc85d8e48f8eab294be644d9e25c3030863003","0.00000263","$0.31","0x03c7054bcb39f7b2e5b2c7acb37583e32d70cfa3","Wrapped BTC","WBTC"
"0x6356cbb949e8137fe9e8fa766845a67aeef00a9e0fc168e6d8d8cb6755fdf5e4","17697884","1754731407","2025-08-09 16:23:27","0x85c7d035eea96cf3f5f9bfa1bf625b8114eb5bb1","0x2cfc85d8e48f8eab294be644d9e25c3030863003","70","N/A","0x0aec0b6da46148974570cd55a502b5c7abc001ee","ERC-20: Antonimusss coin","AMG"
"0xb127404b3725ffd2de69488b5cc1243d9148fecc62718058ef93b5a699f817b4","17702119","1754739877","2025-08-09 18:44:37","0x1da0a4ec33f0db3feb8833a151152176fcb1170b","0x2cfc85d8e48f8eab294be644d9e25c3030863003","79.335331117960948637","N/A","0xf3f92a60e6004f3982f0fde0d43602fc0a30a0db","ERC-20: Orb","ORB"
"0xe9aecfdedd3b91480d3f0194946bf1536beaee6c98d7ce56ae70abb59cc9adb1","17709066","1754753771","2025-08-09 22:36:11","0xd5ddbd94ed0dc06829e1756b42ef189578339926","0x2cfc85d8e48f8eab294be644d9e25c3030863003","30.045016","$31.20","0x2cfc85d8e48f8eab294be644d9e25c3030863003","Worldcoin","WLD"
"0xe7288f1ad044437b9638e83161870dec915c72c7693efc91dbd9d0db77f4477d","17712985","1754761609","2025-08-10 00:46:49","0x77dc4fb898a18e47457b349f460ad68ed5c438a0","0x2cfc85d8e48f8eab294be644d9e25c3030863003","5.795758","$6.02","0x2cfc85d8e48f8eab294be644d9e25c3030863003","Worldcoin","WLD"
"0x33961dbb2ec74dd8a472f9db2a7472bc3e3a2433973960a26d98d81b8780112b","17729796","1754795231","2025-08-10 10:07:11","0x0000000000000000000000000000000000000000","0x2cfc85d8e48f8eab294be644d9e25c3030863003","10","N/A","0x5ef30ba3a27b92399a46ee86d2b810ee7e9d8abc","ERC-20: CoffeeCoin","Coffee"
"0xfe0d560257298c2398528d7c91c9c1676e9f7f305a8e3e703018df725b8e1385","17735984","1754807607","2025-08-10 13:33:27","0x7ea17933b24cb34bb532901eabdf67b4c4688872","0x2cfc85d8e48f8eab294be644d9e25c3030863003","3.225061","$3.49","0x2cfc85d8e48f8eab294be644d9e25c3030863003","Worldcoin","WLD"
"0x9d639180235372d33099957171d9fea2966dc3827f54769357ca000840c70229","17756147","1754847933","2025-08-11 00:45:33","0xe1e4a95da6d47dcf240d024018fd268296080e4d","0x2cfc85d8e48f8eab294be644d9e25c3030863003","0","N/A","0xd469fda5d9522a093760902e9be51e0c5d822d26","ERC-20: Human Unique Bridge","HUB"
"0xa2a2d049a1f6c3d70c88d47646f3e72edba6c7fd2a372139d954ba6404dc0b83","17777874","1754891387","2025-08-11 12:49:47","0x43222f934ea5c593a060a6d46772fdbdc2e2cff0","0x2cfc85d8e48f8eab294be644d9e25c3030863003","2.56522","$2.76","0x2cfc85d8e48f8eab294be644d9e25c3030863003","Worldcoin","WLD"
"0xfa216216ce22338622d5aef6d60be43ce13749672d038411218d65dab62d051b","17777933","1754891505","2025-08-11 12:51:45","0x43222f934ea5c593a060a6d46772fdbdc2e2cff0","0x2cfc85d8e48f8eab294be644d9e25c3030863003","0.3","N/A","0xcd1e32b86953d79a6ac58e813d2ea7a1790cab63","ERC-20: ORO","ORO"
"0x5151bcb30d58c0e10e402315afa4c254db8da584b22842bbc26e86200da387fe","17780403","1754896445","2025-08-11 14:14:05","0x2be92954d965813e2072b6ee6153e0a4e840d1ad","0x2cfc85d8e48f8eab294be644d9e25c3030863003","2.609423","$2.81","0x2cfc85d8e48f8eab294be644d9e25c3030863003","Worldcoin","WLD"
"0x27d6a4fb3b1f129b0fb89ccc380ac5e8e666872f1e5e7fac7a8311a204c6db38","17783547","1754902733","2025-08-11 15:58:53","0xdc151b82628f0bafad8c59076db40c94fba9f449","0x2cfc85d8e48f8eab294be644d9e25c3030863003","0","N/A","0xa25d59bf1e9ac8395b77e7807fb27ea0a48d7c55","ERC-20: TSN","TSN"
"0x7310d588e17c98aa1d09aeb8cddc1e3074dfcbb4c78b4863ce3c4f35b25e796a","17785216","1754906071","2025-08-11 16:54:31","0x321afddce435344a8a2d600fea3239b5c1b66854","0x2cfc85d8e48f8eab294be644d9e25c3030863003","0.00000001","$0.00","0x03c7054bcb39f7b2e5b2c7acb37583e32d70cfa3","Wrapped BTC","WBTC"
"0x804565d5ad90e99e6f49dec6ce5a8b1e8e60179c9025f2cf7047b681ebf5b9cf","17788626","1754912891","2025-08-11 18:48:11","0xa3ba6167c797ab1b6611648cd55b70ed78aa27ff","0x2cfc85d8e48f8eab294be644d9e25c3030863003","0.1","$0.11","0x2cfc85d8e48f8eab294be644d9e25c3030863003","Worldcoin","WLD"
"0x8cfaea74aa0416394470e55ee02f8e0d781643588f1aaee0eba859bdd24e3269","17797809","1754931257","2025-08-11 23:54:17","0x0000000000000000000000000000000000000000","0x2cfc85d8e48f8eab294be644d9e25c3030863003","10","N/A","0x5ef30ba3a27b92399a46ee86d2b810ee7e9d8abc","ERC-20: CoffeeCoin","Coffee"
"0xbcbdcdd6107396e609b57cfe450c3be77162fcbc2d767c4e419da60a51d0865f","17799565","1754934769","2025-08-12 00:52:49","0xd52ab8df0f0e8d344a52f741a3f86ca64b50fc2a","0x2cfc85d8e48f8eab294be644d9e25c3030863003","0.00023","$0.00","0x2cfc85d8e48f8eab294be644d9e25c3030863003","Worldcoin","WLD"
"0xaa485ae3d569c92be6ac89821c0f097afbef8bfd2ce098fb4e16f351eef51877","17801513","1754938665","2025-08-12 01:57:45","0x0000000000000000000000000000000000000000","0x2cfc85d8e48f8eab294be644d9e25c3030863003","10","N/A","0x5ef30ba3a27b92399a46ee86d2b810ee7e9d8abc","ERC-20: CoffeeCoin","Coffee"
"0x83342dc374593b67b0388d1b9c90ba35bf455d14629737f0a6d6932bbb393182","17802733","1754941105","2025-08-12 02:38:25","0x0000000000000000000000000000000000000000","0x2cfc85d8e48f8eab294be644d9e25c3030863003","10","N/A","0x5ef30ba3a27b92399a46ee86d2b810ee7e9d8abc","ERC-20: CoffeeCoin","Coffee"
"0x155e85f3c73c38a83c3d9f4b14a0f9134f8aaf7f231dd4e4810fc09de14e7821","17805775","1754947189","2025-08-12 04:19:49","0x0000000000000000000000000000000000000000","0x2cfc85d8e48f8eab294be644d9e25c3030863003","10","N/A","0x5ef30ba3a27b92399a46ee86d2b810ee7e9d8abc","ERC-20: CoffeeCoin","Coffee"
"0x6ac2ee2db2c7de8443f9e4d694f2651d382185c29bb725dd59b2625398f1e271","17805915","1754947469","2025-08-12 04:24:29","0xd52ab8df0f0e8d344a52f741a3f86ca64b50fc2a","0x2cfc85d8e48f8eab294be644d9e25c3030863003","0.000002","$0.00","0x2cfc85d8e48f8eab294be644d9e25c3030863003","Worldcoin","WLD"
"0xf547727bdf38ea1e05988378f026611d4e870538a59d26e41ecea50335fcf14c","17810300","1754956239","2025-08-12 06:50:39","0x0000000000000000000000000000000000000000","0x2cfc85d8e48f8eab294be644d9e25c3030863003","10","N/A","0x5ef30ba3a27b92399a46ee86d2b810ee7e9d8abc","ERC-20: CoffeeCoin","Coffee"
"0x181303fcbb99ffab962359ecd4b4958f2467550f4e57d04eb97f14cf4d988930","17826067","1754987773","2025-08-12 15:36:13","0xdd56c025dbb3ac1ae331f05cfc0cdcbdfa8a994d","0x2cfc85d8e48f8eab294be644d9e25c3030863003","0","N/A","0x5ef30ba3a27b92399a46ee86d2b810ee7e9d8abc","ERC-20: CoffeeCoin","Coffee"
"0x80b7ef61a1813ea1e36d4895609b15749ab28da1056dd09c645f30ce5d87aaf1","17832603","1755000845","2025-08-12 19:14:05","0xc1d7184bf456630f345fc2f25b21a47712471c11","0x2cfc85d8e48f8eab294be644d9e25c3030863003","2,060.066211003683722675","N/A","0xed49fe44fd4249a09843c2ba4bba7e50beca7113","DNAToken","DNA"
"0x087d8ab49cf201fac3752913aef0d20210c3a501b8ff01e5a024a4f128115920","17837682","1755011003","2025-08-12 22:03:23","0xdf1a2b1993e3f164506eeb8aeb6dd6759aa8d708","0x2cfc85d8e48f8eab294be644d9e25c3030863003","0","N/A","0x8ad5959c9245b64173d4c0c3cd3ff66dac3cab0e","ERC-20: Prize Worldcoin","przWLD"
"0xed1824922c05aef8aac203bd8358a68795492c73df450594db525ffb851c6875","17839101","1755013841","2025-08-12 22:50:41","0xe6cd5049a2df3522c3fb7accbb2d703f5f74010c","0x2cfc85d8e48f8eab294be644d9e25c3030863003","3.222118","$3.19","0x2cfc85d8e48f8eab294be644d9e25c3030863003","Worldcoin","WLD"
"0x1cfef8f319ffde29e62bc981af1b28217116783d12f0826f55ce8b3815834e38","17845700","1755027039","2025-08-13 02:30:39","0xe6db9b959e1418d21d61f4852ae68d0805bef5d6","0x2cfc85d8e48f8eab294be644d9e25c3030863003","10","N/A","0x735cf44b6c2f3ee0f9cc8e5bd05604dfbb40325a","ERC-20: FIT","FIT"
"0x8d5aeea516147eed79b330505650be96d3ac0b27ba918f487b2bd2258f75745e","17845973","1755027585","2025-08-13 02:39:45","0x25ef528e3254d96c2c0fde0c4823e49d5012f0a0","0x2cfc85d8e48f8eab294be644d9e25c3030863003","10","N/A","0x735cf44b6c2f3ee0f9cc8e5bd05604dfbb40325a","ERC-20: FIT","FIT"
"0xb1e8b46acf81fb95d45e64f29d99c2e3418916a2a0184acc8fcd29c32cba639a","17846422","1755028483","2025-08-13 02:54:43","0x142a874f72827d87048288bd25c330b231021d02","0x2cfc85d8e48f8eab294be644d9e25c3030863003","2.841439","$2.81","0x2cfc85d8e48f8eab294be644d9e25c3030863003","Worldcoin","WLD"
"0x6366328f8723625d199efc219f1033ea72950a721f374de67e0fb861d5508791","17849697","1755035033","2025-08-13 04:43:53","0x0000000000000000000000000000000000000000","0x2cfc85d8e48f8eab294be644d9e25c3030863003","5","N/A","0x5ef30ba3a27b92399a46ee86d2b810ee7e9d8abc","ERC-20: CoffeeCoin","Coffee"
"0xa7ec6f100757c494aa7145cb303488462c178cb6b22f7dab9a4b057e8ffb8a5b","17851068","1755037775","2025-08-13 05:29:35","0x0000000000000000000000000000000000000000","0x2cfc85d8e48f8eab294be644d9e25c3030863003","10","N/A","0xc6f44893a558d9ae0576a2bb6bfa9c1c3f313815","ERC-20: RamenCoin","Ramen"
"0xde6cddeef91855a225300a7edeae1a5fb9ecb1b5b8ebd1bfc673c1517799dc1c","17851180","1755037999","2025-08-13 05:33:19","0x0000000000000000000000000000000000000000","0x2cfc85d8e48f8eab294be644d9e25c3030863003","10","N/A","0xc6f44893a558d9ae0576a2bb6bfa9c1c3f313815","ERC-20: RamenCoin","Ramen"
"0x209b143a04ade3ac5eb13912be7bac76c7af94bf1e177b84ce2e9a0d0e95917b","17851836","1755039311","2025-08-13 05:55:11","0x6183f2972a7a3e531515ae94a8ca31e4b59ab01c","0x2cfc85d8e48f8eab294be644d9e25c3030863003","19.507091893299621763","N/A","0x5ef30ba3a27b92399a46ee86d2b810ee7e9d8abc","ERC-20: CoffeeCoin","Coffee"
"0x663d7d34b83866b575224538b6879876418ce1ffdf5e919b8366082d8fc5c944","17853855","1755043349","2025-08-13 07:02:29","0x0000000000000000000000000000000000000000","0x2cfc85d8e48f8eab294be644d9e25c3030863003","10","N/A","0xc6f44893a558d9ae0576a2bb6bfa9c1c3f313815","ERC-20: RamenCoin","Ramen"
"0x51c3b23923b0643441e806670a703667446ad9f5795a26ab97250a087e31802c","17854337","1755044313","2025-08-13 07:18:33","0x0000000000000000000000000000000000000000","0x2cfc85d8e48f8eab294be644d9e25c3030863003","10","N/A","0xc6f44893a558d9ae0576a2bb6bfa9c1c3f313815","ERC-20: RamenCoin","Ramen"
"0x34f10cce1609ac68295b0a703db19f61a94f9dff3c99011422767214c1b27798","17855133","1755045905","2025-08-13 07:45:05","0x0000000000000000000000000000000000000000","0x2cfc85d8e48f8eab294be644d9e25c3030863003","10","N/A","0xc6f44893a558d9ae0576a2bb6bfa9c1c3f313815","ERC-20: RamenCoin","Ramen"
"0x4fd6d2baa4a018dcc1760a2a08cbec4555d271f6f993946bc58210c2a6967ae6","17855151","1755045941","2025-08-13 07:45:41","0x0000000000000000000000000000000000000000","0x2cfc85d8e48f8eab294be644d9e25c3030863003","10","N/A","0xc6f44893a558d9ae0576a2bb6bfa9c1c3f313815","ERC-20: RamenCoin","Ramen"
"0xa133a6c5dd0f232742b8da2a8abf7ecc96f5e0a48abd403ad43a060cc3f5bee9","17856213","1755048065","2025-08-13 08:21:05","0x7aca7afda78884fe0a58fb8b3988b9f93f963950","0x2cfc85d8e48f8eab294be644d9e25c3030863003","3.3519","N/A","0xede54d9c024ee80c85ec0a75ed2d8774c7fbac9b","ERC-20: Drachma","WDD"
"0xf1b5685c9c433ea064351d22e0cc423eda7b19c868ec9b4f341e61624fde3d3c","17857843","1755051325","2025-08-13 09:15:25","0x0000000000000000000000000000000000000000","0x2cfc85d8e48f8eab294be644d9e25c3030863003","10","N/A","0xc6f44893a558d9ae0576a2bb6bfa9c1c3f313815","ERC-20: RamenCoin","Ramen"
"0xea4584ebc31ee6fa04f5b2919d9bf092a355471c797661bcb56361717f1219bf","17863140","1755061919","2025-08-13 12:11:59","0xec577158066b75374575fd703adf452aee6961a2","0x2cfc85d8e48f8eab294be644d9e25c3030863003","22,799.52836839235540762","N/A","0xed49fe44fd4249a09843c2ba4bba7e50beca7113","DNAToken","DNA"
"0x8a5179d5f64ff9b3b951edc5033402243c748a037c9112b9ef5704f56e25433f","17879584","1755094807","2025-08-13 21:20:07","0x8885629cd44b01d2ffb86082e6e24af562631d0f","0x2cfc85d8e48f8eab294be644d9e25c3030863003","9.9","N/A","0xc6f44893a558d9ae0576a2bb6bfa9c1c3f313815","ERC-20: RamenCoin","Ramen"
"0x0642224dc4422a0f4d3c62ab22026c14aece78c2654c9e2a68cc27e9d9b0b7c8","17880623","1755096885","2025-08-13 21:54:45","0xd52ab8df0f0e8d344a52f741a3f86ca64b50fc2a","0x2cfc85d8e48f8eab294be644d9e25c3030863003","0.085057","$0.09","0x2cfc85d8e48f8eab294be644d9e25c3030863003","Worldcoin","WLD"
"0xd14e486ce118ff708e36011f5fce1eca084085ed735333c6d060bb3696e22113","17888788","1755113215","2025-08-14 02:26:55","0x7914f88cbc0922802c34650ef8a7b0d6831b26a3","0x2cfc85d8e48f8eab294be644d9e25c3030863003","0.99","N/A","0xc6f44893a558d9ae0576a2bb6bfa9c1c3f313815","ERC-20: RamenCoin","Ramen"
"0xd4f61a13fc8686897342f9b1721f08552aeee0bd726cb9f8cdbdba01081800e1","17907730","1755151099","2025-08-14 12:58:19","0x43222f934ea5c593a060a6d46772fdbdc2e2cff0","0x2cfc85d8e48f8eab294be644d9e25c3030863003","0.002","$0.00","0x2cfc85d8e48f8eab294be644d9e25c3030863003","Worldcoin","WLD"
"0xb783d4358192b6963232b21ef92258be36d06ad4e45ded48f28d7bbc93528f93","17910818","1755157275","2025-08-14 14:41:15","0xe59e847ec16598405385b3cdf85aa74d7a704420","0x2cfc85d8e48f8eab294be644d9e25c3030863003","5.806472","$6.53","0x2cfc85d8e48f8eab294be644d9e25c3030863003","Worldcoin","WLD"
"0x563f2ef09acba1a346d0a093d64d40dc6e1b567e18cb79a974115bcd46693c64","17922917","1755181473","2025-08-14 21:24:33","0x0000000000000000000000000000000000000000","0x2cfc85d8e48f8eab294be644d9e25c3030863003","5","N/A","0x37cff256e4aed256493060669a04b59d87d509d1","ERC-20: XDogeCoin","XDoge"
"0x86202b84c9370803eca644d7e461df8c83f760388b7a4349b4c035ae374f9ac0","17923279","1755182197","2025-08-14 21:36:37","0x0000000000000000000000000000000000000000","0x2cfc85d8e48f8eab294be644d9e25c3030863003","5","N/A","0x37cff256e4aed256493060669a04b59d87d509d1","ERC-20: XDogeCoin","XDoge"
"0x2940c4309a68a207fdb854bbbd626e1655e8d3ad7214def96ba5ddc6bf430318","17924909","1755185457","2025-08-14 22:30:57","0x0000000000000000000000000000000000000000","0x2cfc85d8e48f8eab294be644d9e25c3030863003","5","N/A","0x37cff256e4aed256493060669a04b59d87d509d1","ERC-20: XDogeCoin","XDoge"
"0x8c3f2b73532f62cb63935aa3974ba05416fab58ccb64b38838122c5f7cbcc1d2","17925340","1755186319","2025-08-14 22:45:19","0x7aca7afda78884fe0a58fb8b3988b9f93f963950","0x2cfc85d8e48f8eab294be644d9e25c3030863003","2","N/A","0xede54d9c024ee80c85ec0a75ed2d8774c7fbac9b","ERC-20: Drachma","WDD"
"0x09497389cf14bc2b226995c2d93a05a5443fcbe4ad560753ac08375a588fe77e","17926231","1755188101","2025-08-14 23:15:01","0x0000000000000000000000000000000000000000","0x2cfc85d8e48f8eab294be644d9e25c3030863003","5","N/A","0x37cff256e4aed256493060669a04b59d87d509d1","ERC-20: XDogeCoin","XDoge"
"0xeaa0f92c22694e44f6d208f19cda0c2f3523cefa53f9bbe0a578f69b0618846d","17927447","1755190533","2025-08-14 23:55:33","0x2f0ebb01b96b4597f9c9c6306f39806673557359","0x2cfc85d8e48f8eab294be644d9e25c3030863003","5.518394","$5.52","0x79a02482a880bce3f13e09da970dc34db4cd24d1","USDC","USDC"
"0x467262ccd68e6e9c14d1c208716a8f2a3538d83c1530ec86f837076d4fc4dd92","17931763","1755199165","2025-08-15 02:19:25","0x7db320d7902a2fa8d4eb31fc00e1606a225d8d6d","0x2cfc85d8e48f8eab294be644d9e25c3030863003","5.262134","$5.92","0x2cfc85d8e48f8eab294be644d9e25c3030863003","Worldcoin","WLD"
"0x0086a8e1af06524a1bd3d554e672a752a9431373a9be15e13f85897ad21596ca","17936923","1755209485","2025-08-15 05:11:25","0x43222f934ea5c593a060a6d46772fdbdc2e2cff0","0x2cfc85d8e48f8eab294be644d9e25c3030863003","5.40509","N/A","0x24e2f756af6558818083e78b1205d156542bce80","ERC-20: SAMA","SAMA"
"0x4153cacd19c7db0949af63ded3ccf4672dd102249d6438ad461f14dc07f46c3e","17956668","1755248975","2025-08-15 16:09:35","0x549f56c393dc92b2f37b458b814c9e773070c3f8","0x2cfc85d8e48f8eab294be644d9e25c3030863003","1","$1.00","0x2cfc85d8e48f8eab294be644d9e25c3030863003","Worldcoin","WLD"
"0x7755844c2879c43ca9b63c0929777aafe475d3d99821a0919efed20f99ed4325","17971473","1755278585","2025-08-16 00:23:05","0xfbf4d1599d846fd2d757a742daa44b1dc4692f26","0x2cfc85d8e48f8eab294be644d9e25c3030863003","323.509292510375096041","N/A","0xed49fe44fd4249a09843c2ba4bba7e50beca7113","DNAToken","DNA"
"0xb4f64bbd2d0e5d609807741d3393e3e044612c5940fb89c55ff8902decd627bc","17976494","1755288627","2025-08-16 03:10:27","0x7aca7afda78884fe0a58fb8b3988b9f93f963950","0x2cfc85d8e48f8eab294be644d9e25c3030863003","1.0713","N/A","0xede54d9c024ee80c85ec0a75ed2d8774c7fbac9b","ERC-20: Drachma","WDD"
"0xcfade7181e283781664448754a41a6c2468e335df80302dbee478488194af3d0","17984535","1755304709","2025-08-16 07:38:29","0x43222f934ea5c593a060a6d46772fdbdc2e2cff0","0x2cfc85d8e48f8eab294be644d9e25c3030863003","5,472.31895","N/A","0x361990637f68f2e52b6e38194330bb3964b0e908","ERC-20: Common Egg","EGG"
"0x7fd606a655b44d92fb96492f6cc9ba95d140ee372283bf732328a9d9e8e8825a","17991870","1755319379","2025-08-16 11:42:59","0xf7f8a701e5858a1caa83fff6f70bd9d4d5340c1d","0x2cfc85d8e48f8eab294be644d9e25c3030863003","122,701","N/A","0x9e477f74df62de55c29eb02b612a08dfd44b4f49","ERC-20: UFO COIN","UFO"
"0x5a80d0ea974c359c7c41e76b80b6e1dc85db7247dd2c63e03535e1c8443967c8","17994969","1755325577","2025-08-16 13:26:17","0x07643d968fcac907cbbae8f0326682f0dae93695","0x2cfc85d8e48f8eab294be644d9e25c3030863003","0.000748717354437377","N/A","0xed49fe44fd4249a09843c2ba4bba7e50beca7113","DNAToken","DNA"
"0x2e8f827ae1660c77614d245f7b401733be9514c61cb8d7b72d76aabe25a82651","17994995","1755325629","2025-08-16 13:27:09","0x07643d968fcac907cbbae8f0326682f0dae93695","0x2cfc85d8e48f8eab294be644d9e25c3030863003","0.000001","$0.00","0x79a02482a880bce3f13e09da970dc34db4cd24d1","USDC","USDC"
"0x65a3b0194f9469cd629bf8e0c7029ad2cb707421e9cfb6e4600c67c575cfc815","17995418","1755326475","2025-08-16 13:41:15","0x7aca7afda78884fe0a58fb8b3988b9f93f963950","0x2cfc85d8e48f8eab294be644d9e25c3030863003","11.693","N/A","0xede54d9c024ee80c85ec0a75ed2d8774c7fbac9b","ERC-20: Drachma","WDD"
"0xc5ff50feaa9300c2e059e64fa6898599125aef60472e234e92a2ab2a90354af9","17999109","1755333857","2025-08-16 15:44:17","0x7aca7afda78884fe0a58fb8b3988b9f93f963950","0x2cfc85d8e48f8eab294be644d9e25c3030863003","1.5365","N/A","0xede54d9c024ee80c85ec0a75ed2d8774c7fbac9b","ERC-20: Drachma","WDD"
"0x2a9098f40883a2d8f79a0ce30436de22d4b295ca800c2a77a400184e214cce70","18004906","1755345451","2025-08-16 18:57:31","0x7aca7afda78884fe0a58fb8b3988b9f93f963950","0x2cfc85d8e48f8eab294be644d9e25c3030863003","1","N/A","0xede54d9c024ee80c85ec0a75ed2d8774c7fbac9b","ERC-20: Drachma","WDD"
"0x8ef8d255743fb771152fe57e12ba8cbc0a2223fa12ac30f39b87c68ace1ddafd","18007288","1755350215","2025-08-16 20:16:55","0x25a9b1309ee0f15b12db927783f1dc873541d235","0x2cfc85d8e48f8eab294be644d9e25c3030863003","3.22","$3.21","0x2cfc85d8e48f8eab294be644d9e25c3030863003","Worldcoin","WLD"
"0x0f0bdfa581b1c42fcb3fb8e7f8a07ad11e00e027bf72c1650b37721d467271a0","18014962","1755365563","2025-08-17 00:32:43","0x981f9d94c6d63c7e75a1ccb45911fb17c6a11ddb","0x2cfc85d8e48f8eab294be644d9e25c3030863003","3.23932","$3.23","0x2cfc85d8e48f8eab294be644d9e25c3030863003","Worldcoin","WLD"
"0xea68c2b8dee8d2e5313d422f6d785201f9cfd728033271569f5cba12241c465e","18015680","1755366999","2025-08-17 00:56:39","0x7aca7afda78884fe0a58fb8b3988b9f93f963950","0x2cfc85d8e48f8eab294be644d9e25c3030863003","1.0257","N/A","0xede54d9c024ee80c85ec0a75ed2d8774c7fbac9b","ERC-20: Drachma","WDD"
"0xa63925a62bf8703c7df1497823f5728718909fe94ed5f26b7c42fb5ff61e3e32","18025135","1755385909","2025-08-17 06:11:49","0x0000000000000000000000000000000000000000","0x2cfc85d8e48f8eab294be644d9e25c3030863003","20","N/A","0xffb41fbf0935e16e1cbf25a4c8e05e437c1c6f95","ERC-20: AnimeCoin","Anime"
"0x695418c269780906182587760fa93b69c4925561884b39c58e2f598ae73f1d23","18025163","1755385965","2025-08-17 06:12:45","0x0000000000000000000000000000000000000000","0x2cfc85d8e48f8eab294be644d9e25c3030863003","20","N/A","0xffb41fbf0935e16e1cbf25a4c8e05e437c1c6f95","ERC-20: AnimeCoin","Anime"
"0xdb27c3af64cc18f644c8efeaeebdbece6dc78ed5f11d9ff97623e89e59be61f1","18025402","1755386443","2025-08-17 06:20:43","0x0000000000000000000000000000000000000000","0x2cfc85d8e48f8eab294be644d9e25c3030863003","20","N/A","0xffb41fbf0935e16e1cbf25a4c8e05e437c1c6f95","ERC-20: AnimeCoin","Anime"
"0xb91e250835632760c8df8fbba7748f0731b831eb49221e47e452068930a6717a","18025899","1755387437","2025-08-17 06:37:17","0x0000000000000000000000000000000000000000","0x2cfc85d8e48f8eab294be644d9e25c3030863003","20","N/A","0xffb41fbf0935e16e1cbf25a4c8e05e437c1c6f95","ERC-20: AnimeCoin","Anime"
"0x5143e8dbb2f506eebf1fb22f555ae28d51abf4fa49dc220c7ea43ffb40614484","18026254","1755388147","2025-08-17 06:49:07","0x0000000000000000000000000000000000000000","0x2cfc85d8e48f8eab294be644d9e25c3030863003","20","N/A","0xffb41fbf0935e16e1cbf25a4c8e05e437c1c6f95","ERC-20: AnimeCoin","Anime"
"0xbf585b00306fde901d3152674381d266c2aa3f9408e43a81076676ce479d6961","18030167","1755395973","2025-08-17 08:59:33","0xcca68c66ab11e39ebfdb54f464222ce92035d788","0x2cfc85d8e48f8eab294be644d9e25c3030863003","0.000009","$1.06","0x03c7054bcb39f7b2e5b2c7acb37583e32d70cfa3","Wrapped BTC","WBTC"
"0x20ed845e99bde34733d5e4843b3b5ad600b93105dac74c4dd1d3aebc10da95d8","18036816","1755409271","2025-08-17 12:41:11","0xd9e45ce112772011df09b4d0250179b66e4d90eb","0x2cfc85d8e48f8eab294be644d9e25c3030863003","88,000","N/A","0xd033fb609d407a98275252fa084a3cb85761fc68","ERC-20: Marcianeke-Token-del-Corte","MTC"
"0xd87b40385beb92dbd845554fcef62d13d47d25569206344c9743d3ae441d9922","18037545","1755410729","2025-08-17 13:05:29","0xd9e45ce112772011df09b4d0250179b66e4d90eb","0x2cfc85d8e48f8eab294be644d9e25c3030863003","88,000","N/A","0xd033fb609d407a98275252fa084a3cb85761fc68","ERC-20: Marcianeke-Token-del-Corte","MTC"
"0xbaff7460ab21e9ccb21faa13881526d3d040ece51a16934c424df3c922d4c72d","18041672","1755418983","2025-08-17 15:23:03","0xc64e133843c1a927d7d835d1be5315e1ce3bc2b2","0x2cfc85d8e48f8eab294be644d9e25c3030863003","0.001","$0.00","0x2cfc85d8e48f8eab294be644d9e25c3030863003","Worldcoin","WLD"
"0x3322912b974c0aa61702124d86db478dc09ac8a96978ebe12fdf0fcc96b96ff9","18052618","1755440875","2025-08-17 21:27:55","0xd1d3e9ffa95ff20e9cef5178641e278f7e9c2ca3","0x2cfc85d8e48f8eab294be644d9e25c3030863003","98.460549279133541522","N/A","0xed49fe44fd4249a09843c2ba4bba7e50beca7113","DNAToken","DNA"
"0x1973e92e4b9a71ee0b4d0ab89f75ad996356d32451678a7523b0d08b86c95ce8","18053697","1755443033","2025-08-17 22:03:53","0x0000000000000000000000000000000000000000","0x2cfc85d8e48f8eab294be644d9e25c3030863003","500","N/A","0xf2206d62cc8f2b26c73f846b9c54e5a7926ed9f5","ERC-20: SashimiCoin","Sashimi"
"0xaecea2e1892923d31f218254d33d41d28c990689026d19d7d904f8a7721c257b","18053742","1755443123","2025-08-17 22:05:23","0x0000000000000000000000000000000000000000","0x2cfc85d8e48f8eab294be644d9e25c3030863003","500","N/A","0xf2206d62cc8f2b26c73f846b9c54e5a7926ed9f5","ERC-20: SashimiCoin","Sashimi"
"0x593f74274ed03158abdbff65fc51e785935431c9e9b5cc9df01c6a1d750c4458","18054261","1755444161","2025-08-17 22:22:41","0x0000000000000000000000000000000000000000","0x2cfc85d8e48f8eab294be644d9e25c3030863003","500","N/A","0xf2206d62cc8f2b26c73f846b9c54e5a7926ed9f5","ERC-20: SashimiCoin","Sashimi"
"0xd71acb64fd14fed74f46867c4df9208c86e997ae60a1e55ce8d0fec9ab52e7fd","18054759","1755445157","2025-08-17 22:39:17","0x45f6cf375cf9ac3ffef148338cfa4af1c7c66c6e","0x2cfc85d8e48f8eab294be644d9e25c3030863003","0.258811831116998218","$0.26","0x2cfc85d8e48f8eab294be644d9e25c3030863003","Worldcoin","WLD"
"0x8da006705f8b8dc024cb122c5505ca2faf143066462371b77b3d83f92fce5dd3","18054917","1755445473","2025-08-17 22:44:33","0x0000000000000000000000000000000000000000","0x2cfc85d8e48f8eab294be644d9e25c3030863003","500","N/A","0xf2206d62cc8f2b26c73f846b9c54e5a7926ed9f5","ERC-20: SashimiCoin","Sashimi"
"0x7609a446ecbbf34ea6c7c7a66344b20be4f488959db1d074f2a99b3128bb99bc","18055306","1755446251","2025-08-17 22:57:31","0x0000000000000000000000000000000000000000","0x2cfc85d8e48f8eab294be644d9e25c3030863003","500","N/A","0xf2206d62cc8f2b26c73f846b9c54e5a7926ed9f5","ERC-20: SashimiCoin","Sashimi"
"0x1180c3fbb36ec2b711deaf798eaa9a230bceae825bd0fd5549c068b05df63e58","18057098","1755449835","2025-08-17 23:57:15","0x0000000000000000000000000000000000000000","0x2cfc85d8e48f8eab294be644d9e25c3030863003","20","N/A","0xffb41fbf0935e16e1cbf25a4c8e05e437c1c6f95","ERC-20: AnimeCoin","Anime"
"0x2f478d124ece18f54f2a663033de598f105f2f702ca78bdba660aa703848934a","18062481","1755460601","2025-08-18 02:56:41","0xaeb877eed98646263cbc726237ba4e5e49c3db9b","0x2cfc85d8e48f8eab294be644d9e25c3030863003","0.232344","$0.23","0x79a02482a880bce3f13e09da970dc34db4cd24d1","USDC","USDC"
"0xc1b8b07276773621135f4d34f2749211c0e176ed5afda629673447090193792c","18065555","1755466749","2025-08-18 04:39:09","0xaeb877eed98646263cbc726237ba4e5e49c3db9b","0x2cfc85d8e48f8eab294be644d9e25c3030863003","0.1624","$0.16","0x2cfc85d8e48f8eab294be644d9e25c3030863003","Worldcoin","WLD"
"0x4a0450ce6ef48164d56a539b749aa0a6b51d59151181c142950dde0bcf0c71e7","18069260","1755474159","2025-08-18 06:42:39","0xbbd9897df82ae25b4fe98677df9fc40e90df9022","0x2cfc85d8e48f8eab294be644d9e25c3030863003","3.22","$3.25","0x2cfc85d8e48f8eab294be644d9e25c3030863003","Worldcoin","WLD"
"0xea66bdceb9425b4f940e09f6300faa7b55ed6780669610d93a84078d7c813e01","18077321","1755490281","2025-08-18 11:11:21","0xc094f51e9ae58cfc4d38968b21e6870acf546b63","0x2cfc85d8e48f8eab294be644d9e25c3030863003","100","N/A","0xbaf02dcec3c991e116ff9cd644e28d6449448ad7","ERC-20: Tamagotchi Token","TAMG"
"0x1822fd235675933a70f997966ff45283f5b591c61089f8665f6e685d006b3b24","18081725","1755499089","2025-08-18 13:38:09","0xaeb877eed98646263cbc726237ba4e5e49c3db9b","0x2cfc85d8e48f8eab294be644d9e25c3030863003","2.5","$2.53","0x2cfc85d8e48f8eab294be644d9e25c3030863003","Worldcoin","WLD"
"0xddd5909bc612bf31d58f5a6dcc4af8e339affe3d975fb100c815977cf086b883","18081774","1755499187","2025-08-18 13:39:47","0xaeb877eed98646263cbc726237ba4e5e49c3db9b","0x2cfc85d8e48f8eab294be644d9e25c3030863003","1.25","$1.27","0x2cfc85d8e48f8eab294be644d9e25c3030863003","Worldcoin","WLD"
"0x46aa90992f553c997be6576907eda6b5f6bf214c673d989248c16691a9de24f6","18081813","1755499265","2025-08-18 13:41:05","0xaeb877eed98646263cbc726237ba4e5e49c3db9b","0x2cfc85d8e48f8eab294be644d9e25c3030863003","0.5","$0.51","0x2cfc85d8e48f8eab294be644d9e25c3030863003","Worldcoin","WLD"
"0x3604302b79d1b91139a402eeb3be653676b81c1df423eaeeeec2efc5f9d8cf94","18081825","1755499289","2025-08-18 13:41:29","0xaeb877eed98646263cbc726237ba4e5e49c3db9b","0x2cfc85d8e48f8eab294be644d9e25c3030863003","0.5","$0.51","0x2cfc85d8e48f8eab294be644d9e25c3030863003","Worldcoin","WLD"
"0x179205c48e111c7ec331a0ec75a3c091f4e1781c7dba6b9c1f146da1fc9767e7","18081856","1755499351","2025-08-18 13:42:31","0xaeb877eed98646263cbc726237ba4e5e49c3db9b","0x2cfc85d8e48f8eab294be644d9e25c3030863003","0.25","$0.25","0x2cfc85d8e48f8eab294be644d9e25c3030863003","Worldcoin","WLD"
"0x33dc2ed26d84c75bc09388dcd501871f350f06fa9696c11fe313236eaf3f298f","18086556","1755508751","2025-08-18 16:19:11","0x0000000000000000000000000000000000000000","0x2cfc85d8e48f8eab294be644d9e25c3030863003","50","N/A","0x51c707920d1ee9b308b5754675a0bf856cd25eea","ERC-20: Coffee2Coin","Coffee2"
"0xa4fa26cfe9306ca97dc5c404e554c96482079b6d6e0b729b94b96a3482826487","18088028","1755511695","2025-08-18 17:08:15","0x0000000000000000000000000000000000000000","0x2cfc85d8e48f8eab294be644d9e25c3030863003","10","N/A","0x51c707920d1ee9b308b5754675a0bf856cd25eea","ERC-20: Coffee2Coin","Coffee2"
"0xb1f2b23ffbac8ecd76e35281265d0c86d76e4a62e74e0cdd7c81121c8e1bb096","18088067","1755511773","2025-08-18 17:09:33","0x0000000000000000000000000000000000000000","0x2cfc85d8e48f8eab294be644d9e25c3030863003","10","N/A","0x51c707920d1ee9b308b5754675a0bf856cd25eea","ERC-20: Coffee2Coin","Coffee2"
"0x8288c3de54dd4a1041e23ecedb2d7b784fa80d6db722a4f4a7349fb6ed13648b","18088109","1755511857","2025-08-18 17:10:57","0x0000000000000000000000000000000000000000","0x2cfc85d8e48f8eab294be644d9e25c3030863003","10","N/A","0x51c707920d1ee9b308b5754675a0bf856cd25eea","ERC-20: Coffee2Coin","Coffee2"
"0xb72ede07d71ab34927ca2cc6e81212c19eb97ae9cc367bfc92b8f9fc3557493b","18088696","1755513031","2025-08-18 17:30:31","0x0000000000000000000000000000000000000000","0x2cfc85d8e48f8eab294be644d9e25c3030863003","10","N/A","0x51c707920d1ee9b308b5754675a0bf856cd25eea","ERC-20: Coffee2Coin","Coffee2"
"0xa55d7355bc7c0ff06b3fab5ec63e7cb38897d9867d03e381604c17169b43cee3","18089267","1755514173","2025-08-18 17:49:33","0x0000000000000000000000000000000000000000","0x2cfc85d8e48f8eab294be644d9e25c3030863003","10","N/A","0x51c707920d1ee9b308b5754675a0bf856cd25eea","ERC-20: Coffee2Coin","Coffee2"
"0xb36cc29d3eac804dbfe0aefb28def38829bcd89a6e0f1ecbfa868d1878649d99","18089525","1755514689","2025-08-18 17:58:09","0x0000000000000000000000000000000000000000","0x2cfc85d8e48f8eab294be644d9e25c3030863003","10","N/A","0x51c707920d1ee9b308b5754675a0bf856cd25eea","ERC-20: Coffee2Coin","Coffee2"
"0xfcaef326be137d52affee8e8edea2ce1b5ff6bb61366ab94351282bec8e23e71","18091413","1755518465","2025-08-18 19:01:05","0xf1cab1adae5dfcae2d5c06a81d9658f4fc771ab6","0x2cfc85d8e48f8eab294be644d9e25c3030863003","10","N/A","0x51c707920d1ee9b308b5754675a0bf856cd25eea","ERC-20: Coffee2Coin","Coffee2"
"0x6bff715f5db40fba24870248407a95bce7a88e686f4d69daa4032ad00322eb15","18094901","1755525441","2025-08-18 20:57:21","0x0000000000000000000000000000000000000000","0x2cfc85d8e48f8eab294be644d9e25c3030863003","50","N/A","0x964228560995a8fd7243366a610259c0b29581cf","ERC-20: Ramen2Coin","Ramen2"
"0x5f42a4a326b4b9488c2043a6bb2f3dba15b5d3a4a5ce054c47334c9f3df7e550","18096078","1755527795","2025-08-18 21:36:35","0x0000000000000000000000000000000000000000","0x2cfc85d8e48f8eab294be644d9e25c3030863003","10","N/A","0x964228560995a8fd7243366a610259c0b29581cf","ERC-20: Ramen2Coin","Ramen2"
"0xaa4cd21d886ca3ea9be4b4d4ea3fba5348d0b9dc16a2b5e56d8b0abb9ff75ad2","18096204","1755528047","2025-08-18 21:40:47","0x0000000000000000000000000000000000000000","0x2cfc85d8e48f8eab294be644d9e25c3030863003","10","N/A","0x964228560995a8fd7243366a610259c0b29581cf","ERC-20: Ramen2Coin","Ramen2"
"0xb0c6ec63b80b1ef421bc4c8f148532ae290efa0944c05c7fe41c18e37cc8b250","18096341","1755528321","2025-08-18 21:45:21","0x0000000000000000000000000000000000000000","0x2cfc85d8e48f8eab294be644d9e25c3030863003","10","N/A","0x964228560995a8fd7243366a610259c0b29581cf","ERC-20: Ramen2Coin","Ramen2"
"0xbb807b4c97918f40466b1b68f6f3bb8d4b79c4f3ec55a90509275acc43c164a9","18097157","1755529953","2025-08-18 22:12:33","0x0000000000000000000000000000000000000000","0x2cfc85d8e48f8eab294be644d9e25c3030863003","10","N/A","0x964228560995a8fd7243366a610259c0b29581cf","ERC-20: Ramen2Coin","Ramen2"
"0x8b3a94f444ddccf93b6e2d2bffdace00e00dfb3d873a670a761148220cd6e4f7","18097742","1755531123","2025-08-18 22:32:03","0x0000000000000000000000000000000000000000","0x2cfc85d8e48f8eab294be644d9e25c3030863003","10","N/A","0x964228560995a8fd7243366a610259c0b29581cf","ERC-20: Ramen2Coin","Ramen2"
"0xc8021893ceeaf64753afb46c9bed3e389eac0a74994803b9f823fd196a69f4e6","18097920","1755531479","2025-08-18 22:37:59","0x0000000000000000000000000000000000000000","0x2cfc85d8e48f8eab294be644d9e25c3030863003","10","N/A","0x964228560995a8fd7243366a610259c0b29581cf","ERC-20: Ramen2Coin","Ramen2"
"0x1bfb47ac22a806722ba81f7005f598dc6f0d71cb5fb98632c3e9f29bc64e0bf7","18099289","1755534217","2025-08-18 23:23:37","0x0000000000000000000000000000000000000000","0x2cfc85d8e48f8eab294be644d9e25c3030863003","20","N/A","0xffb41fbf0935e16e1cbf25a4c8e05e437c1c6f95","ERC-20: AnimeCoin","Anime"
"0xdb80f97b896339e0ff79e7edfa741251b97830f39539e0c1bd1066849bdd71ce","18099449","1755534537","2025-08-18 23:28:57","0x0000000000000000000000000000000000000000","0x2cfc85d8e48f8eab294be644d9e25c3030863003","20","N/A","0xffb41fbf0935e16e1cbf25a4c8e05e437c1c6f95","ERC-20: AnimeCoin","Anime"
"0x1cb1272052cd70b9e559a45491710e676dd4b4ec90533cb16b52ab8fa23b6104","18100694","1755537027","2025-08-19 00:10:27","0x43222f934ea5c593a060a6d46772fdbdc2e2cff0","0x2cfc85d8e48f8eab294be644d9e25c3030863003","0.00067","N/A","0xa25d59bf1e9ac8395b77e7807fb27ea0a48d7c55","ERC-20: TSN","TSN"
"0x8f142c8939e96232d0694761b3f20d42cc8e11d4c389c225842913be5f364edc","18133738","1755603115","2025-08-19 18:31:55","0xb74d7846f4ea976751712170552995da8b8da69e","0x2cfc85d8e48f8eab294be644d9e25c3030863003","0.01","$0.01","0x2cfc85d8e48f8eab294be644d9e25c3030863003","Worldcoin","WLD"
"0xa7a3d66c2af133d7342cd014fa8aef18c10a37afc159af74e838b08dc0b482cc","18138533","1755612705","2025-08-19 21:11:45","0x1ea8e5e4d9e3c153f0bccbcfc58945d196bef06d","0x2cfc85d8e48f8eab294be644d9e25c3030863003","790","N/A","0x32f0f0a0aa830e545ad806b72d13a8437a479319","ERC-20: Zombie","ZMB"
"0x296f6da9a68654f35ad1d611f80488c8db2aeb128dc38479a791baaf03cefaf6","18139302","1755614243","2025-08-19 21:37:23","0xf9bfb9ec43e3c5aebb5731c7c7a4920a3ff028a2","0x2cfc85d8e48f8eab294be644d9e25c3030863003","145.985849234981144528","N/A","0x21392c1dc41b2de4d1dd9c381ca88a7e14c67d9c","ERC-20: TESLA Fan Token","TESLA"
"0xdbf8066763b422997d3b6632ac7089254fa9c5d484e995037854a485be3aa6c0","18142257","1755620153","2025-08-19 23:15:53","0xe5919efaf0d409362b10deaa09ca0d6025b2d0b6","0x2cfc85d8e48f8eab294be644d9e25c3030863003","1.25","$1.20","0x2cfc85d8e48f8eab294be644d9e25c3030863003","Worldcoin","WLD"
"0x0fb7259a9a008762ce58763ccd11cc85fb61e123ac58adb05f189737cfb72bfd","18143609","1755622857","2025-08-20 00:00:57","0x7aca7afda78884fe0a58fb8b3988b9f93f963950","0x2cfc85d8e48f8eab294be644d9e25c3030863003","4.4682","N/A","0xede54d9c024ee80c85ec0a75ed2d8774c7fbac9b","ERC-20: Drachma","WDD"
"0x5336ae3a2c1ca406c2353e1afaaecd5a3386131c6e064152a246381d8b7c358d","18150584","1755636807","2025-08-20 03:53:27","0x9f86ea2e5b8ce8ccbf86e0106cba17862e598193","0x2cfc85d8e48f8eab294be644d9e25c3030863003","3.233162","$3.10","0x2cfc85d8e48f8eab294be644d9e25c3030863003","Worldcoin","WLD"
"0x6e9c2362f28018c54b1aca2ed137cedaaaf9d91f84396e1d3364b373eb323568","18164452","1755664543","2025-08-20 11:35:43","0x41d4bef62acee1da01490abde157a9ff3d96b449","0x2cfc85d8e48f8eab294be644d9e25c3030863003","12.5","$11.36","0x2cfc85d8e48f8eab294be644d9e25c3030863003","Worldcoin","WLD"
"0xa4f688179197d8c0274803198d332facdf000ca550cc4de6edd12c45274f9622","18166183","1755668005","2025-08-20 12:33:25","0x41d4bef62acee1da01490abde157a9ff3d96b449","0x2cfc85d8e48f8eab294be644d9e25c3030863003","12.5","$11.36","0x2cfc85d8e48f8eab294be644d9e25c3030863003","Worldcoin","WLD"
"0x6b9987c94674e6e43128a4b02d2512c8ac87ed404f7c93b2c22851b4510a71b2","18167523","1755670685","2025-08-20 13:18:05","0x0000000000000000000000000000000000000000","0x2cfc85d8e48f8eab294be644d9e25c3030863003","10","N/A","0x8882e0d4ddea2da7a8ee1fe5bf45cacf95d32318","ERC-20: UnoRewardCoin","UNO"
"0x61bd76765b73159aa45917503864bbc36e306e1222bf4485fa14cbd3b2d2aea3","18167558","1755670755","2025-08-20 13:19:15","0x0000000000000000000000000000000000000000","0x2cfc85d8e48f8eab294be644d9e25c3030863003","10","N/A","0x8882e0d4ddea2da7a8ee1fe5bf45cacf95d32318","ERC-20: UnoRewardCoin","UNO"
"0xf8bbd8d598a4527230c6e128a74ad2ad336a70480f37c479b929ceedd17b35ef","18167594","1755670827","2025-08-20 13:20:27","0x0000000000000000000000000000000000000000","0x2cfc85d8e48f8eab294be644d9e25c3030863003","10","N/A","0x8882e0d4ddea2da7a8ee1fe5bf45cacf95d32318","ERC-20: UnoRewardCoin","UNO"
"0x0ccb2359f661a8b46fdf259a7ae5f3d372db6d30f1e2f6b45d02eef380006675","18168640","1755672919","2025-08-20 13:55:19","0x0000000000000000000000000000000000000000","0x2cfc85d8e48f8eab294be644d9e25c3030863003","10","N/A","0x8882e0d4ddea2da7a8ee1fe5bf45cacf95d32318","ERC-20: UnoRewardCoin","UNO"
"0x646886abbdad5f76ce254cc0bb4974e970b8bb586757b28a53c2b7ded361f541","18168712","1755673063","2025-08-20 13:57:43","0x0000000000000000000000000000000000000000","0x2cfc85d8e48f8eab294be644d9e25c3030863003","10","N/A","0x8882e0d4ddea2da7a8ee1fe5bf45cacf95d32318","ERC-20: UnoRewardCoin","UNO"
"0xb41f46d9da6331818557fe0aad56c6f4821133d966e1474eae17e4053241d59a","18169403","1755674445","2025-08-20 14:20:45","0x0000000000000000000000000000000000000000","0x2cfc85d8e48f8eab294be644d9e25c3030863003","10","N/A","0x8882e0d4ddea2da7a8ee1fe5bf45cacf95d32318","ERC-20: UnoRewardCoin","UNO"
"0x6d777adc7a50b20aadf7a17c00051f9c4095ede3c954538b524db589ff938383","18169902","1755675443","2025-08-20 14:37:23","0x0000000000000000000000000000000000000000","0x2cfc85d8e48f8eab294be644d9e25c3030863003","10","N/A","0x8882e0d4ddea2da7a8ee1fe5bf45cacf95d32318","ERC-20: UnoRewardCoin","UNO"
"0xa17a7ec293f5d11183e969f80b2568c631501dea1e73a4933567c1790dd16939","18170440","1755676519","2025-08-20 14:55:19","0x0000000000000000000000000000000000000000","0x2cfc85d8e48f8eab294be644d9e25c3030863003","10","N/A","0x8882e0d4ddea2da7a8ee1fe5bf45cacf95d32318","ERC-20: UnoRewardCoin","UNO"
"0x944d7aecb00156a2e9ff6d717cc59e9218f793a61489d557f02c3a57d1651fad","18173938","1755683515","2025-08-20 16:51:55","0xac3bc8a3b5d68f885de960fefbf21648568ecb1a","0x2cfc85d8e48f8eab294be644d9e25c3030863003","8.252229","$7.50","0x2cfc85d8e48f8eab294be644d9e25c3030863003","Worldcoin","WLD"
"0x80178121bd3605106f7557c9eb6dc635ee686c92462c3801c64ec6e763de79d2","18174376","1755684391","2025-08-20 17:06:31","0xe7fc818bfce10af2415904f01ed27d41d06885d5","0x2cfc85d8e48f8eab294be644d9e25c3030863003","0","$0.00","0x4200000000000000000000000000000000000006","Wrapped Ether","WETH"
"0x160447cb9d049be91d1a250101bb362c0d4e7677868533ac024aeb0f1b3674d3","18176730","1755689099","2025-08-20 18:24:59","0x7aca7afda78884fe0a58fb8b3988b9f93f963950","0x2cfc85d8e48f8eab294be644d9e25c3030863003","3.2032","N/A","0xede54d9c024ee80c85ec0a75ed2d8774c7fbac9b","ERC-20: Drachma","WDD"
"0x9698ca84b64b40c54eeac332f7e900d65eb07df49b75b0f73bb8a2052ec429dd","18182129","1755699897","2025-08-20 21:24:57","0x43222f934ea5c593a060a6d46772fdbdc2e2cff0","0x2cfc85d8e48f8eab294be644d9e25c3030863003","3.2228","$2.93","0x2cfc85d8e48f8eab294be644d9e25c3030863003","Worldcoin","WLD"
"0x6978fddef74d8f6a0dcf007bbab056b303d3e6d6089645bd923708d1e25d54a9","18184914","1755705467","2025-08-20 22:57:47","0x1ea8e5e4d9e3c153f0bccbcfc58945d196bef06d","0x2cfc85d8e48f8eab294be644d9e25c3030863003","9.6059601","N/A","0x8882e0d4ddea2da7a8ee1fe5bf45cacf95d32318","ERC-20: UnoRewardCoin","UNO"
"0xf51e0d361dbb63cc616b791af46987bab336202700f872715e4795d0c6599636","18197994","1755731627","2025-08-21 06:13:47","0x0000000000000000000000000000000000000000","0x2cfc85d8e48f8eab294be644d9e25c3030863003","1","N/A","0x93707efc7cf466a272bdb66178a6e64f61ea7db6","ERC-20: SatoshiClubCoin","SATOSHI"
"0x8c220f2c854a3d8d1fdf46feb85f4209a4c5cb31d16672ebc695dfc46a0c9331","18198003","1755731645","2025-08-21 06:14:05","0x0000000000000000000000000000000000000000","0x2cfc85d8e48f8eab294be644d9e25c3030863003","1","N/A","0x93707efc7cf466a272bdb66178a6e64f61ea7db6","ERC-20: SatoshiClubCoin","SATOSHI"
"0x40c9ccad77692738f3491294db98683ca12203756cbc38b10eb8e98c2edd92a4","18198018","1755731675","2025-08-21 06:14:35","0x0000000000000000000000000000000000000000","0x2cfc85d8e48f8eab294be644d9e25c3030863003","1","N/A","0x93707efc7cf466a272bdb66178a6e64f61ea7db6","ERC-20: SatoshiClubCoin","SATOSHI"
"0x36bc247f0f80eecbf420eaf97ce1eff2d287de2f3c835c254bb1faa77f13cd6e","18198083","1755731805","2025-08-21 06:16:45","0x0000000000000000000000000000000000000000","0x2cfc85d8e48f8eab294be644d9e25c3030863003","1","N/A","0x93707efc7cf466a272bdb66178a6e64f61ea7db6","ERC-20: SatoshiClubCoin","SATOSHI"
"0xd0ea1ee0b3515b030ae83ed4d9b43b5a2c5892ef32fe2bcf40febe896b4d4518","18198210","1755732059","2025-08-21 06:20:59","0x0000000000000000000000000000000000000000","0x2cfc85d8e48f8eab294be644d9e25c3030863003","1","N/A","0x93707efc7cf466a272bdb66178a6e64f61ea7db6","ERC-20: SatoshiClubCoin","SATOSHI"
"0xce1838eb11cb08d7a53873ee1bf03a83993a042a507eda16c71a0899843f90e5","18198228","1755732095","2025-08-21 06:21:35","0x0000000000000000000000000000000000000000","0x2cfc85d8e48f8eab294be644d9e25c3030863003","1","N/A","0x93707efc7cf466a272bdb66178a6e64f61ea7db6","ERC-20: SatoshiClubCoin","SATOSHI"
"0x4ec5905fc64a6acabcfad9fcc3200ffea4c8090dd9deed4431ea497bc3af2fb4","18198503","1755732645","2025-08-21 06:30:45","0x0000000000000000000000000000000000000000","0x2cfc85d8e48f8eab294be644d9e25c3030863003","1","N/A","0x93707efc7cf466a272bdb66178a6e64f61ea7db6","ERC-20: SatoshiClubCoin","SATOSHI"
"0x4a7d09e041033692469a72e76361cfb32095166ead06d8d9639707a927d5c22e","18198594","1755732827","2025-08-21 06:33:47","0x0000000000000000000000000000000000000000","0x2cfc85d8e48f8eab294be644d9e25c3030863003","1","N/A","0x93707efc7cf466a272bdb66178a6e64f61ea7db6","ERC-20: SatoshiClubCoin","SATOSHI"
"0x4a70114fa03bd0e10ee5cfed1f65e87ca353b73351be54a6267bb00529d71e0e","18199957","1755735553","2025-08-21 07:19:13","0x500fe70d6c541f20ae80541faa66734929476b48","0x2cfc85d8e48f8eab294be644d9e25c3030863003","0.9801","N/A","0x93707efc7cf466a272bdb66178a6e64f61ea7db6","ERC-20: SatoshiClubCoin","SATOSHI"
"0x9e3aebad8fbdbf121f07d96a11e1237efa4f5079f38e5e8819a1c06751ff66e3","18202351","1755740341","2025-08-21 08:39:01","0xc76f267fd2435438382f8270c36620097b371d14","0x2cfc85d8e48f8eab294be644d9e25c3030863003","8.91","N/A","0x93707efc7cf466a272bdb66178a6e64f61ea7db6","ERC-20: SatoshiClubCoin","SATOSHI"
"0xc72eeb355a38a839290ff447a9ae94f3b5ed2bf6b14c1292cf8c938f1a7c95ca","18206566","1755748771","2025-08-21 10:59:31","0x7ab562ddf26de96b944821884c8bbf9e5cf47b41","0x2cfc85d8e48f8eab294be644d9e25c3030863003","1","$0.96","0x2cfc85d8e48f8eab294be644d9e25c3030863003","Worldcoin","WLD"
"0x94eeb0ccd3a1f0f445f2748045b15953e73b3167682554e52086738c2f98229a","18215781","1755767201","2025-08-21 16:06:41","0x8eb1537ea52fa90a5fc8db09237419f0476876ff","0x2cfc85d8e48f8eab294be644d9e25c3030863003","0.000014392817303336","$0.00","0x2cfc85d8e48f8eab294be644d9e25c3030863003","Worldcoin","WLD"
"0x27193d198a2faa79ba2f08cfd8fcfdef97beec2edb68d6272932073d39fea19d","18215802","1755767243","2025-08-21 16:07:23","0x8eb1537ea52fa90a5fc8db09237419f0476876ff","0x2cfc85d8e48f8eab294be644d9e25c3030863003","1","N/A","0x249820c0479d0a7fee6a2a3a14583267550f3caf","ERC-20: AXOLOCOIN","$AXO"
"0xdea5870ad376e2234c899696d74155f6c163209fd935e3a1ac79ceaf7e77e49b","18215841","1755767321","2025-08-21 16:08:41","0x8eb1537ea52fa90a5fc8db09237419f0476876ff","0x2cfc85d8e48f8eab294be644d9e25c3030863003","0.000014392817303336","$0.00","0x2cfc85d8e48f8eab294be644d9e25c3030863003","Worldcoin","WLD"
"0xe774bce5c38a9979630722412a9a4fee46e7a2ddd6b846a7e261b7b22530919a","18215861","1755767361","2025-08-21 16:09:21","0x8eb1537ea52fa90a5fc8db09237419f0476876ff","0x2cfc85d8e48f8eab294be644d9e25c3030863003","30.51767702122559734","N/A","0xed49fe44fd4249a09843c2ba4bba7e50beca7113","DNAToken","DNA"
"0x7168bb6869b7f374d3ced74c96d23f57c86a78aeb10c14735104339bedf07dd9","18215886","1755767411","2025-08-21 16:10:11","0x8eb1537ea52fa90a5fc8db09237419f0476876ff","0x2cfc85d8e48f8eab294be644d9e25c3030863003","0.000000000478120779","N/A","0xede54d9c024ee80c85ec0a75ed2d8774c7fbac9b","ERC-20: Drachma","WDD"
"0x550f5856b473e843c1eade0ecfe28187e25932e5ce1b3133b74be273aa5c2e8f","18217058","1755769755","2025-08-21 16:49:15","0x21b7e5497e3a9dc10653963011e89a1563fd5d75","0x2cfc85d8e48f8eab294be644d9e25c3030863003","3.222592","$3.10","0x2cfc85d8e48f8eab294be644d9e25c3030863003","Worldcoin","WLD"
"0x0f411829309013933a93f1aff3b4a29d688f6b92f544c28f48faa15e87b3dd21","18229613","1755794865","2025-08-21 23:47:45","0x90928e6e237909e39a93a01c0c0f899d5cc80bc1","0x2cfc85d8e48f8eab294be644d9e25c3030863003","0","N/A","0x717ef2955c812a1dec5bc4d3f90721445bfd6839","ERC-20: Dal","DAL"
"0xcc2868dcecf82453495a7918ce72625d54a8d3abfd37f7a334d5ef424fbf921e","18233920","1755803479","2025-08-22 02:11:19","0xd32225b89bc21fe835b9df36ccc4304c21019466","0x2cfc85d8e48f8eab294be644d9e25c3030863003","0.172631","$0.17","0x79a02482a880bce3f13e09da970dc34db4cd24d1","USDC","USDC"
"0x993dbbbb85cc135d7218dfd72952fa8acd17db02b90a32ab72a44a1a9f36e701","18235243","1755806125","2025-08-22 02:55:25","0xc89d6510cecb0006780c7943cfa9e52314ef91b1","0x2cfc85d8e48f8eab294be644d9e25c3030863003","3.221861","$3.10","0x2cfc85d8e48f8eab294be644d9e25c3030863003","Worldcoin","WLD"
"0x4c520e6856b7302caa27f83243d61b135fb0cdc62f25c16999277b6a2e69e64c","18239025","1755813689","2025-08-22 05:01:29","0xf260ec2277f2da662cb2777bda5b4747f6b3d0d0","0x2cfc85d8e48f8eab294be644d9e25c3030863003","6.440853","$6.21","0x2cfc85d8e48f8eab294be644d9e25c3030863003","Worldcoin","WLD"
"0xdaa9aba52d3089709d8668b4a0bd1859f65864dd56e91f65f21e2ff2ffb557a4","18241544","1755818727","2025-08-22 06:25:27","0x0000000000000000000000000000000000000000","0x2cfc85d8e48f8eab294be644d9e25c3030863003","2","N/A","0x93707efc7cf466a272bdb66178a6e64f61ea7db6","ERC-20: SatoshiClubCoin","SATOSHI"
"0xccf08df457787613e2cbbeb39f5112ce2cfeb779559cd0747b5c21beb5eb590b","18244543","1755824725","2025-08-22 08:05:25","0xaeb877eed98646263cbc726237ba4e5e49c3db9b","0x2cfc85d8e48f8eab294be644d9e25c3030863003","0.93994","$0.88","0x2cfc85d8e48f8eab294be644d9e25c3030863003","Worldcoin","WLD"
"0x7df98f6be9d684803f39de658af6b04eef7a74045413c93d308a698923820b81","18254910","1755845459","2025-08-22 13:50:59","0x0000000000000000000000000000000000000000","0x2cfc85d8e48f8eab294be644d9e25c3030863003","15","N/A","0x2d47962d8cefdb82c1d94023e41c4fc8ec607a3c","ERC-20: PancakeCoin","CAKE"
"0x03b01fb6de6d3c5c5777a3d80299d6f739112c1369cac30df5aac42ccd71ffb8","18255552","1755846743","2025-08-22 14:12:23","0x0000000000000000000000000000000000000000","0x2cfc85d8e48f8eab294be644d9e25c3030863003","15","N/A","0x2d47962d8cefdb82c1d94023e41c4fc8ec607a3c","ERC-20: PancakeCoin","CAKE"
"0xd6543574973f59c00da40c5693600fd26030be361f7a97b9e38bfbfdc5e13ffe","18255586","1755846811","2025-08-22 14:13:31","0x0000000000000000000000000000000000000000","0x2cfc85d8e48f8eab294be644d9e25c3030863003","15","N/A","0x2d47962d8cefdb82c1d94023e41c4fc8ec607a3c","ERC-20: PancakeCoin","CAKE"
"0xf77ce7992789eb41f8c8c0658ab0eec7dc5dbb2e61e8ac253aa4294a65db3cc7","18255616","1755846871","2025-08-22 14:14:31","0x0000000000000000000000000000000000000000","0x2cfc85d8e48f8eab294be644d9e25c3030863003","15","N/A","0x2d47962d8cefdb82c1d94023e41c4fc8ec607a3c","ERC-20: PancakeCoin","CAKE"
"0x613abc097621afb6280dd2c94e49440f0c0ffba3daa96379b3cf66df18d6c773","18256339","1755848317","2025-08-22 14:38:37","0x0000000000000000000000000000000000000000","0x2cfc85d8e48f8eab294be644d9e25c3030863003","15","N/A","0x2d47962d8cefdb82c1d94023e41c4fc8ec607a3c","ERC-20: PancakeCoin","CAKE"
"0x97df2ff52706738f8a92ff4ebe436fd078804302a4bc77de4831e17161cbf0a5","18256404","1755848447","2025-08-22 14:40:47","0x0000000000000000000000000000000000000000","0x2cfc85d8e48f8eab294be644d9e25c3030863003","15","N/A","0x2d47962d8cefdb82c1d94023e41c4fc8ec607a3c","ERC-20: PancakeCoin","CAKE"
"0x79291f54fda8f8a22145ae9add0a70edf2d5ab665d10fa9c93dc0598cf7bdbca","18256411","1755848461","2025-08-22 14:41:01","0x0000000000000000000000000000000000000000","0x2cfc85d8e48f8eab294be644d9e25c3030863003","15","N/A","0x2d47962d8cefdb82c1d94023e41c4fc8ec607a3c","ERC-20: PancakeCoin","CAKE"
"0x24f779ffd0ffd999fe58941955661bb70cf8cfa4e9c863530e63ab42caa36c62","18256697","1755849033","2025-08-22 14:50:33","0x0000000000000000000000000000000000000000","0x2cfc85d8e48f8eab294be644d9e25c3030863003","15","N/A","0x2d47962d8cefdb82c1d94023e41c4fc8ec607a3c","ERC-20: PancakeCoin","CAKE"
"0x4389fbc86d317f4f71751bd07b3bcbe09d465b7f57a628c4b6189093242efe52","18256747","1755849133","2025-08-22 14:52:13","0x0000000000000000000000000000000000000000","0x2cfc85d8e48f8eab294be644d9e25c3030863003","15","N/A","0x2d47962d8cefdb82c1d94023e41c4fc8ec607a3c","ERC-20: PancakeCoin","CAKE"
"0xf2ff649b491b7c94f9c91a0fc55d43c44ca1ab7ead1ae075294289db12000518","18264829","1755865297","2025-08-22 19:21:37","0x7aca7afda78884fe0a58fb8b3988b9f93f963950","0x2cfc85d8e48f8eab294be644d9e25c3030863003","5","N/A","0xede54d9c024ee80c85ec0a75ed2d8774c7fbac9b","ERC-20: Drachma","WDD"
"0xdc8b5f4556ab6c2243188accfcb0ebe7bcf729fccdad4a0867d4fe299c38b484","18283726","1755903091","2025-08-23 05:51:31","0x0000000000000000000000000000000000000000","0x2cfc85d8e48f8eab294be644d9e25c3030863003","10","N/A","0xce10920aabc17ab91e33119108bb1bcfa0940011","ERC-20: BurgerCoin","Burger"
"0x659e9e1c07c88b1e38d2625b28d80efa6b58e58d81a2096d46e75b72e1abda6d","18284123","1755903885","2025-08-23 06:04:45","0x0000000000000000000000000000000000000000","0x2cfc85d8e48f8eab294be644d9e25c3030863003","10","N/A","0xce10920aabc17ab91e33119108bb1bcfa0940011","ERC-20: BurgerCoin","Burger"
"0x2b4bf8999e2902994185ec54a3318048ea2b415566a4e0394dcd072930ce28da","18284323","1755904285","2025-08-23 06:11:25","0x0000000000000000000000000000000000000000","0x2cfc85d8e48f8eab294be644d9e25c3030863003","10","N/A","0xce10920aabc17ab91e33119108bb1bcfa0940011","ERC-20: BurgerCoin","Burger"
"0xe1d64381dd42ad025ecb197983377d85e10b8bf6c4b1220dc08454388f842d8b","18284331","1755904301","2025-08-23 06:11:41","0x0000000000000000000000000000000000000000","0x2cfc85d8e48f8eab294be644d9e25c3030863003","10","N/A","0xce10920aabc17ab91e33119108bb1bcfa0940011","ERC-20: BurgerCoin","Burger"
"0x06463031300915f97efa87f524f07e92df8232d4f7d980ff1525015b33e1b370","18284337","1755904313","2025-08-23 06:11:53","0x0000000000000000000000000000000000000000","0x2cfc85d8e48f8eab294be644d9e25c3030863003","10","N/A","0xce10920aabc17ab91e33119108bb1bcfa0940011","ERC-20: BurgerCoin","Burger"
"0x7d06c5133991f9f49219ebb44145fb990a2086ff709a1280fca2ed1eecc2b110","18284391","1755904421","2025-08-23 06:13:41","0x0000000000000000000000000000000000000000","0x2cfc85d8e48f8eab294be644d9e25c3030863003","10","N/A","0xce10920aabc17ab91e33119108bb1bcfa0940011","ERC-20: BurgerCoin","Burger"
"0x74bbc441aa30e107d9887fb2e9d406f009b174746d6080520e5e3def0e265960","18284480","1755904599","2025-08-23 06:16:39","0x0000000000000000000000000000000000000000","0x2cfc85d8e48f8eab294be644d9e25c3030863003","10","N/A","0xce10920aabc17ab91e33119108bb1bcfa0940011","ERC-20: BurgerCoin","Burger"
"0x7835c5b6fefa41a3aae173408b70ff83c6886524fbe3e6ceabdbd6ae5765b9cf","18284486","1755904611","2025-08-23 06:16:51","0x0000000000000000000000000000000000000000","0x2cfc85d8e48f8eab294be644d9e25c3030863003","10","N/A","0xce10920aabc17ab91e33119108bb1bcfa0940011","ERC-20: BurgerCoin","Burger"
"0xa36711bc3a8776238e865df4e325ec721c3451749fcb1f9cd6ed880b47c61650","18284751","1755905141","2025-08-23 06:25:41","0x0000000000000000000000000000000000000000","0x2cfc85d8e48f8eab294be644d9e25c3030863003","10","N/A","0xce10920aabc17ab91e33119108bb1bcfa0940011","ERC-20: BurgerCoin","Burger"
"0x38b184c782d9b3ca585be156f44490d6d53e63df17a2e1ad591ab4a56c28fb36","18284800","1755905239","2025-08-23 06:27:19","0x0000000000000000000000000000000000000000","0x2cfc85d8e48f8eab294be644d9e25c3030863003","10","N/A","0xce10920aabc17ab91e33119108bb1bcfa0940011","ERC-20: BurgerCoin","Burger"
"0x880f67454e6625476e4fb6ca101892b0378304f8c8c6b64124bc32a4c5ad1b24","18285159","1755905957","2025-08-23 06:39:17","0x0000000000000000000000000000000000000000","0x2cfc85d8e48f8eab294be644d9e25c3030863003","10","N/A","0xd418f9fe0052856558b88f3f530130e0dd306a82","ERC-20: MoonCoin","Moon"
"0x357af98e999a17e86eb02ee0b69c29222c1f7af61936dc90021f2e0383b49d8d","18285166","1755905971","2025-08-23 06:39:31","0x0000000000000000000000000000000000000000","0x2cfc85d8e48f8eab294be644d9e25c3030863003","10","N/A","0xd418f9fe0052856558b88f3f530130e0dd306a82","ERC-20: MoonCoin","Moon"
"0xc4e7135d1cc3ea9bf2dd840ec8287e3c07efdb959f5e2349e4c9b9f90fac252c","18285175","1755905989","2025-08-23 06:39:49","0x0000000000000000000000000000000000000000","0x2cfc85d8e48f8eab294be644d9e25c3030863003","10","N/A","0xd418f9fe0052856558b88f3f530130e0dd306a82","ERC-20: MoonCoin","Moon"
"0x5c80e3c4172ba2c40234984beb38cddb0d51a6d75ed5a83eeaf54067fe55ecab","18285225","1755906089","2025-08-23 06:41:29","0x0000000000000000000000000000000000000000","0x2cfc85d8e48f8eab294be644d9e25c3030863003","10","N/A","0xd418f9fe0052856558b88f3f530130e0dd306a82","ERC-20: MoonCoin","Moon"
"0x777662c5f1bac6e9dbf3e8ba7976a022beb7a654b3091f542d9b67c59f1af5bc","18285289","1755906217","2025-08-23 06:43:37","0x0000000000000000000000000000000000000000","0x2cfc85d8e48f8eab294be644d9e25c3030863003","10","N/A","0xd418f9fe0052856558b88f3f530130e0dd306a82","ERC-20: MoonCoin","Moon"
"0xa6b798edf9d89d5acc93ae27cd3feab22711830b20efe31d37780ccbb4285887","18285295","1755906229","2025-08-23 06:43:49","0x0000000000000000000000000000000000000000","0x2cfc85d8e48f8eab294be644d9e25c3030863003","10","N/A","0xd418f9fe0052856558b88f3f530130e0dd306a82","ERC-20: MoonCoin","Moon"
"0x549db39f523b761094fca815c8f59be70b83ce58ac0a7d98ddd86c480f880fa4","18285517","1755906673","2025-08-23 06:51:13","0x0000000000000000000000000000000000000000","0x2cfc85d8e48f8eab294be644d9e25c3030863003","10","N/A","0xd418f9fe0052856558b88f3f530130e0dd306a82","ERC-20: MoonCoin","Moon"
"0x1abfcff853324102a66b1f4ddbe426b8e41c27a1a91381d660b4de3bb4ebec8e","18285551","1755906741","2025-08-23 06:52:21","0x0000000000000000000000000000000000000000","0x2cfc85d8e48f8eab294be644d9e25c3030863003","10","N/A","0xd418f9fe0052856558b88f3f530130e0dd306a82","ERC-20: MoonCoin","Moon"
"0x23e2fc41530d8c07dc8cac8a16349f9ecd6a3b5763938082718f224af2e1d0b0","18285728","1755907095","2025-08-23 06:58:15","0x0000000000000000000000000000000000000000","0x2cfc85d8e48f8eab294be644d9e25c3030863003","10","N/A","0xd418f9fe0052856558b88f3f530130e0dd306a82","ERC-20: MoonCoin","Moon"
"0x69a1f3e926e8c780be9050d367cc192c8125a66f19e3f6c8d937937706790681","18292502","1755920643","2025-08-23 10:44:03","0x8cc5c06b341a3ca8926fc1cb0370bcd9f81bcaf4","0x2cfc85d8e48f8eab294be644d9e25c3030863003","9.9","N/A","0xce10920aabc17ab91e33119108bb1bcfa0940011","ERC-20: BurgerCoin","Burger"
"0x419ed125bd8e68f16ab1e8b083829efab1d937be2f54bcee905089493f5f1b30","18298350","1755932339","2025-08-23 13:58:59","0x84f5feff456fcd2cfdb62ac730ed46c14e5e9b36","0x2cfc85d8e48f8eab294be644d9e25c3030863003","0","$0.00","0x2cfc85d8e48f8eab294be644d9e25c3030863003","Worldcoin","WLD"
"0x5c89133e08621d5bf9eaa1ce4e029737f1582f6c240a0f5e9022da07f1a8dcda","18298857","1755933353","2025-08-23 14:15:53","0x84f5feff456fcd2cfdb62ac730ed46c14e5e9b36","0x2cfc85d8e48f8eab294be644d9e25c3030863003","0","$0.00","0x2cfc85d8e48f8eab294be644d9e25c3030863003","Worldcoin","WLD"
"0x189dea32dedb19a89b19876067b915ab28f77f93ddff6e00dcc492dddc9106ba","18302555","1755940749","2025-08-23 16:19:09","0x86967cddb380c098e2f7c969ba8aebfddd981a8d","0x2cfc85d8e48f8eab294be644d9e25c3030863003","0.016109378582726149","N/A","0x2ba918fec90ca7aac5753a2551593470815866e6","ERC-20: Diamante","DIAMANTE"
"0x3a74a795be148ea54b97787a4c18b7399a5e2416eb83a6e0e60878d0fc52eeec","18304873","1755945385","2025-08-23 17:36:25","0x0000000000000000000000000000000000000000","0x2cfc85d8e48f8eab294be644d9e25c3030863003","15","N/A","0x75c2385621efabcafbe3eb18ddd9fae0cc67a426","ERC-20: OnePieceCoin","OnePiece"
"0x024cfacc2de98945af0e397c0f68c5d841043b556502518618ae3442b4535c5f","18305219","1755946077","2025-08-23 17:47:57","0x0000000000000000000000000000000000000000","0x2cfc85d8e48f8eab294be644d9e25c3030863003","15","N/A","0x75c2385621efabcafbe3eb18ddd9fae0cc67a426","ERC-20: OnePieceCoin","OnePiece"
"0x4608b42765f29c0ea78057f9789965e23768af0bd03fc9d7698b6918b972c432","18305249","1755946137","2025-08-23 17:48:57","0x0000000000000000000000000000000000000000","0x2cfc85d8e48f8eab294be644d9e25c3030863003","15","N/A","0x75c2385621efabcafbe3eb18ddd9fae0cc67a426","ERC-20: OnePieceCoin","OnePiece"
"0x4fb383f2bd908430698a7ba04d7ed55a0517d072bc5780cdbf705e22f2e2e030","18305306","1755946251","2025-08-23 17:50:51","0x0000000000000000000000000000000000000000","0x2cfc85d8e48f8eab294be644d9e25c3030863003","15","N/A","0x75c2385621efabcafbe3eb18ddd9fae0cc67a426","ERC-20: OnePieceCoin","OnePiece"
"0xa0cbd303dab31e1b2db85c9b75cae26c6f351cc35d6e16793780b32b70998d1b","18305503","1755946645","2025-08-23 17:57:25","0x0000000000000000000000000000000000000000","0x2cfc85d8e48f8eab294be644d9e25c3030863003","15","N/A","0x75c2385621efabcafbe3eb18ddd9fae0cc67a426","ERC-20: OnePieceCoin","OnePiece"
"0xec8bd695ebc2054ce6d42cae4a3997225cf182c0cf9a3434752b9a448789bf9c","18305509","1755946657","2025-08-23 17:57:37","0x0000000000000000000000000000000000000000","0x2cfc85d8e48f8eab294be644d9e25c3030863003","15","N/A","0x75c2385621efabcafbe3eb18ddd9fae0cc67a426","ERC-20: OnePieceCoin","OnePiece"
"0x26c99096cf1463f9cd505bc7bce01556dcd6a03305ff8ed6ae36a0532d78c723","18305689","1755947017","2025-08-23 18:03:37","0x0000000000000000000000000000000000000000","0x2cfc85d8e48f8eab294be644d9e25c3030863003","15","N/A","0x75c2385621efabcafbe3eb18ddd9fae0cc67a426","ERC-20: OnePieceCoin","OnePiece"
"0x5a821498b450daf4d1667141a3a0dec74f50b77cc38f55c9004a4f76a2824dee","18305707","1755947053","2025-08-23 18:04:13","0x0000000000000000000000000000000000000000","0x2cfc85d8e48f8eab294be644d9e25c3030863003","15","N/A","0x75c2385621efabcafbe3eb18ddd9fae0cc67a426","ERC-20: OnePieceCoin","OnePiece"
"0xbc8c621b899e43c92692454df1dd64c8600ea860bf8cfc37d42db93c99bc4ef2","18306514","1755948667","2025-08-23 18:31:07","0x0000000000000000000000000000000000000000","0x2cfc85d8e48f8eab294be644d9e25c3030863003","15","N/A","0x75c2385621efabcafbe3eb18ddd9fae0cc67a426","ERC-20: OnePieceCoin","OnePiece"
"0xb94f1ddf61c4b1774d50d9ebb9eac46ec1e22d6b6ccb31d61cb54760ac60d09c","18306644","1755948927","2025-08-23 18:35:27","0x0000000000000000000000000000000000000000","0x2cfc85d8e48f8eab294be644d9e25c3030863003","15","N/A","0x75c2385621efabcafbe3eb18ddd9fae0cc67a426","ERC-20: OnePieceCoin","OnePiece"
"0xdaa85f7b2c77347ac7b34969d77a80eae9ade125149c7b6e44e259e75683d6e8","18306995","1755949629","2025-08-23 18:47:09","0x43222f934ea5c593a060a6d46772fdbdc2e2cff0","0x2cfc85d8e48f8eab294be644d9e25c3030863003","0.06009","$0.06","0x2cfc85d8e48f8eab294be644d9e25c3030863003","Worldcoin","WLD"
"0xcbbc84654f6e9772729b0c9d6ca694a3c4f3e56d8eff2e43fb8aac1cd6eb33e8","18313124","1755961887","2025-08-23 22:11:27","0xff451a8aa5b469b098f01a1e61b3fc89ebcb713b","0x2cfc85d8e48f8eab294be644d9e25c3030863003","125.799910646549512268","N/A","0xed49fe44fd4249a09843c2ba4bba7e50beca7113","DNAToken","DNA"
"0x1fd0b866243f7def265228ae2b8b676d0cb610eb736d7741778c11223ab111de","18313786","1755963211","2025-08-23 22:33:31","0x1cac823cff401b061d5f92ea14859e2d465b0d32","0x2cfc85d8e48f8eab294be644d9e25c3030863003","58.806","N/A","0x75c2385621efabcafbe3eb18ddd9fae0cc67a426","ERC-20: OnePieceCoin","OnePiece"
"0xdbb5a0c6d8fe9c5f2ea9a648fdf178578dee100c92926b03ff8822efa5e1af9c","18313807","1755963253","2025-08-23 22:34:13","0x1cac823cff401b061d5f92ea14859e2d465b0d32","0x2cfc85d8e48f8eab294be644d9e25c3030863003","49.5","N/A","0xce10920aabc17ab91e33119108bb1bcfa0940011","ERC-20: BurgerCoin","Burger"
"0x267dde523294ca81f14e5a4b4b3b4524d5a789e1f420ca74e7e1d3a6dd950cbf","18313839","1755963317","2025-08-23 22:35:17","0x1cac823cff401b061d5f92ea14859e2d465b0d32","0x2cfc85d8e48f8eab294be644d9e25c3030863003","49.5","N/A","0xd418f9fe0052856558b88f3f530130e0dd306a82","ERC-20: MoonCoin","Moon"
"0xb137e7b33245191570723be0d80255332ca281a69f66c323421e7f708e115090","18314009","1755963657","2025-08-23 22:40:57","0x8a48f15875919aa8997776fd8d5fa30670feeab2","0x2cfc85d8e48f8eab294be644d9e25c3030863003","14.549978","$14.55","0x79a02482a880bce3f13e09da970dc34db4cd24d1","USDC","USDC"
"0x502fe927000aba5f3cb987c01fde9e3c1fc9790c6fd801ab8cc0da4dc3ff7db5","18317368","1755970375","2025-08-24 00:32:55","0x43222f934ea5c593a060a6d46772fdbdc2e2cff0","0x2cfc85d8e48f8eab294be644d9e25c3030863003","0.00938","$0.01","0x79a02482a880bce3f13e09da970dc34db4cd24d1","USDC","USDC"
"0xc8f23ebda453ea034c43fa37c9aa549a2749a432cb5d9f6a7894c15817b32ddb","18319618","1755974875","2025-08-24 01:47:55","0xb2f7aaa1d50493e5bb87cb95794cc4182a9ded58","0x2cfc85d8e48f8eab294be644d9e25c3030863003","0","N/A","0xab09a728e53d3d6bc438be95eed46da0bbe7fb38","ERC-20: SUSHI Token","SUSHI"
"0xb7368dd10595e0ef6d649f7339fdfb79b681c3294ef54f6161a16061c19cbfbd","18324799","1755985237","2025-08-24 04:40:37","0x43222f934ea5c593a060a6d46772fdbdc2e2cff0","0x2cfc85d8e48f8eab294be644d9e25c3030863003","0.02624","$0.03","0x2cfc85d8e48f8eab294be644d9e25c3030863003","Worldcoin","WLD"
"0xc3f957d696120ea42ed6b0bb1d6bbb83decf6c628bedcce5f90799997cca54bb","18324996","1755985631","2025-08-24 04:47:11","0x8eb1537ea52fa90a5fc8db09237419f0476876ff","0x2cfc85d8e48f8eab294be644d9e25c3030863003","0.000278930461434159","$0.00","0x2cfc85d8e48f8eab294be644d9e25c3030863003","Worldcoin","WLD"
"0xfd882fd5a5aa9138cead489126d3f351e70ff1933760f44e13fd88989613185f","18329523","1755994685","2025-08-24 07:18:05","0x4d6265675aca4842846dbf87cf0b722a18fc2839","0x2cfc85d8e48f8eab294be644d9e25c3030863003","21.010689008859041265","$21.24","0x2cfc85d8e48f8eab294be644d9e25c3030863003","Worldcoin","WLD"
"0x035a29c6bf1b74a7270fed80eb3f6cb1db2d97e5fc1364934687b61ab6235c0b","18337103","1756009845","2025-08-24 11:30:45","0x4d6265675aca4842846dbf87cf0b722a18fc2839","0x2cfc85d8e48f8eab294be644d9e25c3030863003","0","N/A","0xf3f92a60e6004f3982f0fde0d43602fc0a30a0db","ERC-20: Orb","ORB"
"0x57398adfbbf7c186c2ef9753f477742fff1ab6d9d3be8959e81ecb89107f26b0","18337158","1756009955","2025-08-24 11:32:35","0x4d6265675aca4842846dbf87cf0b722a18fc2839","0x2cfc85d8e48f8eab294be644d9e25c3030863003","82","N/A","0xf3f92a60e6004f3982f0fde0d43602fc0a30a0db","ERC-20: Orb","ORB"
"0x8ceebc38a482ec44b192c60c76bf36e7c3a6f7e8609a3c9b9221c33e10d13d0c","18337227","1756010093","2025-08-24 11:34:53","0x25ef528e3254d96c2c0fde0c4823e49d5012f0a0","0x2cfc85d8e48f8eab294be644d9e25c3030863003","1","N/A","0x26064dd7821f351202c61f0deb97678eef265e36","ERC-20: AION","AION"
"0x6e7390428d56dad2e4823e9095072a4c753e89c204610bfa57680767e8e98d58","18341068","1756017775","2025-08-24 13:42:55","0xb1ff9114ebbc74dc08b0975e3de00a646f603d21","0x2cfc85d8e48f8eab294be644d9e25c3030863003","6.449986","$6.52","0x2cfc85d8e48f8eab294be644d9e25c3030863003","Worldcoin","WLD"
"0x26bfaae7d9c5cf6b06ede8eed8f8b7af688145578f9b3af75d356c3cdc68378b","18352123","1756039885","2025-08-24 19:51:25","0x427b4051a542261ed6ec51ead8a1567a138f6c9e","0x2cfc85d8e48f8eab294be644d9e25c3030863003","0.000000314224616038","$0.00","0x2cfc85d8e48f8eab294be644d9e25c3030863003","Worldcoin","WLD"
"0x43d6b9e9a7c9bef4e4d9d3d825dae94de9f204e8db23240e5c90dee16e48ecf3","18352629","1756040897","2025-08-24 20:08:17","0xe2c0a72abf4037325ba43e34eb55aef6d54e48aa","0x2cfc85d8e48f8eab294be644d9e25c3030863003","5.910458","$5.97","0x2cfc85d8e48f8eab294be644d9e25c3030863003","Worldcoin","WLD"
"0x6dd8556acdb0b324d7344f5eb7c5dd123c7d6f74bc1da87603b3ba1377252a77","18353850","1756043339","2025-08-24 20:48:59","0xb98413ec56c9e922034d3e24b75c6092afc24c87","0x2cfc85d8e48f8eab294be644d9e25c3030863003","0.1","$0.10","0x2cfc85d8e48f8eab294be644d9e25c3030863003","Worldcoin","WLD"
"0xbb188ce0034b2ac711b755a85498ca9f7b0322ced0d9962872ebd2ec8f2680b8","18359882","1756055403","2025-08-25 00:10:03","0x0000000000000000000000000000000000000000","0x2cfc85d8e48f8eab294be644d9e25c3030863003","30","N/A","0x3a27edadf19d362a60b0b5a7bd3e8c48273c5e2e","ERC-20: LuckyCoin","Lucky"
"0xbea44d4ec4ddbcba48b1c2edd01502ccedc40a1bfa425f06617aadb5348d5349","18359882","1756055403","2025-08-25 00:10:03","0x19832bb2d9c78be896d42790d065ef4a93889807","0x2cfc85d8e48f8eab294be644d9e25c3030863003","1,000","N/A","0x6c53b147c2fb1de69edf5a4b60d98f4390d46878","ERC-20: Real Madrid Coin","RLM"
"0x724fe2c8302fac978603a3479a705ed557cc1b4790aa6461c34f72b3659b3464","18359899","1756055437","2025-08-25 00:10:37","0x0000000000000000000000000000000000000000","0x2cfc85d8e48f8eab294be644d9e25c3030863003","30","N/A","0x3a27edadf19d362a60b0b5a7bd3e8c48273c5e2e","ERC-20: LuckyCoin","Lucky"
"0x198dd8cd2da18f4257895500bc6cc2fc36803a5ed5e49cf283dbb9a4898f998d","18359915","1756055469","2025-08-25 00:11:09","0x0000000000000000000000000000000000000000","0x2cfc85d8e48f8eab294be644d9e25c3030863003","30","N/A","0x3a27edadf19d362a60b0b5a7bd3e8c48273c5e2e","ERC-20: LuckyCoin","Lucky"
"0x032630d80c10be319e70d10187d89c23f09e291c46040ee4878ea14beabd4fbc","18360132","1756055903","2025-08-25 00:18:23","0x0000000000000000000000000000000000000000","0x2cfc85d8e48f8eab294be644d9e25c3030863003","30","N/A","0x3a27edadf19d362a60b0b5a7bd3e8c48273c5e2e","ERC-20: LuckyCoin","Lucky"
"0x37bd6a42f1c6d5e8a48e9c8ad54c13c5510d71b707a5369f82c96edea6223166","18360361","1756056361","2025-08-25 00:26:01","0x0000000000000000000000000000000000000000","0x2cfc85d8e48f8eab294be644d9e25c3030863003","30","N/A","0x3a27edadf19d362a60b0b5a7bd3e8c48273c5e2e","ERC-20: LuckyCoin","Lucky"
"0x010859975aedf1c02edd90f8d4686753e8d65c301c2d39afde0a8558cec53508","18360377","1756056393","2025-08-25 00:26:33","0x0000000000000000000000000000000000000000","0x2cfc85d8e48f8eab294be644d9e25c3030863003","30","N/A","0x3a27edadf19d362a60b0b5a7bd3e8c48273c5e2e","ERC-20: LuckyCoin","Lucky"
"0xb4fc10267f0fe9f993d56a82d0d4b8ea7020d423e8c394c41fd1a82054d9e544","18360621","1756056881","2025-08-25 00:34:41","0x0000000000000000000000000000000000000000","0x2cfc85d8e48f8eab294be644d9e25c3030863003","30","N/A","0x3a27edadf19d362a60b0b5a7bd3e8c48273c5e2e","ERC-20: LuckyCoin","Lucky"
"0x6248309824e4ed81a3fbc273ee45099e7adef6b5132c31306997ee3868bcb0af","18360776","1756057191","2025-08-25 00:39:51","0x0000000000000000000000000000000000000000","0x2cfc85d8e48f8eab294be644d9e25c3030863003","30","N/A","0x3a27edadf19d362a60b0b5a7bd3e8c48273c5e2e","ERC-20: LuckyCoin","Lucky"
"0x7fa5096807e9be721bd57143611a8723a43200f02f2a414c9845d8f941b9afcd","18361589","1756058817","2025-08-25 01:06:57","0x0000000000000000000000000000000000000000","0x2cfc85d8e48f8eab294be644d9e25c3030863003","30","N/A","0x3a27edadf19d362a60b0b5a7bd3e8c48273c5e2e","ERC-20: LuckyCoin","Lucky"
"0x469884926a0df06d4afb16f0626abb9d2cdb0b0a1a792ffd4e8fb0917e81a5dd","18363804","1756063247","2025-08-25 02:20:47","0x0000000000000000000000000000000000000000","0x2cfc85d8e48f8eab294be644d9e25c3030863003","30","N/A","0x3a27edadf19d362a60b0b5a7bd3e8c48273c5e2e","ERC-20: LuckyCoin","Lucky"
"0xe82f55794b16e4a7c1b6d51b0cb1e26fa9e4fa6512ad13359150d764a3383e95","18364183","1756064005","2025-08-25 02:33:25","0x0000000000000000000000000000000000000000","0x2cfc85d8e48f8eab294be644d9e25c3030863003","30","N/A","0x3a27edadf19d362a60b0b5a7bd3e8c48273c5e2e","ERC-20: LuckyCoin","Lucky"
"0x8fdf519946dafe50cfe4a04df831e0801a2facf67c629b8fde0c66a364f728de","18381038","1756097715","2025-08-25 11:55:15","0xaf36d463ab77e76c4c9a8400c909b7273736cffe","0x2cfc85d8e48f8eab294be644d9e25c3030863003","3.22","$3.13","0x2cfc85d8e48f8eab294be644d9e25c3030863003","Worldcoin","WLD"
"0x98911f6abed907aeac97226e75756d78b76ad33cb746a02c6e32c52f014947ad","18384960","1756105559","2025-08-25 14:05:59","0x0000000000000000000000000000000000000000","0x2cfc85d8e48f8eab294be644d9e25c3030863003","50","N/A","0xd8b4ed24b0f4bfd1cbc6c10da93c10f7c25e26b8","ERC-20: CappuccinoCoin","Cappuccino"
"0xb816b7f4d3fb8fbe94697b8ee4f7d3f56891f62ae515892dec4256e65801cb4d","18385004","1756105647","2025-08-25 14:07:27","0x0000000000000000000000000000000000000000","0x2cfc85d8e48f8eab294be644d9e25c3030863003","50","N/A","0xd8b4ed24b0f4bfd1cbc6c10da93c10f7c25e26b8","ERC-20: CappuccinoCoin","Cappuccino"
"0xeadb5861dec2b54e2164958da91852e7fae27268321cff75f89e7d2f595dd1eb","18385033","1756105705","2025-08-25 14:08:25","0x0000000000000000000000000000000000000000","0x2cfc85d8e48f8eab294be644d9e25c3030863003","50","N/A","0xd8b4ed24b0f4bfd1cbc6c10da93c10f7c25e26b8","ERC-20: CappuccinoCoin","Cappuccino"
"0x4661a330c1d307372b8bba36e544bdaf1a07c0b22a32fa7f06b61ae6d9855dd1","18385520","1756106679","2025-08-25 14:24:39","0x0000000000000000000000000000000000000000","0x2cfc85d8e48f8eab294be644d9e25c3030863003","50","N/A","0xd8b4ed24b0f4bfd1cbc6c10da93c10f7c25e26b8","ERC-20: CappuccinoCoin","Cappuccino"
"0xcc865b0b546b7a61174781b037e1e25f4b7e6484edfd153e091eb90233f3a5c9","18385809","1756107257","2025-08-25 14:34:17","0x0000000000000000000000000000000000000000","0x2cfc85d8e48f8eab294be644d9e25c3030863003","50","N/A","0xd8b4ed24b0f4bfd1cbc6c10da93c10f7c25e26b8","ERC-20: CappuccinoCoin","Cappuccino"
"0x58f84cae218afad1397f6d92368d2b7937293648f8173f31b9798078e43fc4c3","18385835","1756107309","2025-08-25 14:35:09","0x0000000000000000000000000000000000000000","0x2cfc85d8e48f8eab294be644d9e25c3030863003","50","N/A","0xd8b4ed24b0f4bfd1cbc6c10da93c10f7c25e26b8","ERC-20: CappuccinoCoin","Cappuccino"
"0xafd0a55f42bb7e8f77f6870f4d7fc2a66a6ff4e86c84d84d1c39e8e31b8d9a7f","18386180","1756107999","2025-08-25 14:46:39","0x0000000000000000000000000000000000000000","0x2cfc85d8e48f8eab294be644d9e25c3030863003","50","N/A","0xd8b4ed24b0f4bfd1cbc6c10da93c10f7c25e26b8","ERC-20: CappuccinoCoin","Cappuccino"
"0x9a367f40cb8d9713da385567e0c5500dfac3b9e552580c5fb9b772c61b80c3f7","18386418","1756108475","2025-08-25 14:54:35","0x0000000000000000000000000000000000000000","0x2cfc85d8e48f8eab294be644d9e25c3030863003","50","N/A","0xd8b4ed24b0f4bfd1cbc6c10da93c10f7c25e26b8","ERC-20: CappuccinoCoin","Cappuccino"
"0x128d36611384a2652e12d70b947484618ea2f6b5fc15c5d505eccdd3e366261b","18391298","1756118235","2025-08-25 17:37:15","0xecacd6514fad9dab7b1fa48c5632f4ed19934c0a","0x2cfc85d8e48f8eab294be644d9e25c3030863003","0.632165","$0.63","0x79a02482a880bce3f13e09da970dc34db4cd24d1","USDC","USDC"
"0x8b17b59b8dbd1e16b0eb2212dd0e31b5eced07e6f02c43495c600d819ba71999","18391962","1756119563","2025-08-25 17:59:23","0x9714e5bb98dea09938a800e749538e7616574cfb","0x2cfc85d8e48f8eab294be644d9e25c3030863003","2.005776","$1.95","0x2cfc85d8e48f8eab294be644d9e25c3030863003","Worldcoin","WLD"
"0x5b458e592ee856a9afb33c30aee65b93268491cc631412075c9beaba15be1391","18393860","1756123359","2025-08-25 19:02:39","0xdb6983eeea333f67f9cc9b21bc915254b631db22","0x2cfc85d8e48f8eab294be644d9e25c3030863003","3.221566","$3.13","0x2cfc85d8e48f8eab294be644d9e25c3030863003","Worldcoin","WLD"
"0xabaeb95e748ad705c33887395db8f9561306352ed1bf3d39023019fef50bf9a7","18397714","1756131067","2025-08-25 21:11:07","0x10f7fe55d30c8615cb54b233fa55c9712b7690c6","0x2cfc85d8e48f8eab294be644d9e25c3030863003","39.6","N/A","0xd418f9fe0052856558b88f3f530130e0dd306a82","ERC-20: MoonCoin","Moon"
"0x4c764f01fe5c5df7e187dc6216ef33a2417f5cdf8abb0a482e5a053b7cd36e14","18397745","1756131129","2025-08-25 21:12:09","0x10f7fe55d30c8615cb54b233fa55c9712b7690c6","0x2cfc85d8e48f8eab294be644d9e25c3030863003","39.6","N/A","0xce10920aabc17ab91e33119108bb1bcfa0940011","ERC-20: BurgerCoin","Burger"
"0x031b65954ba6fb1c8d9027bb0beff4a5c934adb2b7afdaf06a47a06d0d7cb747","18397763","1756131165","2025-08-25 21:12:45","0x10f7fe55d30c8615cb54b233fa55c9712b7690c6","0x2cfc85d8e48f8eab294be644d9e25c3030863003","59.4","N/A","0x75c2385621efabcafbe3eb18ddd9fae0cc67a426","ERC-20: OnePieceCoin","OnePiece"
"0x2919e4096aa320dfbcec86899b8412d328a8b798563e419a7a0057479ac5306a","18398291","1756132221","2025-08-25 21:30:21","0x0000000000000000000000000000000000000000","0x2cfc85d8e48f8eab294be644d9e25c3030863003","50","N/A","0xd8b4ed24b0f4bfd1cbc6c10da93c10f7c25e26b8","ERC-20: CappuccinoCoin","Cappuccino"
"0xa11c484bbcc4f9058f94c7fea34cd093450d2bb7271b6710c485af0796fc16f2","18398390","1756132419","2025-08-25 21:33:39","0x10f7fe55d30c8615cb54b233fa55c9712b7690c6","0x2cfc85d8e48f8eab294be644d9e25c3030863003","198","N/A","0xd8b4ed24b0f4bfd1cbc6c10da93c10f7c25e26b8","ERC-20: CappuccinoCoin","Cappuccino"
"0x6668b7123e7d7ebb0b9acdb27be0053d9a9d5a81dea26831ec4a659b936087e0","18398415","1756132469","2025-08-25 21:34:29","0x10f7fe55d30c8615cb54b233fa55c9712b7690c6","0x2cfc85d8e48f8eab294be644d9e25c3030863003","118.8","N/A","0x3a27edadf19d362a60b0b5a7bd3e8c48273c5e2e","ERC-20: LuckyCoin","Lucky"
"0x2e256ff8041a44dbcafb7e950b6224d15b563b7569f28a8562b0a9b0d4240cb7","18398449","1756132537","2025-08-25 21:35:37","0x10f7fe55d30c8615cb54b233fa55c9712b7690c6","0x2cfc85d8e48f8eab294be644d9e25c3030863003","0.269954903296232877","N/A","0xfedc2f45350a6b1ff7f9db607724621503bd6ce0","ERC-20: Portugal Token","PTT"
"0x59a7d4a505c63fba7e2913205c9062b20fb9a1d7b23fb1752602b23a4d97d44d","18399540","1756134719","2025-08-25 22:11:59","0x0000000000000000000000000000000000000000","0x2cfc85d8e48f8eab294be644d9e25c3030863003","50","N/A","0xd8b4ed24b0f4bfd1cbc6c10da93c10f7c25e26b8","ERC-20: CappuccinoCoin","Cappuccino"
"0x2f8b6f0888439cc3977bfb9be9c4d8e4dcfbcfce325c9e298bb06cb3fe49523a","18400792","1756137223","2025-08-25 22:53:43","0x0000000000000000000000000000000000000000","0x2cfc85d8e48f8eab294be644d9e25c3030863003","50","N/A","0xd8b4ed24b0f4bfd1cbc6c10da93c10f7c25e26b8","ERC-20: CappuccinoCoin","Cappuccino"
"0xb977842f1099d712f39a815795bb4e83cec2d0e28db1921fc48d7b8e28273165","18402043","1756139725","2025-08-25 23:35:25","0x0000000000000000000000000000000000000000","0x2cfc85d8e48f8eab294be644d9e25c3030863003","50","N/A","0xd8b4ed24b0f4bfd1cbc6c10da93c10f7c25e26b8","ERC-20: CappuccinoCoin","Cappuccino"
"0x897a6094bd12ad92f0bb1cc174610001cfe02f4e6c7179a7216886f0afba7e26","18405893","1756147425","2025-08-26 01:43:45","0x7aca7afda78884fe0a58fb8b3988b9f93f963950","0x2cfc85d8e48f8eab294be644d9e25c3030863003","11.6774","N/A","0xede54d9c024ee80c85ec0a75ed2d8774c7fbac9b","ERC-20: Drachma","WDD"
"0x245004b00ae940f3ed69fa557d24603bd923838c92b4fadeddf475109d68d5c7","18409088","1756153815","2025-08-26 03:30:15","0x8eb1537ea52fa90a5fc8db09237419f0476876ff","0x2cfc85d8e48f8eab294be644d9e25c3030863003","0.002099262826789779","$0.00","0x2cfc85d8e48f8eab294be644d9e25c3030863003","Worldcoin","WLD"
"0x8f575e2a5435da574408f69e4733b83e23ef3838125bf61f7c36244368e4e7b1","18409376","1756154391","2025-08-26 03:39:51","0x43222f934ea5c593a060a6d46772fdbdc2e2cff0","0x2cfc85d8e48f8eab294be644d9e25c3030863003","0.00526","$0.01","0x2cfc85d8e48f8eab294be644d9e25c3030863003","Worldcoin","WLD"
"0xfd3a7c2135bf45adac63d2da5e5d702a7ce4e6fb74b992f0ebafde7a93924b40","18409902","1756155443","2025-08-26 03:57:23","0x43222f934ea5c593a060a6d46772fdbdc2e2cff0","0x2cfc85d8e48f8eab294be644d9e25c3030863003","0.00055","$0.00","0x2cfc85d8e48f8eab294be644d9e25c3030863003","Worldcoin","WLD"
"0x4baadc64408b75bec402a5ddcfd7323e86f89df4e61e0fad9e5d7172dee112c7","18410724","1756157087","2025-08-26 04:24:47","0x43222f934ea5c593a060a6d46772fdbdc2e2cff0","0x2cfc85d8e48f8eab294be644d9e25c3030863003","40","N/A","0x964228560995a8fd7243366a610259c0b29581cf","ERC-20: Ramen2Coin","Ramen2"
"0x04cf440362caf4542346b905beca29e9da9241339d3ebe2d7f23fc7026bef8a5","18418603","1756172845","2025-08-26 08:47:25","0x10f7fe55d30c8615cb54b233fa55c9712b7690c6","0x2cfc85d8e48f8eab294be644d9e25c3030863003","10","N/A","0x91c635b91989196640b1b4a16328f61352ef9a38","ERC-20: WhiteCoin","WTC"
"0x8482f5cce5539bace35124fbb6daaf80102c2284551d193467369ff3c7516348","18425567","1756186773","2025-08-26 12:39:33","0xc490e3eeac768f6d567ab4fb4207e075ef5c90ef","0x2cfc85d8e48f8eab294be644d9e25c3030863003","0","N/A","0xcd1e32b86953d79a6ac58e813d2ea7a1790cab63","ERC-20: ORO","ORO"
"0x0675413ffe5fcf9aca418135778970fd5619ba1e50ad4808e40bb96464b1cdd0","18428247","1756192133","2025-08-26 14:08:53","0xe820e63fde35d04256ac41c0480323a7a00fca26","0x2cfc85d8e48f8eab294be644d9e25c3030863003","16.656705","$14.66","0x2cfc85d8e48f8eab294be644d9e25c3030863003","Worldcoin","WLD"
"0x6d730e1b7e834d25b2b5363b29ce365b9ac19569909ddf5c57b2aebcae946cef","18436534","1756208707","2025-08-26 18:45:07","0x0000000000000000000000000000000000000000","0x2cfc85d8e48f8eab294be644d9e25c3030863003","50","N/A","0xd8b4ed24b0f4bfd1cbc6c10da93c10f7c25e26b8","ERC-20: CappuccinoCoin","Cappuccino"
"0x17c5469ba01038c219c8af1a56477c1f5467aaee21816d34bd2e0c80fd93186e","18437221","1756210081","2025-08-26 19:08:01","0x0000000000000000000000000000000000000000","0x2cfc85d8e48f8eab294be644d9e25c3030863003","30","N/A","0x3a27edadf19d362a60b0b5a7bd3e8c48273c5e2e","ERC-20: LuckyCoin","Lucky"
"0x94ac93e82bc890b46f2e3c69683aa5750827936cb0bcab3e7cce339ab83b2ae8","18441225","1756218089","2025-08-26 21:21:29","0x0f9edde7ad86c9a51a4442cb6a4dc78074a49c7e","0x2cfc85d8e48f8eab294be644d9e25c3030863003","9.801","N/A","0xce10920aabc17ab91e33119108bb1bcfa0940011","ERC-20: BurgerCoin","Burger"
"0x758a27b33fae0d89ffad14533e6f18b177a3b98c7e157f295daf33155d7ad40f","18442757","1756221153","2025-08-26 22:12:33","0x0000000000000000000000000000000000000000","0x2cfc85d8e48f8eab294be644d9e25c3030863003","10","N/A","0x75c2385621efabcafbe3eb18ddd9fae0cc67a426","ERC-20: OnePieceCoin","OnePiece"
"0x5de61d1ae63b03d002136655f0331da5da20bbc5ca0101fd44dde78a910259ed","18443106","1756221851","2025-08-26 22:24:11","0x0000000000000000000000000000000000000000","0x2cfc85d8e48f8eab294be644d9e25c3030863003","10","N/A","0x75c2385621efabcafbe3eb18ddd9fae0cc67a426","ERC-20: OnePieceCoin","OnePiece"
"0x6067250b127970fd10d2d44abfa435849d684f581bfaa4a05a350fb44efbc840","18447475","1756230589","2025-08-27 00:49:49","0xaeb877eed98646263cbc726237ba4e5e49c3db9b","0x2cfc85d8e48f8eab294be644d9e25c3030863003","0.15991","$0.16","0x79a02482a880bce3f13e09da970dc34db4cd24d1","USDC","USDC"
"0x5b8f7e6a1fe4581a3497a4d757379db3ad6aac1b1d6da11b6188476f213394cc","18449139","1756233917","2025-08-27 01:45:17","0x7aca7afda78884fe0a58fb8b3988b9f93f963950","0x2cfc85d8e48f8eab294be644d9e25c3030863003","6.6721","N/A","0xede54d9c024ee80c85ec0a75ed2d8774c7fbac9b","ERC-20: Drachma","WDD"
"0x0375a55c899ecf7a9796a5bdace419ccc089adfe5d632ef741a3ecab0b7a8365","18453618","1756242875","2025-08-27 04:14:35","0x8c8ef9a3ddeba7174d91c979e1426ee88ea2e360","0x2cfc85d8e48f8eab294be644d9e25c3030863003","5.798424","$5.10","0x2cfc85d8e48f8eab294be644d9e25c3030863003","Worldcoin","WLD"
"0x59f8bf62cabf5159090edf4281613ee7568bd755b93669fe570c6209f59fd6bb","18456444","1756248527","2025-08-27 05:48:47","0x0c7e835c96e3356374a3445dce37377d28acf7bc","0x2cfc85d8e48f8eab294be644d9e25c3030863003","10","$8.80","0x2cfc85d8e48f8eab294be644d9e25c3030863003","Worldcoin","WLD"
"0x6796309d61ad873ca265dcd5fbb92dac47a48a3fa38cdec1797f419f6a7f7188","18463564","1756262767","2025-08-27 09:46:07","0x0c7e835c96e3356374a3445dce37377d28acf7bc","0x2cfc85d8e48f8eab294be644d9e25c3030863003","0.2","$0.19","0x2cfc85d8e48f8eab294be644d9e25c3030863003","Worldcoin","WLD"
"0x51d4ee935558e40e392befb6fef80e9982897679fa6665f1b1f54c934c8a89e5","18465283","1756266205","2025-08-27 10:43:25","0xce32f3aee3f8217bebc8deecc17fdba0cd507bd0","0x2cfc85d8e48f8eab294be644d9e25c3030863003","0","$0.00","0x2cfc85d8e48f8eab294be644d9e25c3030863003","Worldcoin","WLD"
"0x3a374b9037bab1142e5f409b1dedb42c83b98b72f0f7a57f579d369ec089b6f1","18472495","1756280629","2025-08-27 14:43:49","0x6b7995cbe4e169c7dce139d4f477120b05f696a4","0x2cfc85d8e48f8eab294be644d9e25c3030863003","1","N/A","0xc0f61fad047d335bfa32497c95a21f4b92286541","ERC-20: Red Bull Token","RBT"
"0xf4b4af9c97e9874536f7b88b2a4d7803aff62af984601fd454171c4c49693cb4","18477255","1756290149","2025-08-27 17:22:29","0x0000000000000000000000000000000000000000","0x2cfc85d8e48f8eab294be644d9e25c3030863003","5","N/A","0x9da2cc2d639dc963dc2ae49d0aa2b9d0608781b6","ERC-20: RobinHoodCoin","ROBIN"
"0xfc2612cb259f9e1179c0ea3629ee751b616edba6e3796efda137e2f32d5ea6ea","18477793","1756291225","2025-08-27 17:40:25","0x0000000000000000000000000000000000000000","0x2cfc85d8e48f8eab294be644d9e25c3030863003","5","N/A","0x9da2cc2d639dc963dc2ae49d0aa2b9d0608781b6","ERC-20: RobinHoodCoin","ROBIN"
"0x5d0324f625547d0d8a8d07f55e0bee2e5645cd04ca4fc1a62a7d152a0f24b3b6","18478176","1756291991","2025-08-27 17:53:11","0x0000000000000000000000000000000000000000","0x2cfc85d8e48f8eab294be644d9e25c3030863003","5","N/A","0x9da2cc2d639dc963dc2ae49d0aa2b9d0608781b6","ERC-20: RobinHoodCoin","ROBIN"
"0x9267bff22fadebeb86f9a513944855056f719171fd04a6d86ca3cbc6407565d5","18482964","1756301567","2025-08-27 20:32:47","0x0000000000000000000000000000000000000000","0x2cfc85d8e48f8eab294be644d9e25c3030863003","5","N/A","0x9da2cc2d639dc963dc2ae49d0aa2b9d0608781b6","ERC-20: RobinHoodCoin","ROBIN"
"0xf42d9930c1f5c0676c51a4e6bcd7be721127e20bdc9dbbc5659c5f62bf6e50cd","18485225","1756306089","2025-08-27 21:48:09","0x0000000000000000000000000000000000000000","0x2cfc85d8e48f8eab294be644d9e25c3030863003","5","N/A","0x9da2cc2d639dc963dc2ae49d0aa2b9d0608781b6","ERC-20: RobinHoodCoin","ROBIN"
"0xab124587338b77071c5f6a838721e112c1a35e193c2637c363d95fb287183cd5","18485298","1756306235","2025-08-27 21:50:35","0x0000000000000000000000000000000000000000","0x2cfc85d8e48f8eab294be644d9e25c3030863003","5","N/A","0x9da2cc2d639dc963dc2ae49d0aa2b9d0608781b6","ERC-20: RobinHoodCoin","ROBIN"
"0x05ae88d0294b38045d41218397030f89cd78ac3c0c3706dbfdfd8c52b0dc21b6","18486056","1756307751","2025-08-27 22:15:51","0x41f30787bf8e2e8ac21bc0b8999df67455c0120e","0x2cfc85d8e48f8eab294be644d9e25c3030863003","5.720542","$5.44","0x2cfc85d8e48f8eab294be644d9e25c3030863003","Worldcoin","WLD"
"0x89299b4ae47e41186d82e144656675a2bba2d50d49be1cbf4688821fa2b0f16d","18487523","1756310685","2025-08-27 23:04:45","0x43222f934ea5c593a060a6d46772fdbdc2e2cff0","0x2cfc85d8e48f8eab294be644d9e25c3030863003","10","N/A","0x91c635b91989196640b1b4a16328f61352ef9a38","ERC-20: WhiteCoin","WTC"
"0x44d5f6a8da8c8ee599bfa9262bb31de12aeed443f4ba1217e686e31c8506017e","18488089","1756311817","2025-08-27 23:23:37","0x0000000000000000000000000000000000000000","0x2cfc85d8e48f8eab294be644d9e25c3030863003","5","N/A","0x9da2cc2d639dc963dc2ae49d0aa2b9d0608781b6","ERC-20: RobinHoodCoin","ROBIN"
"0xea77443213a36a1c63cde79e2b7575ce83eaedfbc024b4a4cf72776f90ccf434","18488097","1756311833","2025-08-27 23:23:53","0x0000000000000000000000000000000000000000","0x2cfc85d8e48f8eab294be644d9e25c3030863003","5","N/A","0x9da2cc2d639dc963dc2ae49d0aa2b9d0608781b6","ERC-20: RobinHoodCoin","ROBIN"
"0x0e1efae0aa7848d05799c8d1e52631075c083192c349aed813dd4b3c50f47aec","18488213","1756312065","2025-08-27 23:27:45","0x0000000000000000000000000000000000000000","0x2cfc85d8e48f8eab294be644d9e25c3030863003","5","N/A","0x9da2cc2d639dc963dc2ae49d0aa2b9d0608781b6","ERC-20: RobinHoodCoin","ROBIN"
"0x99469aea0e204d5a63f56e8c52f314916615b5ac80604cf796973ef66d5ff194","18488359","1756312357","2025-08-27 23:32:37","0x0000000000000000000000000000000000000000","0x2cfc85d8e48f8eab294be644d9e25c3030863003","5","N/A","0x9da2cc2d639dc963dc2ae49d0aa2b9d0608781b6","ERC-20: RobinHoodCoin","ROBIN"
"0x14a669d2e8776e6cea0c872b58318e01fbf40b6a76cf5afd95ffad689c2613f2","18488368","1756312375","2025-08-27 23:32:55","0x0000000000000000000000000000000000000000","0x2cfc85d8e48f8eab294be644d9e25c3030863003","5","N/A","0x9da2cc2d639dc963dc2ae49d0aa2b9d0608781b6","ERC-20: RobinHoodCoin","ROBIN"
"0x079a47b3c665a88841353dc20ebdaec0df87e0605a22d27b7500fbea872960af","18488660","1756312959","2025-08-27 23:42:39","0x0000000000000000000000000000000000000000","0x2cfc85d8e48f8eab294be644d9e25c3030863003","5","N/A","0x9da2cc2d639dc963dc2ae49d0aa2b9d0608781b6","ERC-20: RobinHoodCoin","ROBIN"
"0xa2def618e3c6c341186c43023bf0c08735bff386c11f4ad182fea32bbd084bdb","18488718","1756313075","2025-08-27 23:44:35","0x0000000000000000000000000000000000000000","0x2cfc85d8e48f8eab294be644d9e25c3030863003","5","N/A","0x9da2cc2d639dc963dc2ae49d0aa2b9d0608781b6","ERC-20: RobinHoodCoin","ROBIN"
"0xc3ba33263fc7e5fc6888daebfa42a5813fbe3afa827e67b2872c70ddb91e2546","18494248","1756324135","2025-08-28 02:48:55","0x3cc38fa4a58c37e398671b6f8e4b1cd4ae543d47","0x2cfc85d8e48f8eab294be644d9e25c3030863003","0.397389","$0.38","0x2cfc85d8e48f8eab294be644d9e25c3030863003","Worldcoin","WLD"
"0x252edf2eebb95637d69887d7064e10e4bb057d98153eccdd43389e3c4272e63c","18501504","1756338647","2025-08-28 06:50:47","0x4e8482594450f95d1f1b34c523765f98efb353b5","0x2cfc85d8e48f8eab294be644d9e25c3030863003","0.000005586151719784","$0.00","0x2cfc85d8e48f8eab294be644d9e25c3030863003","Worldcoin","WLD"
"0xc2310fab9171898006746c91ba3ee9b94c3f7794114040e501e3330eae433456","18505615","1756346869","2025-08-28 09:07:49","0xd1b61e83b065598ccba41babfa2152c4bc7e6f68","0x2cfc85d8e48f8eab294be644d9e25c3030863003","3.03","$2.85","0x2cfc85d8e48f8eab294be644d9e25c3030863003","Worldcoin","WLD"
"0xcdbd1d93c75131249b521056f2f36e2b1c2b431378d49da8c63306d35064cf92","18509270","1756354179","2025-08-28 11:09:39","0x4403b40012cb2e296c36e23355bbda7aaff08488","0x2cfc85d8e48f8eab294be644d9e25c3030863003","3.220001","$3.03","0x2cfc85d8e48f8eab294be644d9e25c3030863003","Worldcoin","WLD"
"0x15d86e4879d79bf2f6dd44c5d3f0aa90095b1f12e7e45e7e60a0bc140aecc2f9","18516720","1756369079","2025-08-28 15:17:59","0x43222f934ea5c593a060a6d46772fdbdc2e2cff0","0x2cfc85d8e48f8eab294be644d9e25c3030863003","0.05114","$0.05","0x2cfc85d8e48f8eab294be644d9e25c3030863003","Worldcoin","WLD"
"0xe64749d294dc8994da3cc60a97d5964d990942094deed7f4ede612d38033e1be","18516818","1756369275","2025-08-28 15:21:15","0x8eb1537ea52fa90a5fc8db09237419f0476876ff","0x2cfc85d8e48f8eab294be644d9e25c3030863003","0.000699432179789159","$0.00","0x2cfc85d8e48f8eab294be644d9e25c3030863003","Worldcoin","WLD"
"0xb0f28e2d52d89bc2b5e4823430b2b7ca60707a56b830b4e66d7e3937d4279472","18521885","1756379409","2025-08-28 18:10:09","0x1756acbf7b4c21adae931edef717b282b8632d22","0x2cfc85d8e48f8eab294be644d9e25c3030863003","3.297768","$3.10","0x2cfc85d8e48f8eab294be644d9e25c3030863003","Worldcoin","WLD"
"0xbc34b252878d00399694ad60a9e6c321f8e33e223153186443501ae0a8bf8d45","18525686","1756387011","2025-08-28 20:16:51","0x3cc38fa4a58c37e398671b6f8e4b1cd4ae543d47","0x2cfc85d8e48f8eab294be644d9e25c3030863003","0.195869","$0.18","0x2cfc85d8e48f8eab294be644d9e25c3030863003","Worldcoin","WLD"
"0x8f4b023bc8ce8d4fa11ae0ee9eaf9e8d5c518310a4d6b4bd807113151d840ea4","18528014","1756391667","2025-08-28 21:34:27","0x0000000000000000000000000000000000000000","0x2cfc85d8e48f8eab294be644d9e25c3030863003","50","N/A","0x37cff256e4aed256493060669a04b59d87d509d1","ERC-20: XDogeCoin","XDoge"
"0xe9fef89efb771a999f97e9cec2d805975033540c7fbfca02c938f4fd674f0b20","18528467","1756392573","2025-08-28 21:49:33","0x0000000000000000000000000000000000000000","0x2cfc85d8e48f8eab294be644d9e25c3030863003","50","N/A","0x37cff256e4aed256493060669a04b59d87d509d1","ERC-20: XDogeCoin","XDoge"
"0x522328df697dcae64e08ef1b8c379497e19c1c31a90b66dfc3335b42219aa4d9","18528764","1756393167","2025-08-28 21:59:27","0x0000000000000000000000000000000000000000","0x2cfc85d8e48f8eab294be644d9e25c3030863003","50","N/A","0x37cff256e4aed256493060669a04b59d87d509d1","ERC-20: XDogeCoin","XDoge"
"0x8701da4680c159b5e29f1332ce7b7f025a6814613a4c7a7d93b3778dd9b77713","18528792","1756393223","2025-08-28 22:00:23","0x0000000000000000000000000000000000000000","0x2cfc85d8e48f8eab294be644d9e25c3030863003","50","N/A","0x37cff256e4aed256493060669a04b59d87d509d1","ERC-20: XDogeCoin","XDoge"
"0xe123b2834b36aa9183556352ef6b3de9c83c26021e590118dd9a8b7aadc9712e","18528808","1756393255","2025-08-28 22:00:55","0x0000000000000000000000000000000000000000","0x2cfc85d8e48f8eab294be644d9e25c3030863003","50","N/A","0x37cff256e4aed256493060669a04b59d87d509d1","ERC-20: XDogeCoin","XDoge"
"0x53aaededcb57ffd49bc3006233ab8b9554ac1c62c1739b926c0985b01c9bc72d","18528833","1756393305","2025-08-28 22:01:45","0x0000000000000000000000000000000000000000","0x2cfc85d8e48f8eab294be644d9e25c3030863003","50","N/A","0x37cff256e4aed256493060669a04b59d87d509d1","ERC-20: XDogeCoin","XDoge"
"0xd6b6b8510c01b1e8d807650d2ee83bce2bd8067264ba2172765c6584596a3020","18528848","1756393335","2025-08-28 22:02:15","0x0000000000000000000000000000000000000000","0x2cfc85d8e48f8eab294be644d9e25c3030863003","50","N/A","0x37cff256e4aed256493060669a04b59d87d509d1","ERC-20: XDogeCoin","XDoge"
"0xbf3cd55b3b792da6b5800bed7f6ff2e203c51a3ff55e63d95b47e7e9017a21e4","18528860","1756393359","2025-08-28 22:02:39","0x0000000000000000000000000000000000000000","0x2cfc85d8e48f8eab294be644d9e25c3030863003","50","N/A","0x37cff256e4aed256493060669a04b59d87d509d1","ERC-20: XDogeCoin","XDoge"
"0x9be8ae8fb4fd8731f4789af5698605f9eccd7ae6d2791bed652b874237f223e5","18528875","1756393389","2025-08-28 22:03:09","0x0000000000000000000000000000000000000000","0x2cfc85d8e48f8eab294be644d9e25c3030863003","50","N/A","0x37cff256e4aed256493060669a04b59d87d509d1","ERC-20: XDogeCoin","XDoge"
"0x48b08e792b9c127b313c95407d5f48b741cc4d5ad31f2d8b253b1ba8889869e3","18528888","1756393415","2025-08-28 22:03:35","0x0000000000000000000000000000000000000000","0x2cfc85d8e48f8eab294be644d9e25c3030863003","50","N/A","0x37cff256e4aed256493060669a04b59d87d509d1","ERC-20: XDogeCoin","XDoge"
"0x228573a7670fac2e0001634db2301454669cee49faf673e32e36e9867af28d24","18528899","1756393437","2025-08-28 22:03:57","0x0000000000000000000000000000000000000000","0x2cfc85d8e48f8eab294be644d9e25c3030863003","50","N/A","0x37cff256e4aed256493060669a04b59d87d509d1","ERC-20: XDogeCoin","XDoge"
"0x91847ab82e1941e5ce48b527628cc37a87d62f7450446c93fadf2646cee88018","18528914","1756393467","2025-08-28 22:04:27","0x0000000000000000000000000000000000000000","0x2cfc85d8e48f8eab294be644d9e25c3030863003","50","N/A","0x37cff256e4aed256493060669a04b59d87d509d1","ERC-20: XDogeCoin","XDoge"
"0xf14a12d95fccb6e1653509d6a3446f1036de00e93bd0c96083c464407c840566","18528927","1756393493","2025-08-28 22:04:53","0x0000000000000000000000000000000000000000","0x2cfc85d8e48f8eab294be644d9e25c3030863003","50","N/A","0x37cff256e4aed256493060669a04b59d87d509d1","ERC-20: XDogeCoin","XDoge"
"0xee8b6339f5d0a1735f911be9a326492a2417769fe8e913f3161c35f1dee5650c","18528937","1756393513","2025-08-28 22:05:13","0x0000000000000000000000000000000000000000","0x2cfc85d8e48f8eab294be644d9e25c3030863003","50","N/A","0x37cff256e4aed256493060669a04b59d87d509d1","ERC-20: XDogeCoin","XDoge"
"0x813dc652de34ac6c9d86a97ccc5f27a22fa5e9e431c5bdf058183e55c50ec1ad","18528950","1756393539","2025-08-28 22:05:39","0x0000000000000000000000000000000000000000","0x2cfc85d8e48f8eab294be644d9e25c3030863003","50","N/A","0x37cff256e4aed256493060669a04b59d87d509d1","ERC-20: XDogeCoin","XDoge"
"0x12616b8480260b120325367562f2a59ea76aa460ba34e8272a2352deae09506a","18528959","1756393557","2025-08-28 22:05:57","0x0000000000000000000000000000000000000000","0x2cfc85d8e48f8eab294be644d9e25c3030863003","50","N/A","0x37cff256e4aed256493060669a04b59d87d509d1","ERC-20: XDogeCoin","XDoge"
"0x78a46ee762e746d23d9062079b175695725988ab472e35085137440ce2ba087f","18528997","1756393633","2025-08-28 22:07:13","0x0000000000000000000000000000000000000000","0x2cfc85d8e48f8eab294be644d9e25c3030863003","50","N/A","0x37cff256e4aed256493060669a04b59d87d509d1","ERC-20: XDogeCoin","XDoge"
"0xcea2391d0eb826eb731c8e13957a0aeecd7bb3f4b488973ab6fcbb82a24a8730","18529533","1756394705","2025-08-28 22:25:05","0x0000000000000000000000000000000000000000","0x2cfc85d8e48f8eab294be644d9e25c3030863003","50","N/A","0x37cff256e4aed256493060669a04b59d87d509d1","ERC-20: XDogeCoin","XDoge"
"0xf9bc0281ba8bab910c68900cd46de789736e1acff1b41c7c01967feedb5ddb70","18529552","1756394743","2025-08-28 22:25:43","0x0000000000000000000000000000000000000000","0x2cfc85d8e48f8eab294be644d9e25c3030863003","50","N/A","0x37cff256e4aed256493060669a04b59d87d509d1","ERC-20: XDogeCoin","XDoge"
"0xd9e8b44dc7cc695855fd998df3694c418d25a338116b26c87434ee52ba9d453d","18529749","1756395137","2025-08-28 22:32:17","0x0000000000000000000000000000000000000000","0x2cfc85d8e48f8eab294be644d9e25c3030863003","50","N/A","0x37cff256e4aed256493060669a04b59d87d509d1","ERC-20: XDogeCoin","XDoge"
"0x8adb4b5c9cfaea71a57bb1dad26a6eaed3a63e8121bac3faafd73b9015b5022f","18530058","1756395755","2025-08-28 22:42:35","0x0000000000000000000000000000000000000000","0x2cfc85d8e48f8eab294be644d9e25c3030863003","50","N/A","0x37cff256e4aed256493060669a04b59d87d509d1","ERC-20: XDogeCoin","XDoge"
"0xbd198087c883f0aafc98e85c0538ee5be0a6f19da8569059b358de2dd278ed31","18530067","1756395773","2025-08-28 22:42:53","0x0000000000000000000000000000000000000000","0x2cfc85d8e48f8eab294be644d9e25c3030863003","50","N/A","0x37cff256e4aed256493060669a04b59d87d509d1","ERC-20: XDogeCoin","XDoge"
"0x979f3fa96cbb8b059420f354062e6a70819d7544ec1ecaf5efa23c123a86519f","18530425","1756396489","2025-08-28 22:54:49","0x0000000000000000000000000000000000000000","0x2cfc85d8e48f8eab294be644d9e25c3030863003","50","N/A","0x37cff256e4aed256493060669a04b59d87d509d1","ERC-20: XDogeCoin","XDoge"
"0x0c690991ded62657d633c5462cc43ee4e617800fc39866fa2389447bbaa621cd","18530572","1756396783","2025-08-28 22:59:43","0x0000000000000000000000000000000000000000","0x2cfc85d8e48f8eab294be644d9e25c3030863003","50","N/A","0x37cff256e4aed256493060669a04b59d87d509d1","ERC-20: XDogeCoin","XDoge"
"0xbf6dbbf1cc64481a64b75e2fb7dea3514c9cb36b22463d0b116370fac33d212a","18533001","1756401641","2025-08-29 00:20:41","0xf5446a8c17b485f29e81f0b8802c5a89e92f3820","0x2cfc85d8e48f8eab294be644d9e25c3030863003","3.242406","$3.05","0x2cfc85d8e48f8eab294be644d9e25c3030863003","Worldcoin","WLD"
"0x1ae24db6cecce744782732bd265e55a997e55f5ab5137a9d9d09d7470510dfe5","18538952","1756413543","2025-08-29 03:39:03","0x74d9d448be0f93f11569f01bb12f65d228a848c2","0x2cfc85d8e48f8eab294be644d9e25c3030863003","3.260024","$3.06","0x2cfc85d8e48f8eab294be644d9e25c3030863003","Worldcoin","WLD"
"0x6b96d4e82ff9d2d1427c96b8d7f0e0ebe8cd528e75de6c9c2f87b1fed52a52da","18543405","1756422449","2025-08-29 06:07:29","0x3dc4cd5543590ca9141c94d8de0ce065f33de301","0x2cfc85d8e48f8eab294be644d9e25c3030863003","0.000128355531225682","N/A","0xede54d9c024ee80c85ec0a75ed2d8774c7fbac9b","ERC-20: Drachma","WDD"
"0xc9c9f8ed1586117d034951e1e163a2af68f407eddf0017b0f885233025651ce8","18548272","1756432183","2025-08-29 08:49:43","0x2f1ebf616744ec4af1b5e481faf547c211b58f80","0x2cfc85d8e48f8eab294be644d9e25c3030863003","0","N/A","0xf3f92a60e6004f3982f0fde0d43602fc0a30a0db","ERC-20: Orb","ORB"
"0x5b3383dfb61676a3a4ec6d848b5a4e13abf2e8a0b4a087ae09d1ab16a5e1334a","18552226","1756440091","2025-08-29 11:01:31","0xca57e86e9ebb9b32fcb5f01fa310f2dde323d520","0x2cfc85d8e48f8eab294be644d9e25c3030863003","9.621747454447893575","N/A","0xcd1e32b86953d79a6ac58e813d2ea7a1790cab63","ERC-20: ORO","ORO"
"0xec3cddeba7e9d25a69530877e7bf6f46575519a17fd6aa9414b50eb71f8cc795","18552623","1756440885","2025-08-29 11:14:45","0x11509b98098589557ed0d5b2701bad2f414970b6","0x2cfc85d8e48f8eab294be644d9e25c3030863003","0.074816","$0.07","0x79a02482a880bce3f13e09da970dc34db4cd24d1","USDC","USDC"
"0x58f4a6b594fab813955cd1bb5db9b4668285ec8c2fcc29a0eeec9748272033ce","18552648","1756440935","2025-08-29 11:15:35","0x11509b98098589557ed0d5b2701bad2f414970b6","0x2cfc85d8e48f8eab294be644d9e25c3030863003","0.000000000000000002","N/A","0xd469fda5d9522a093760902e9be51e0c5d822d26","ERC-20: Human Unique Bridge","HUB"
"0x7a1d19636647dd49519d22bfbb5cfe37ec698995121475c1e6916e1ebd1217a6","18553173","1756441985","2025-08-29 11:33:05","0x11509b98098589557ed0d5b2701bad2f414970b6","0x2cfc85d8e48f8eab294be644d9e25c3030863003","3.537996872833160069","N/A","0xed49fe44fd4249a09843c2ba4bba7e50beca7113","DNAToken","DNA"
"0x37970869eb5e874ddc471897ce8768708aeadcb6d631da67e5edcb10fb008165","18554543","1756444725","2025-08-29 12:18:45","0xecdc45cdbac992ef907152ae93df6e33973aa951","0x2cfc85d8e48f8eab294be644d9e25c3030863003","1","N/A","0x41311f9d68c10ca204db6bdf88ffabafe206de4e","ERC-20: Sugar Rush Token","SRT"
"0xe73a414186c74ba4161b830c19bd3581ca1d6626c94d93c12496bf463076dd42","18563044","1756461727","2025-08-29 17:02:07","0x3387ff8333e4ba485078f9b63b963a116c2eed8b","0x2cfc85d8e48f8eab294be644d9e25c3030863003","0","N/A","0xf3f92a60e6004f3982f0fde0d43602fc0a30a0db","ERC-20: Orb","ORB"
"0x45f79f40d16e7dea03ae9a2efc0a59320919ab2e4e646846f8f37b8e342a19e3","18571805","1756479249","2025-08-29 21:54:09","0x2a1f31ea71db028082d16eb88ff8a2fe6de783be","0x2cfc85d8e48f8eab294be644d9e25c3030863003","1,531.152970493166015432","N/A","0xed49fe44fd4249a09843c2ba4bba7e50beca7113","DNAToken","DNA"
"0xc4eedb7bcb70da175927a7b36043106546e580797a8ac86e33439874703716e6","18572801","1756481241","2025-08-29 22:27:21","0x0000000000000000000000000000000000000000","0x2cfc85d8e48f8eab294be644d9e25c3030863003","50","N/A","0x37cff256e4aed256493060669a04b59d87d509d1","ERC-20: XDogeCoin","XDoge"
"0xf0a24964bb4b9d499274f7dd596e3f81c783c7b357ca3e089287e01a8726c775","18573506","1756482651","2025-08-29 22:50:51","0x0000000000000000000000000000000000000000","0x2cfc85d8e48f8eab294be644d9e25c3030863003","50","N/A","0x37cff256e4aed256493060669a04b59d87d509d1","ERC-20: XDogeCoin","XDoge"
"0x9f4cb60a5cb5e2f8c546c57cc9bda4b3b34d1e394915d4d59f4a365065f0adf5","18574804","1756485247","2025-08-29 23:34:07","0x0000000000000000000000000000000000000000","0x2cfc85d8e48f8eab294be644d9e25c3030863003","2","N/A","0x9da2cc2d639dc963dc2ae49d0aa2b9d0608781b6","ERC-20: RobinHoodCoin","ROBIN"
"0x640c02094f195c6af20badfb4fa8155be7ebe9ca2ee9a74d88dab38de5e78f47","18575355","1756486349","2025-08-29 23:52:29","0x0000000000000000000000000000000000000000","0x2cfc85d8e48f8eab294be644d9e25c3030863003","2","N/A","0x93707efc7cf466a272bdb66178a6e64f61ea7db6","ERC-20: SatoshiClubCoin","SATOSHI"
"0x8953d7a6ea5af13bdb357d253cccae69f1cb17a9a88c03a8ca9dcf8eecd4dc97","18576392","1756488423","2025-08-30 00:27:03","0x0000000000000000000000000000000000000000","0x2cfc85d8e48f8eab294be644d9e25c3030863003","2","N/A","0x93707efc7cf466a272bdb66178a6e64f61ea7db6","ERC-20: SatoshiClubCoin","SATOSHI"
"0xe796a22b7be4683e4efabe5453ce831d10740ea07363499b8852a3e72b1ea168","18576621","1756488881","2025-08-30 00:34:41","0x0000000000000000000000000000000000000000","0x2cfc85d8e48f8eab294be644d9e25c3030863003","2","N/A","0x93707efc7cf466a272bdb66178a6e64f61ea7db6","ERC-20: SatoshiClubCoin","SATOSHI"
"0x8ca22936442e22069632552de598f9f71539d0ce13b870cdd0f0cb61b7e1e79e","18577710","1756491059","2025-08-30 01:10:59","0x7b15c761580d2eebd92f736d51416e0bbf860108","0x2cfc85d8e48f8eab294be644d9e25c3030863003","0.001","$0.00","0x2cfc85d8e48f8eab294be644d9e25c3030863003","Worldcoin","WLD"
"0x72baa7e068a60c722c36a2b7bfd3ccc61c5998dff50074209d7ba3f04ed689f7","18579114","1756493867","2025-08-30 01:57:47","0xecdc45cdbac992ef907152ae93df6e33973aa951","0x2cfc85d8e48f8eab294be644d9e25c3030863003","10","N/A","0x41311f9d68c10ca204db6bdf88ffabafe206de4e","ERC-20: Sugar Rush Token","SRT"
"0xb26131bd5e830b45ea6b3d8bbc557df381b9666286fb2455fdb6577c9411c706","18583432","1756502503","2025-08-30 04:21:43","0x669e54364a08681b52c941590df74ee42c7cdf42","0x2cfc85d8e48f8eab294be644d9e25c3030863003","3.225715","$3.10","0x2cfc85d8e48f8eab294be644d9e25c3030863003","Worldcoin","WLD"
"0xc7eb3b5fab1f027f64ebfd67296e29621e721e01424d83794ce2eeb1b9d228b9","18587492","1756510623","2025-08-30 06:37:03","0xc1578af2b484f5a756c786f25b2252781b51c9ac","0x2cfc85d8e48f8eab294be644d9e25c3030863003","10","N/A","0xa3502e3348b549ba45af8726ee316b490f308ddc","ERC-20: NexGold","NXG"
"0x8bb2292eebb4d635871ada6dedb2dde6aa44d54d60cf4d9eb312dc4aa5102aec","18590362","1756516363","2025-08-30 08:12:43","0xd39fbc30ef930d9aa07eef428b7eca9c322bde1c","0x2cfc85d8e48f8eab294be644d9e25c3030863003","50","N/A","0x717ef2955c812a1dec5bc4d3f90721445bfd6839","ERC-20: Dal","DAL"
"0xa0bb1e6ce24a0b6e433ae0a8cdc478f4e81e651b64c4b5af02822ab993f2de55","18592337","1756520313","2025-08-30 09:18:33","0x7aca7afda78884fe0a58fb8b3988b9f93f963950","0x2cfc85d8e48f8eab294be644d9e25c3030863003","5.0058","N/A","0xede54d9c024ee80c85ec0a75ed2d8774c7fbac9b","ERC-20: Drachma","WDD"
"0xc4644c5d80aa33c7d6d6bc6457d08ba3b1fce20f61a6937556959cf137dea426","18594320","1756524279","2025-08-30 10:24:39","0x6654a8195fe3857c89bd646f391fce1decc717cd","0x2cfc85d8e48f8eab294be644d9e25c3030863003","708.326286242739515028","N/A","0xed49fe44fd4249a09843c2ba4bba7e50beca7113","DNAToken","DNA"
"0xc718e22a5825eda08c1e4c359e8f91f667ec6b343e8b4b52e32585687b763998","18603013","1756541665","2025-08-30 15:14:25","0x4a789d9757a9c3bbfa7e271cf5039d508cd6f2e3","0x2cfc85d8e48f8eab294be644d9e25c3030863003","25","N/A","0x777d7605472f41ace66a0193df1e89366b2a75ec","ERC-20: Destinity Will Door","DWD"
"0xdb668a80d4cbf493d0b72c7b602942d9d57894482c4cb5b4e2dbdf364925a3aa","18608472","1756552583","2025-08-30 18:16:23","0x8eb1537ea52fa90a5fc8db09237419f0476876ff","0x2cfc85d8e48f8eab294be644d9e25c3030863003","0.030959368245611792","$0.03","0x2cfc85d8e48f8eab294be644d9e25c3030863003","Worldcoin","WLD"
"0x717885ed93f109e7ef033db9f9055e1d55f10a9047be1458862773954959e27b","18608527","1756552693","2025-08-30 18:18:13","0x8eb1537ea52fa90a5fc8db09237419f0476876ff","0x2cfc85d8e48f8eab294be644d9e25c3030863003","0.03656399568591273","$0.03","0x2cfc85d8e48f8eab294be644d9e25c3030863003","Worldcoin","WLD"
"0xa0203e73a3a5cc2abe542f42c934b3e3b365a3b9501e28ee7911557477761654","18619284","1756574207","2025-08-31 00:16:47","0x0000000000000000000000000000000000000000","0x2cfc85d8e48f8eab294be644d9e25c3030863003","5","N/A","0xa1f70fbc0ccb017f0c2e10cd4581c543082fcdcc","ERC-20: Pizzacoin","PIZZA"
"0xbea0a57d8523377a84e3b4959a4851a0a7e92a2c1593737e63068f22e3733502","18619648","1756574935","2025-08-31 00:28:55","0x0000000000000000000000000000000000000000","0x2cfc85d8e48f8eab294be644d9e25c3030863003","5","N/A","0xa1f70fbc0ccb017f0c2e10cd4581c543082fcdcc","ERC-20: Pizzacoin","PIZZA"
"0xf13e6e45e2a7e355b544a1e667abae5289e825d7d9d33dacaa339a88c36c743e","18619820","1756575279","2025-08-31 00:34:39","0x0000000000000000000000000000000000000000","0x2cfc85d8e48f8eab294be644d9e25c3030863003","5","N/A","0xa1f70fbc0ccb017f0c2e10cd4581c543082fcdcc","ERC-20: Pizzacoin","PIZZA"
"0x9a32bbcd8ae2d1c1f3d3ad435f23089cd6b2bed393f154e354a037c83eedc165","18619967","1756575573","2025-08-31 00:39:33","0xece733a70ff7f8e08ce58455dd72fdf326920e1b","0x2cfc85d8e48f8eab294be644d9e25c3030863003","100","N/A","0x717ef2955c812a1dec5bc4d3f90721445bfd6839","ERC-20: Dal","DAL"
"0x7db4eea0cfcd361c057067b0426ae4ff69fcfa87ebc9382870eb6f64c662be7a","18620244","1756576127","2025-08-31 00:48:47","0x0000000000000000000000000000000000000000","0x2cfc85d8e48f8eab294be644d9e25c3030863003","5","N/A","0xa1f70fbc0ccb017f0c2e10cd4581c543082fcdcc","ERC-20: Pizzacoin","PIZZA"
"0x74d01f341f17e569b1a9655094aaa2b7b7bf00362878a5f76d6a907084fa9519","18620441","1756576521","2025-08-31 00:55:21","0x0000000000000000000000000000000000000000","0x2cfc85d8e48f8eab294be644d9e25c3030863003","5","N/A","0xa1f70fbc0ccb017f0c2e10cd4581c543082fcdcc","ERC-20: Pizzacoin","PIZZA"
"0xa151498853f844277cb5ee2887cc17dbbf9916cfcc4042edabb98135917fdfe2","18620477","1756576593","2025-08-31 00:56:33","0x0000000000000000000000000000000000000000","0x2cfc85d8e48f8eab294be644d9e25c3030863003","5","N/A","0xa1f70fbc0ccb017f0c2e10cd4581c543082fcdcc","ERC-20: Pizzacoin","PIZZA"
"0xcc8f692b4329a84646c2c662b2989dc4cd75b4eec51068296fd68df4e5b5dc03","18620607","1756576853","2025-08-31 01:00:53","0x0000000000000000000000000000000000000000","0x2cfc85d8e48f8eab294be644d9e25c3030863003","5","N/A","0xa1f70fbc0ccb017f0c2e10cd4581c543082fcdcc","ERC-20: Pizzacoin","PIZZA"
"0xb1aeb3788e89eeb6222e38d97a74bf18cb9acebc95a2f7c18af5e04f573b5276","18620639","1756576917","2025-08-31 01:01:57","0x0000000000000000000000000000000000000000","0x2cfc85d8e48f8eab294be644d9e25c3030863003","5","N/A","0xa1f70fbc0ccb017f0c2e10cd4581c543082fcdcc","ERC-20: Pizzacoin","PIZZA"
"0x1cf21a0ae6070944a26107f21f989bc0bc3bd54b0f2bfd072fb6ec988dcb0d5a","18620780","1756577199","2025-08-31 01:06:39","0x0000000000000000000000000000000000000000","0x2cfc85d8e48f8eab294be644d9e25c3030863003","5","N/A","0xa1f70fbc0ccb017f0c2e10cd4581c543082fcdcc","ERC-20: Pizzacoin","PIZZA"
"0x8d7b4b7cce497cd004677785010cafb08a2bf8dd93cd863c78a630ae33bcaf7c","18620818","1756577275","2025-08-31 01:07:55","0x0000000000000000000000000000000000000000","0x2cfc85d8e48f8eab294be644d9e25c3030863003","5","N/A","0xa1f70fbc0ccb017f0c2e10cd4581c543082fcdcc","ERC-20: Pizzacoin","PIZZA"
"0x444e9b5a491fd62bd96211430ca26ce009bfd60d15055930b08d160f626d0efc","18621001","1756577641","2025-08-31 01:14:01","0x0000000000000000000000000000000000000000","0x2cfc85d8e48f8eab294be644d9e25c3030863003","5","N/A","0xa1f70fbc0ccb017f0c2e10cd4581c543082fcdcc","ERC-20: Pizzacoin","PIZZA"
"0x2f85e7db705d35ec9210913419d94326d9dc47985ee4831326c2ec4550c61909","18621097","1756577833","2025-08-31 01:17:13","0x0000000000000000000000000000000000000000","0x2cfc85d8e48f8eab294be644d9e25c3030863003","5","N/A","0xa1f70fbc0ccb017f0c2e10cd4581c543082fcdcc","ERC-20: Pizzacoin","PIZZA"
"0x16b7c59b8fd235c35428fd5ba844ebea4f098c9ec03ff4187627e135ef525e2f","18621111","1756577861","2025-08-31 01:17:41","0x0000000000000000000000000000000000000000","0x2cfc85d8e48f8eab294be644d9e25c3030863003","5","N/A","0xa1f70fbc0ccb017f0c2e10cd4581c543082fcdcc","ERC-20: Pizzacoin","PIZZA"
"0xf09cbf89d485467931c9a8ec67f7de2aa6aed159e2a01a163fcf75185e803d0d","18621287","1756578213","2025-08-31 01:23:33","0x0000000000000000000000000000000000000000","0x2cfc85d8e48f8eab294be644d9e25c3030863003","5","N/A","0xa1f70fbc0ccb017f0c2e10cd4581c543082fcdcc","ERC-20: Pizzacoin","PIZZA"
"0xd99e9236cc167c0497d805f8b6b97a284260e71c90facdc6025ae666552f5980","18621348","1756578335","2025-08-31 01:25:35","0x0000000000000000000000000000000000000000","0x2cfc85d8e48f8eab294be644d9e25c3030863003","5","N/A","0xa1f70fbc0ccb017f0c2e10cd4581c543082fcdcc","ERC-20: Pizzacoin","PIZZA"
"0x6a6b79ce08372a0a0967902b69abc90e02c3ecc6f8d71354e09fb47a4282e521","18624181","1756584001","2025-08-31 03:00:01","0x0000000000000000000000000000000000000000","0x2cfc85d8e48f8eab294be644d9e25c3030863003","2","N/A","0x93707efc7cf466a272bdb66178a6e64f61ea7db6","ERC-20: SatoshiClubCoin","SATOSHI"
"0xb92e975f09f46114f434841e0b8451a762a5bbc97d17e5c49b96536e3c98b094","18624482","1756584603","2025-08-31 03:10:03","0x0000000000000000000000000000000000000000","0x2cfc85d8e48f8eab294be644d9e25c3030863003","5","N/A","0xa1f70fbc0ccb017f0c2e10cd4581c543082fcdcc","ERC-20: Pizzacoin","PIZZA"
"0x65db132afa72188e62d6c0a1599fed78ca92f69a565a96a09e7937aaf7f1b7fc","18627147","1756589933","2025-08-31 04:38:53","0x43222f934ea5c593a060a6d46772fdbdc2e2cff0","0x2cfc85d8e48f8eab294be644d9e25c3030863003","0.02835","$0.03","0x79a02482a880bce3f13e09da970dc34db4cd24d1","USDC","USDC"
"0x4f35ccc1cc32aab9279932765ae3771f01a55feda20f1d3e3d0efa63fb8dc783","18633382","1756602403","2025-08-31 08:06:43","0x5321d0a4bc1b3bcc1a876732c709054b51624795","0x2cfc85d8e48f8eab294be644d9e25c3030863003","0","N/A","0x717ef2955c812a1dec5bc4d3f90721445bfd6839","ERC-20: Dal","DAL"
"0x1540589def56a9e169d7e2c8a3bdd571d57558522159676ea630eabe3d07a748","18633401","1756602441","2025-08-31 08:07:21","0x14fa6d255da483c74054f5a05419eb61dba1df91","0x2cfc85d8e48f8eab294be644d9e25c3030863003","3","$2.70","0x2cfc85d8e48f8eab294be644d9e25c3030863003","Worldcoin","WLD"
"0x668cb121916de64e50c350cb0c69854bf4df0fa889cb54631756b0e7e34333f5","18633406","1756602451","2025-08-31 08:07:31","0x5321d0a4bc1b3bcc1a876732c709054b51624795","0x2cfc85d8e48f8eab294be644d9e25c3030863003","50","N/A","0x717ef2955c812a1dec5bc4d3f90721445bfd6839","ERC-20: Dal","DAL"
"0xc62792b917b3280307fb903fde283f574538966e593e184602f10005211a4ccc","18637295","1756610229","2025-08-31 10:17:09","0xb1684e357ffd4ca05ff661c4b5a86625b2e68ecf","0x2cfc85d8e48f8eab294be644d9e25c3030863003","0","N/A","0x717ef2955c812a1dec5bc4d3f90721445bfd6839","ERC-20: Dal","DAL"
"0x2b4c66a84fcc75ef9b9dc20f0472369f0934361bf6ba212065d9bcb8b8e275cd","18646382","1756628403","2025-08-31 15:20:03","0x43222f934ea5c593a060a6d46772fdbdc2e2cff0","0x2cfc85d8e48f8eab294be644d9e25c3030863003","0.03124","$0.03","0x2cfc85d8e48f8eab294be644d9e25c3030863003","Worldcoin","WLD"
"0xcdae149ff20a755dc8f52e279819d23b465536c97e64e598f6a0b2a557617e6c","18646477","1756628593","2025-08-31 15:23:13","0x8eb1537ea52fa90a5fc8db09237419f0476876ff","0x2cfc85d8e48f8eab294be644d9e25c3030863003","0.000817353714645642","$0.00","0x2cfc85d8e48f8eab294be644d9e25c3030863003","Worldcoin","WLD"
"0x074a1a492ea98f83382365fedebad814dcb1c6fa921ed6da755b39722d8fb389","18646514","1756628667","2025-08-31 15:24:27","0x8eb1537ea52fa90a5fc8db09237419f0476876ff","0x2cfc85d8e48f8eab294be644d9e25c3030863003","0.000036864850803672","$0.00","0x2cfc85d8e48f8eab294be644d9e25c3030863003","Worldcoin","WLD"
"0x61a9e661d022dfdd5cbc1f6695f72cae4a98d9dcbff564caa46308dd86f90a22","18659948","1756655535","2025-08-31 22:52:15","0x43222f934ea5c593a060a6d46772fdbdc2e2cff0","0x2cfc85d8e48f8eab294be644d9e25c3030863003","30","N/A","0x91c635b91989196640b1b4a16328f61352ef9a38","ERC-20: WhiteCoin","WTC"
"0x36ed41fb7c64f758daada2d401822614061feb067516a3eb788925ac467a9045","18659978","1756655595","2025-08-31 22:53:15","0x43222f934ea5c593a060a6d46772fdbdc2e2cff0","0x2cfc85d8e48f8eab294be644d9e25c3030863003","1","N/A","0xcd1e32b86953d79a6ac58e813d2ea7a1790cab63","ERC-20: ORO","ORO"
"0x612e54ec5550690a660501b5a0adeeaaddf63b9d0f1a96134d1270577fdecaba","18661124","1756657887","2025-08-31 23:31:27","0x48e4ad985222c6c586e47cb2f57b204de8802063","0x2cfc85d8e48f8eab294be644d9e25c3030863003","10","N/A","0x735cf44b6c2f3ee0f9cc8e5bd05604dfbb40325a","ERC-20: FIT","FIT"
"0x5ffd1df46107ed5b3dc52b7f04101aaddbe36e8a28167796dfad2e70e51bc49f","18668727","1756673093","2025-09-01 03:44:53","0x2def658c39380b268cadc68c47c80f4ddc0fb913","0x2cfc85d8e48f8eab294be644d9e25c3030863003","0.01","$0.01","0x2cfc85d8e48f8eab294be644d9e25c3030863003","Worldcoin","WLD"
"0x69f4d66e167ba368840c37103e5f7ad7c5f8c21c2fd9c24aed8351d5ff588c44","18677162","1756689963","2025-09-01 08:26:03","0x83588e4657422d37d1e165646727e8151caecc45","0x2cfc85d8e48f8eab294be644d9e25c3030863003","0","$0.00","0x2cfc85d8e48f8eab294be644d9e25c3030863003","Worldcoin","WLD"
"0x792985fb95a6d1498c4bf913716db3c8a48804fbec622d0d43ecf78abc29f462","18677278","1756690195","2025-09-01 08:29:55","0x83588e4657422d37d1e165646727e8151caecc45","0x2cfc85d8e48f8eab294be644d9e25c3030863003","0","$0.00","0x2cfc85d8e48f8eab294be644d9e25c3030863003","Worldcoin","WLD"
"0x80afb545958c01b2fc3447496012019ffa46a9078c7ffd4a3b5a91de0765b91d","18679226","1756694091","2025-09-01 09:34:51","0x0d221d6cdce61986df7484f373d26a1d40d6479c","0x2cfc85d8e48f8eab294be644d9e25c3030863003","0.201519","$0.18","0x2cfc85d8e48f8eab294be644d9e25c3030863003","Worldcoin","WLD"
"0x92ac47c83b49b75d02b78eed07cb03705138c4ffc6abc465c57d24ebd8d7050c","18682899","1756701437","2025-09-01 11:37:17","0x62744d7b8c814f9f00d89788c2e0baf70d96b199","0x2cfc85d8e48f8eab294be644d9e25c3030863003","7.311226","$7.31","0x79a02482a880bce3f13e09da970dc34db4cd24d1","USDC","USDC"
"0xa48020a9c24ab020b27f25116987254dbe5c0f5390fe8fe64cd782b1e71c947c","18702250","1756740139","2025-09-01 22:22:19","0x59166b5e867a51d848c40d146e2f5e27dcb14d42","0x2cfc85d8e48f8eab294be644d9e25c3030863003","5.780024","$5.16","0x2cfc85d8e48f8eab294be644d9e25c3030863003","Worldcoin","WLD"
"0x31b83309af0f2e8ba5080e77ddc4c01aacfaff148f0817dc1d1a7bf787330793","18710902","1756757443","2025-09-02 03:10:43","0x7af76d1bf324a786911e1ee91cf4bf417b2ffcfc","0x2cfc85d8e48f8eab294be644d9e25c3030863003","986.186626239208606335","N/A","0xed49fe44fd4249a09843c2ba4bba7e50beca7113","DNAToken","DNA"
"0x28bb381b20ece25135a4391d7a414443e1bacc75f5e2c0826767fadccedb62fe","18713554","1756762747","2025-09-02 04:39:07","0x2bf2c697d457a986884d54f718af4bb2efb07e8c","0x2cfc85d8e48f8eab294be644d9e25c3030863003","0.000009566294900551","$0.00","0x2cfc85d8e48f8eab294be644d9e25c3030863003","Worldcoin","WLD"
"0xd5901ce2d2c4ab9c0c99aa34524f11fb4aaac6caf2b8158a53fadc568effde9a","18716678","1756768995","2025-09-02 06:23:15","0x0000000000000000000000000000000000000000","0x2cfc85d8e48f8eab294be644d9e25c3030863003","2","N/A","0x93707efc7cf466a272bdb66178a6e64f61ea7db6","ERC-20: SatoshiClubCoin","SATOSHI"
"0x37f1189d64f03cc5d13399574dbd7e8dc2ea70919441ebeadfec4fb6b941738c","18717300","1756770239","2025-09-02 06:43:59","0x10f7fe55d30c8615cb54b233fa55c9712b7690c6","0x2cfc85d8e48f8eab294be644d9e25c3030863003","19.8","N/A","0x9da2cc2d639dc963dc2ae49d0aa2b9d0608781b6","ERC-20: RobinHoodCoin","ROBIN"
"0x8ad91001ab86100fa2d9d57c6ac0f663888a98107e074e39b657f8f2af3a42ea","18717358","1756770355","2025-09-02 06:45:55","0x10f7fe55d30c8615cb54b233fa55c9712b7690c6","0x2cfc85d8e48f8eab294be644d9e25c3030863003","20","N/A","0xa1f70fbc0ccb017f0c2e10cd4581c543082fcdcc","ERC-20: Pizzacoin","PIZZA"
"0x4e336a212fb878220dd82b612dc9dec1981df918dd8d66a51647f84215d71100","18718667","1756772973","2025-09-02 07:29:33","0xee99a0fc731b51a05724fe8cc1a898184b16e32d","0x2cfc85d8e48f8eab294be644d9e25c3030863003","0","N/A","0xcd1e32b86953d79a6ac58e813d2ea7a1790cab63","ERC-20: ORO","ORO"
"0x2078ac664e863b738f832942fd7d6626840e00343b5daeb5e6002b36f10a8a54","18724017","1756783673","2025-09-02 10:27:53","0x200a4730c765f346ea11c4032a72ea4ab9d72591","0x2cfc85d8e48f8eab294be644d9e25c3030863003","0.186417","$0.16","0x2cfc85d8e48f8eab294be644d9e25c3030863003","Worldcoin","WLD"
"0xc008a4c8f1dc98656c1a25b70eaf0dfb4b7165b0b7c298910705fe21440bc798","18729564","1756794767","2025-09-02 13:32:47","0x9197d8c9b851dfc69582eca4735540191aa86e6c","0x2cfc85d8e48f8eab294be644d9e25c3030863003","13.045189142233703374","N/A","0xed49fe44fd4249a09843c2ba4bba7e50beca7113","DNAToken","DNA"
"0xcf92f75248c364a12ab817fc05709fb393b045125af05814ea7dbf26d8cee050","18733052","1756801743","2025-09-02 15:29:03","0x739b404af88cd72e56d0bea1b83a00d736fa5992","0x2cfc85d8e48f8eab294be644d9e25c3030863003","2.862297","N/A","0x2615a94df961278dcbc41fb0a54fec5f10a693ae","ERC-20: XRP (Universal)","uXRP"
"0xd95b355629672c5147a3bf3a55aad22ea201aeaa13f4d6320afbec10b891d6ec","18739510","1756814659","2025-09-02 19:04:19","0x45dbf86c20466cc32cb2bfe9858e327179b8f537","0x2cfc85d8e48f8eab294be644d9e25c3030863003","0.013358034131","$0.01","0x2cfc85d8e48f8eab294be644d9e25c3030863003","Worldcoin","WLD"
"0xc52b2515be3aa74a2f59b7e8b5aabf848a77ba1b5c80f87c25eac91784504dd6","18742164","1756819967","2025-09-02 20:32:47","0x43222f934ea5c593a060a6d46772fdbdc2e2cff0","0x2cfc85d8e48f8eab294be644d9e25c3030863003","0.06215","$0.05","0x2cfc85d8e48f8eab294be644d9e25c3030863003","Worldcoin","WLD"
"0x8f5b84f0f60bb3a3e393484ad2699784ca70d02c7b393631b4699effd9b67d3b","18743962","1756823563","2025-09-02 21:32:43","0xf91ebb45fdc7ca30277f4b18bc16db2174655d58","0x2cfc85d8e48f8eab294be644d9e25c3030863003","6.238898","$5.27","0x2cfc85d8e48f8eab294be644d9e25c3030863003","Worldcoin","WLD"
"0x58a0988bd7c3e1f82511f2204da07c924e99c856eba1aa1142c17fca4fdfd649","18745789","1756827217","2025-09-02 22:33:37","0x26360cceddc6a76cabd197bd7c90a016b345ab71","0x2cfc85d8e48f8eab294be644d9e25c3030863003","10,005.904677719332695905","N/A","0xed49fe44fd4249a09843c2ba4bba7e50beca7113","DNAToken","DNA"
"0x36cd5a06fd5f4e86af47f07214a63484de6a9227dc0630650248d2138c1f9520","18755243","1756846125","2025-09-03 03:48:45","0x8fbfe3415b3c49368ec36f8febb5b931a8d38b20","0x2cfc85d8e48f8eab294be644d9e25c3030863003","2.152162","$2.15","0x79a02482a880bce3f13e09da970dc34db4cd24d1","USDC","USDC"
"0xfdd64f873583c84b9da40943df7369e1096fd07ab12f88097927d0d50076e6bb","18757792","1756851223","2025-09-03 05:13:43","0xef19443f4056531d57c25f9a71a464c8b717782d","0x2cfc85d8e48f8eab294be644d9e25c3030863003","10.256349","$8.66","0x2cfc85d8e48f8eab294be644d9e25c3030863003","Worldcoin","WLD"
"0xd7521f6445d9cd5a082a79cf93a545858c10be0cf3399c09d1c8df66c900f602","18768148","1756871935","2025-09-03 10:58:55","0x43222f934ea5c593a060a6d46772fdbdc2e2cff0","0x2cfc85d8e48f8eab294be644d9e25c3030863003","3.17765","$2.82","0x2cfc85d8e48f8eab294be644d9e25c3030863003","Worldcoin","WLD"
"0x9dd56bf42772429050ad5c9495c5dc0fc0a29d0c08c47810fd65e37124e6bf69","18770421","1756876481","2025-09-03 12:14:41","0x43222f934ea5c593a060a6d46772fdbdc2e2cff0","0x2cfc85d8e48f8eab294be644d9e25c3030863003","2.56461","$2.28","0x2cfc85d8e48f8eab294be644d9e25c3030863003","Worldcoin","WLD"
"0x831cf0c95eaa5437240d0df19f8d4923913f8d4d4822899cba794ff98b9b14ef","18771498","1756878635","2025-09-03 12:50:35","0x43222f934ea5c593a060a6d46772fdbdc2e2cff0","0x2cfc85d8e48f8eab294be644d9e25c3030863003","0.22479","$0.20","0x2cfc85d8e48f8eab294be644d9e25c3030863003","Worldcoin","WLD"
"0x652ef75e6becb21d64df978852cb646519e97f76c6e44fffc53bd9f2d9793707","18787625","1756910889","2025-09-03 21:48:09","0xf0b27d1ae4fc1dcd3361a7d81f24831c51f311c7","0x2cfc85d8e48f8eab294be644d9e25c3030863003","6.448115","$5.73","0x2cfc85d8e48f8eab294be644d9e25c3030863003","Worldcoin","WLD"
"0xfb2ed46ccbe36fb173db7ab7324fda6de29d4fd6fb69998080ed58f72ad211b9","18800588","1756936815","2025-09-04 05:00:15","0xf9966e9bf7cc2cfb27fce162887968554deb7364","0x2cfc85d8e48f8eab294be644d9e25c3030863003","0.239539","$0.21","0x2cfc85d8e48f8eab294be644d9e25c3030863003","Worldcoin","WLD"
"0x1755ca0c9e9eb7bca784cce52ace10fc331d1dc513daaa25ddbc4862da50d845","18801287","1756938213","2025-09-04 05:23:33","0x0000000000000000000000000000000000000000","0x2cfc85d8e48f8eab294be644d9e25c3030863003","2","N/A","0x93707efc7cf466a272bdb66178a6e64f61ea7db6","ERC-20: SatoshiClubCoin","SATOSHI"
"0x5470f8f35e1e2c06871443267710b50db58dda68c3195018bb9de55b9dc94b5c","18806826","1756949291","2025-09-04 08:28:11","0x43222f934ea5c593a060a6d46772fdbdc2e2cff0","0x2cfc85d8e48f8eab294be644d9e25c3030863003","0.88857","$0.80","0x2cfc85d8e48f8eab294be644d9e25c3030863003","Worldcoin","WLD"
"0xd429d2da8e1f9191f7c085c17ad9841ea4f0b8550fd052f9d19ae67decf334c7","18810618","1756956875","2025-09-04 10:34:35","0xbb424256542c81a1888439fbc318a330f7b4a707","0x2cfc85d8e48f8eab294be644d9e25c3030863003","0.001210567565343773","$0.00","0x2cfc85d8e48f8eab294be644d9e25c3030863003","Worldcoin","WLD"
"0x54b778fd4c0c27241c9f5f70a8d9f21237fa7186cdd4daa427bbb83448b77a2a","18811654","1756958947","2025-09-04 11:09:07","0x4958e2c08738567f2e8058f385d9c3e5c42cceea","0x2cfc85d8e48f8eab294be644d9e25c3030863003","0.25","$0.23","0x2cfc85d8e48f8eab294be644d9e25c3030863003","Worldcoin","WLD"
"0xd71c37c215ecc51cc00fb5aabeb834c7f7f934658f1853bad49c03ebb036d0c4","18813287","1756962213","2025-09-04 12:03:33","0x43222f934ea5c593a060a6d46772fdbdc2e2cff0","0x2cfc85d8e48f8eab294be644d9e25c3030863003","0.02939","$0.03","0x2cfc85d8e48f8eab294be644d9e25c3030863003","Worldcoin","WLD"
"0xfe24afa364b1207db56472a1bea777542db667ec2f79dd338ce707fd36b19182","18828577","1756992793","2025-09-04 20:33:13","0x1e49aad2cdca9a722cf8fb5957436b0a0c99367f","0x2cfc85d8e48f8eab294be644d9e25c3030863003","0.734942","$0.66","0x2cfc85d8e48f8eab294be644d9e25c3030863003","Worldcoin","WLD"
"0xfc59ef9f873a58952a28177d649bf90ccd26a9e56cee14500001bf59944de879","18831638","1756998915","2025-09-04 22:15:15","0x8eb1537ea52fa90a5fc8db09237419f0476876ff","0x2cfc85d8e48f8eab294be644d9e25c3030863003","0.052857348782835058","$0.05","0x2cfc85d8e48f8eab294be644d9e25c3030863003","Worldcoin","WLD"
"0x78e82a144294bbf81c9d08eb90bbe3453596664d5a7439465dbd61e586208152","18832141","1756999921","2025-09-04 22:32:01","0x3140167e09d3cfb67b151c25d54fa356f644712d","0x2cfc85d8e48f8eab294be644d9e25c3030863003","200","N/A","0xfef2107257fa2744011f6d2f0bce65b33edc5f06","ERC-20: Worldcoin","WLD"
"0x96541043c5e59f51f6c7ed3f4ed011b36d6503264ad43d3b5ca9ea6ca5c09173","18836167","1757007973","2025-09-05 00:46:13","0x020477554277a153cdb223caa80c559fd66607b8","0x2cfc85d8e48f8eab294be644d9e25c3030863003","0","$0.00","0x2cfc85d8e48f8eab294be644d9e25c3030863003","Worldcoin","WLD"
"0x6c3010b9b3949838f69639413f0f3118f80e3bef52828f51e058f935009cc0a5","18837113","1757009865","2025-09-05 01:17:45","0x43222f934ea5c593a060a6d46772fdbdc2e2cff0","0x2cfc85d8e48f8eab294be644d9e25c3030863003","0.001","$0.00","0x2cfc85d8e48f8eab294be644d9e25c3030863003","Worldcoin","WLD"
"0xaa2b4396ccddde4e03a270c392ef488eb245c49073f676ac8d88ce29f82d1c46","18838450","1757012539","2025-09-05 02:02:19","0xf1c996dc6a3aac8a0a716b179f14a1552fb3ccd9","0x2cfc85d8e48f8eab294be644d9e25c3030863003","94.812379618045383722","N/A","0x3930b457e9141fdbfa8d1a9584aca8924f548c39","ERC-20: ANI","ANI"
"0xc1163d02189c7e0fe6a2cd3471c1bda4381fabb100c0328b8a6fb2310fd86e29","18838464","1757012567","2025-09-05 02:02:47","0xf1c996dc6a3aac8a0a716b179f14a1552fb3ccd9","0x2cfc85d8e48f8eab294be644d9e25c3030863003","1.004422835375869738","N/A","0x777d7605472f41ace66a0193df1e89366b2a75ec","ERC-20: Destinity Will Door","DWD"
"0x5388735ab8fb126f445d85eba0244df030b7117b0c7539714350381cd6443936","18838505","1757012649","2025-09-05 02:04:09","0xf1c996dc6a3aac8a0a716b179f14a1552fb3ccd9","0x2cfc85d8e48f8eab294be644d9e25c3030863003","2","N/A","0xd469fda5d9522a093760902e9be51e0c5d822d26","ERC-20: Human Unique Bridge","HUB"
"0x7cb390bc265ad5197fdfe51ad0426e28e39079d975c62afca7114c91615e7ded","18850705","1757037049","2025-09-05 08:50:49","0x42e92ef0020712aea59ff2ebdce85155f682db9e","0x2cfc85d8e48f8eab294be644d9e25c3030863003","294.89816864294555623","N/A","0xf9254d2d421d09442360cb3ad7bd4af08313060a","ERC-20: BRICK","BRK"
"0x41964f4ce8de4c6da9c5e253759c43b03f478e524de0a750109b1216a3307cf6","18850745","1757037129","2025-09-05 08:52:09","0x42e92ef0020712aea59ff2ebdce85155f682db9e","0x2cfc85d8e48f8eab294be644d9e25c3030863003","200","N/A","0x717ef2955c812a1dec5bc4d3f90721445bfd6839","ERC-20: Dal","DAL"
"0x7e5181c0cb901b8e3e737851236fe7073f6df2082ad2bf9ebddd15058d20cd05","18850823","1757037285","2025-09-05 08:54:45","0x42e92ef0020712aea59ff2ebdce85155f682db9e","0x2cfc85d8e48f8eab294be644d9e25c3030863003","8","N/A","0xd93f185c84e66771cafc885aaf43fa0d4ed27612","ERC-20: Ring","$RNG"
"0x7c6dd600ea659df79b0b85f4744715e47b36c98e591156612aa1a93c1c7d4e1a","18850849","1757037337","2025-09-05 08:55:37","0x42e92ef0020712aea59ff2ebdce85155f682db9e","0x2cfc85d8e48f8eab294be644d9e25c3030863003","7","N/A","0x6516160a8278420a9af7cb536279d4ef833c58ab","ERC-20: StinkyHedge","STH"
"0x86316138730b81a894821859241beb4a7cbfb6a9178162e8015b4b919ba59730","18850870","1757037379","2025-09-05 08:56:19","0x42e92ef0020712aea59ff2ebdce85155f682db9e","0x2cfc85d8e48f8eab294be644d9e25c3030863003","4","N/A","0xed614608d8239c8faeb869fa3e275498b302e58a","ERC-20: LuckyAxo","LAXO"
"0xf5ed1ce626b23cbc195ed9e6243d9dc95a278255110c8cea00946752f3180fec","18863287","1757062213","2025-09-05 15:50:13","0x0e43477e5a3081cebd334070a962aefe071aa4cb","0x2cfc85d8e48f8eab294be644d9e25c3030863003","3.2","$2.79","0x2cfc85d8e48f8eab294be644d9e25c3030863003","Worldcoin","WLD"
"0x0862e40c9c9e99d91505f63871544c15ef1e3f9ba6adf406c1f3337285a3e4eb","18864680","1757064999","2025-09-05 16:36:39","0xa9e300521482db409f1b0a49f5eb14cdcce206ff","0x2cfc85d8e48f8eab294be644d9e25c3030863003","5.726308","$5.73","0x79a02482a880bce3f13e09da970dc34db4cd24d1","USDC","USDC"
"0xb3071333d89ef4c55820525282d525f9f61449a92cb3aff4a8b31c4630627baf","18865424","1757066487","2025-09-05 17:01:27","0x42e92ef0020712aea59ff2ebdce85155f682db9e","0x2cfc85d8e48f8eab294be644d9e25c3030863003","0.000000000001000462","N/A","0x8d02f696e4fdadb845f3f07ff06de29f8792b4bf","ERC-20: NATION","NWO"
"0x43639c2dbc0d673b5bb92debff3f303a710eb3b078dba32e750e3de526c3b058","18865438","1757066515","2025-09-05 17:01:55","0x42e92ef0020712aea59ff2ebdce85155f682db9e","0x2cfc85d8e48f8eab294be644d9e25c3030863003","0.000000000000001063","N/A","0xac334e828db3bf768fd1de94cf6d44e17e68ba6d","ERC-20: Gorkhali","GKR"
"0xa8efa0d8109d2fc699069aa9c1a0432ee2cd3af79df703ea968e70e339789c8b","18865452","1757066543","2025-09-05 17:02:23","0x42e92ef0020712aea59ff2ebdce85155f682db9e","0x2cfc85d8e48f8eab294be644d9e25c3030863003","0.000000000000000062","N/A","0x094b7cf98a68c838e081f931b51d5598977cc042","ERC-20: World's New Bank","WNB"
"0x10195bab669f8399c3ff67272dedcc5a716977bf6db95540cc13343a43ba241a","18865462","1757066563","2025-09-05 17:02:43","0x42e92ef0020712aea59ff2ebdce85155f682db9e","0x2cfc85d8e48f8eab294be644d9e25c3030863003","0.000000000000001993","N/A","0xe36a6bd61636ad2b61878b3f230d6db65359983a","ERC-20: Ireland : Éire","EIRE"
"0x90f468eeae6e3deb831fdfc60b4ba9b2ca3386882b77cec2f369a323ad2855e4","18865476","1757066591","2025-09-05 17:03:11","0x42e92ef0020712aea59ff2ebdce85155f682db9e","0x2cfc85d8e48f8eab294be644d9e25c3030863003","2","N/A","0x7b03e579f8debdb8d60704baf6f5cf261e06fa0a","ERC-20: AxoloGOLD","AXOGOLD"
"0xdf90e414b973596dff3e83e4efd3db7feb93bae9df25d056fa44855a64e22679","18865498","1757066635","2025-09-05 17:03:55","0x42e92ef0020712aea59ff2ebdce85155f682db9e","0x2cfc85d8e48f8eab294be644d9e25c3030863003","0.000000001000177782","N/A","0xca5833cf652f1ba088165a9489a92b91e94034ac","ERC-20: WLDXBT","WLDXBT"
"0x7545f8b6373122a92ad8994c1183b3adb8de0cae3d496ae575a8cc88ff3f884a","18865517","1757066673","2025-09-05 17:04:33","0x42e92ef0020712aea59ff2ebdce85155f682db9e","0x2cfc85d8e48f8eab294be644d9e25c3030863003","8","N/A","0x8092511af4ecd82461e3f214cfe07261c16a7979","ERC-20: DONT BUY","$DNTB"
"0xc05e8cf5bda728da4fddf164599135e756318d6c14267f9f3f3e1e961738cd43","18865537","1757066713","2025-09-05 17:05:13","0x42e92ef0020712aea59ff2ebdce85155f682db9e","0x2cfc85d8e48f8eab294be644d9e25c3030863003","0.000000000000099483","N/A","0x503c6235260e0fb362c6a3da15e377c8d3d63845","ERC-20: KittyCash","CAT"
"0xaced9c699863ec194d698b3ef15fa96926d946a5c4d258770cd3502c9ad0ecab","18865550","1757066739","2025-09-05 17:05:39","0x42e92ef0020712aea59ff2ebdce85155f682db9e","0x2cfc85d8e48f8eab294be644d9e25c3030863003","0.000000000000000132","N/A","0x1c87f022d14d7a7eca368750bca45af3d01d4fe2","ERC-20: Runner","RUN"
"0x5d9b89db2cfacf228e87f96ec0c68de0d4510473cd3fbd7568d66b32714ae3c8","18865567","1757066773","2025-09-05 17:06:13","0x42e92ef0020712aea59ff2ebdce85155f682db9e","0x2cfc85d8e48f8eab294be644d9e25c3030863003","0.000000000000000519","N/A","0x9f43636396ca8fc888b0480199fd398c3e252233","ERC-20: UNITED","UTD"
"0x32471008778d84c93630c867009348fdb1bb108fa56431e84365ae7f395fe8f7","18865581","1757066801","2025-09-05 17:06:41","0x42e92ef0020712aea59ff2ebdce85155f682db9e","0x2cfc85d8e48f8eab294be644d9e25c3030863003","1","N/A","0x8092511af4ecd82461e3f214cfe07261c16a7979","ERC-20: DONT BUY","$DNTB"
"0xf2bfd1ec68de9b65e7a5293a2c1376b6b707c336fa96e3e41cdfc3c72cd1e724","18865593","1757066825","2025-09-05 17:07:05","0x42e92ef0020712aea59ff2ebdce85155f682db9e","0x2cfc85d8e48f8eab294be644d9e25c3030863003","1","N/A","0xa29b7a179adc80d628cc5a7c7a181920c2325762","ERC-20: President Axo","POTAS"
"0x01ad4f545c6f01e09ebf3b62deeba67d31ba7c5aada32fb4b025a8204d30441b","18865619","1757066877","2025-09-05 17:07:57","0x42e92ef0020712aea59ff2ebdce85155f682db9e","0x2cfc85d8e48f8eab294be644d9e25c3030863003","1","N/A","0x6516160a8278420a9af7cb536279d4ef833c58ab","ERC-20: StinkyHedge","STH"
"0x9235b61fa5434b49ccd8d4b5d915b6ea82cb160c01af8c2e87a1a6da4f42e906","18865633","1757066905","2025-09-05 17:08:25","0x42e92ef0020712aea59ff2ebdce85155f682db9e","0x2cfc85d8e48f8eab294be644d9e25c3030863003","1","N/A","0xd93f185c84e66771cafc885aaf43fa0d4ed27612","ERC-20: Ring","$RNG"
"0xbc1d60f20e0210636470265afdb968393c029f52d0e828891f848c182382490e","18865922","1757067483","2025-09-05 17:18:03","0x7aca7afda78884fe0a58fb8b3988b9f93f963950","0x2cfc85d8e48f8eab294be644d9e25c3030863003","10.7303","N/A","0xede54d9c024ee80c85ec0a75ed2d8774c7fbac9b","ERC-20: Drachma","WDD"
"0xd8cae0f53fb812383a25aa432c4733efd70bef86ea62081e76fb1e9ff087a650","18870717","1757077073","2025-09-05 19:57:53","0x49294a3595ccc4d539d4d126a060404c8c205063","0x2cfc85d8e48f8eab294be644d9e25c3030863003","0.233282","$0.20","0x2cfc85d8e48f8eab294be644d9e25c3030863003","Worldcoin","WLD"
"0x9c8cadc788713301f689dd847be28739df8a26948f61939441e6f5987d8febc9","18878104","1757091847","2025-09-06 00:04:07","0x40b69b6fcd72418d71750534a0e1274eb013cea9","0x2cfc85d8e48f8eab294be644d9e25c3030863003","4.25","$3.71","0x2cfc85d8e48f8eab294be644d9e25c3030863003","Worldcoin","WLD"
"0x28a3fab709f817bfcd718da39e0d163da62990b02b1ca93e043856bbf5424e5f","18889714","1757115067","2025-09-06 06:31:07","0x0000000000000000000000000000000000000000","0x2cfc85d8e48f8eab294be644d9e25c3030863003","2","N/A","0x93707efc7cf466a272bdb66178a6e64f61ea7db6","ERC-20: SatoshiClubCoin","SATOSHI"
"0x742ce6ec6a3e33855ff5808333cc2b2ee59cc0ebefd3731b561ed6352e7661d8","18911687","1757159013","2025-09-06 18:43:33","0x42e92ef0020712aea59ff2ebdce85155f682db9e","0x2cfc85d8e48f8eab294be644d9e25c3030863003","0.000001000000000001","N/A","0xed25fe396bded53c903c7c2eef4e3d0f3b401796","ERC-20: Sun","SUN"
"0xf31b21a39bbb5a1bebe5b58f9646f682c819ea62c5d97f62fb45f421cbcfb073","18916930","1757169499","2025-09-06 21:38:19","0x64680ff426a9c84cbc5f444b538ae2912c3f4d56","0x2cfc85d8e48f8eab294be644d9e25c3030863003","1.9602","N/A","0x93707efc7cf466a272bdb66178a6e64f61ea7db6","ERC-20: SatoshiClubCoin","SATOSHI"
"0x3c0c6611795be1155ba6b61e159dd4ab92644351ee567fc1e8cd8da67c7d8c9f","18921307","1757178253","2025-09-07 00:04:13","0x490e30b383a52887e63135924fa8f69e71c0f7c9","0x2cfc85d8e48f8eab294be644d9e25c3030863003","3.007369","N/A","0x2cfc85d8e48f8eab294be644d9e25c3030863003","Worldcoin","WLD"
